{"type":"Feature","properties":{},"geometry":{"type":"MultiPolygon","coordinates":[[[[28.78851,40.97179],[28.78741,40.97167],[28.78711,40.97187],[28.78694,40.97232],[28.78635,40.9722],[28.78568,40.97253],[28.78522,40.97256],[28.78481,40.97289],[28.7847,40.97318],[28.78304,40.97328],[28.78273,40.97359],[28.78288,40.97399],[28.78136,40.97441],[28.78064,40.97439],[28.78034,40.97406],[28.77978,40.97405],[28.7795,40.97427],[28.77944,40.97471],[28.77901,40.97474],[28.7787,40.97506],[28.77798,40.97527],[28.77668,40.9755],[28.77609,40.97581],[28.77586,40.97625],[28.77532,40.97657],[28.77524,40.97695],[28.77556,40.97725],[28.77595,40.9773],[28.77631,40.97714],[28.77691,40.97726],[28.77745,40.97688],[28.77745,40.97661],[28.77726,40.97639],[28.77737,40.9763],[28.77827,40.97613],[28.77914,40.97563],[28.7797,40.97564],[28.78048,40.97516],[28.78112,40.97521],[28.78116,40.97534],[28.78017,40.97568],[28.78003,40.97596],[28.78012,40.9763],[28.77898,40.97642],[28.77846,40.97631],[28.77799,40.97666],[28.77815,40.97707],[28.77886,40.97728],[28.77795,40.97758],[28.77781,40.97786],[28.77794,40.97815],[28.77862,40.97828],[28.77892,40.97808],[28.77899,40.9778],[28.7796,40.97782],[28.78011,40.97751],[28.77988,40.9779],[28.78045,40.97841],[28.78029,40.97899],[28.77973,40.97871],[28.77925,40.97879],[28.77904,40.97845],[28.77855,40.97835],[28.77816,40.97854],[28.77806,40.97883],[28.77765,40.97884],[28.77735,40.97904],[28.77659,40.97901],[28.77588,40.97963],[28.77603,40.98003],[28.77585,40.98044],[28.77641,40.98177],[28.77721,40.98206],[28.7776,40.98236],[28.77872,40.98222],[28.77902,40.98234],[28.77918,40.98349],[28.77859,40.9838],[28.7778,40.98345],[28.77742,40.98355],[28.7772,40.98385],[28.77646,40.98385],[28.77556,40.98543],[28.77498,40.98568],[28.77485,40.98605],[28.77429,40.98608],[28.77445,40.98579],[28.77433,40.98551],[28.77554,40.98415],[28.77609,40.98239],[28.77641,40.98208],[28.77632,40.98174],[28.77566,40.98155],[28.77523,40.98195],[28.77357,40.98141],[28.77276,40.98135],[28.77201,40.98148],[28.77155,40.98131],[28.77104,40.98145],[28.77098,40.98135],[28.77141,40.98126],[28.77162,40.981],[28.77135,40.98043],[28.77078,40.98016],[28.7701,40.98021],[28.76998,40.97987],[28.76953,40.97965],[28.7689,40.97978],[28.76848,40.98066],[28.76817,40.98077],[28.76777,40.9806],[28.76706,40.98108],[28.7672,40.98153],[28.76793,40.98174],[28.76719,40.98192],[28.76693,40.98225],[28.76718,40.98267],[28.76757,40.98274],[28.76793,40.98262],[28.76798,40.98279],[28.76751,40.98377],[28.76762,40.98422],[28.76788,40.98451],[28.76735,40.98475],[28.76687,40.98484],[28.76646,40.98433],[28.76698,40.98402],[28.76712,40.9837],[28.76673,40.98281],[28.76679,40.98225],[28.76649,40.98197],[28.76656,40.9816],[28.76617,40.9813],[28.76565,40.98128],[28.76524,40.98151],[28.76477,40.98154],[28.76396,40.98124],[28.76342,40.98072],[28.76189,40.9803],[28.76113,40.9805],[28.76087,40.9808],[28.76044,40.98068],[28.76006,40.98078],[28.75984,40.98113],[28.7593,40.98145],[28.75932,40.98175],[28.75954,40.98196],[28.75916,40.98222],[28.75846,40.98212],[28.7581,40.98245],[28.75815,40.98275],[28.75839,40.98294],[28.75929,40.98322],[28.7598,40.98315],[28.75982,40.98342],[28.76009,40.98365],[28.76132,40.98383],[28.76225,40.98431],[28.76319,40.98449],[28.76382,40.98485],[28.76591,40.98544],[28.76573,40.98644],[28.76533,40.98677],[28.76549,40.98718],[28.76654,40.98739],[28.76732,40.98811],[28.76772,40.98813],[28.76804,40.98795],[28.76856,40.98819],[28.76914,40.9881],[28.76971,40.98844],[28.76982,40.98973],[28.76872,40.98995],[28.76825,40.99046],[28.76609,40.99148],[28.76556,40.99152],[28.76531,40.9918],[28.76538,40.99213],[28.76485,40.99217],[28.76458,40.99255],[28.76494,40.99297],[28.76611,40.99302],[28.76641,40.99271],[28.76621,40.99227],[28.76647,40.99182],[28.76802,40.99105],[28.7679,40.99132],[28.76799,40.99157],[28.76864,40.99176],[28.76902,40.99213],[28.76858,40.9928],[28.7681,40.99308],[28.76802,40.99347],[28.76741,40.99327],[28.76697,40.99337],[28.76643,40.99309],[28.76585,40.9934],[28.76586,40.99371],[28.76611,40.99393],[28.76584,40.99418],[28.76587,40.99453],[28.76617,40.99473],[28.76677,40.99468],[28.76683,40.99481],[28.76623,40.99522],[28.7663,40.99566],[28.76589,40.99639],[28.76555,40.99664],[28.76551,40.9969],[28.76591,40.99724],[28.76658,40.99707],[28.76712,40.99729],[28.76723,40.99767],[28.76707,40.99793],[28.76722,40.99827],[28.76712,40.99856],[28.76729,40.99884],[28.76669,40.99863],[28.76625,40.99872],[28.76604,40.99898],[28.76608,40.99925],[28.76574,40.99943],[28.76565,40.99977],[28.76601,41.00036],[28.76704,41.00099],[28.76693,41.00129],[28.76709,41.00162],[28.76895,41.00255],[28.7694,41.00323],[28.77026,41.00379],[28.77014,41.00415],[28.7703,41.00443],[28.77066,41.00456],[28.77109,41.00447],[28.77163,41.00494],[28.77252,41.00532],[28.77277,41.00568],[28.77246,41.00607],[28.77281,41.00649],[28.77269,41.00702],[28.77232,41.00718],[28.77218,41.00746],[28.77261,41.0081],[28.77225,41.00833],[28.77219,41.00863],[28.77239,41.00889],[28.77273,41.00899],[28.77267,41.00936],[28.7719,41.00945],[28.77154,41.00978],[28.77105,41.00972],[28.77069,41.00994],[28.77072,41.0104],[28.77131,41.0106],[28.7716,41.01087],[28.77157,41.01103],[28.77025,41.01131],[28.76994,41.01106],[28.76954,41.01104],[28.76921,41.01122],[28.76911,41.01152],[28.76853,41.01149],[28.76815,41.01168],[28.76805,41.01197],[28.76817,41.01221],[28.76851,41.01237],[28.7689,41.01233],[28.7686,41.01261],[28.76861,41.01299],[28.76821,41.01318],[28.7671,41.01467],[28.76695,41.0157],[28.76715,41.01659],[28.76696,41.01696],[28.76729,41.01777],[28.76689,41.01754],[28.76607,41.01755],[28.7657,41.01767],[28.76553,41.01795],[28.76559,41.01905],[28.76608,41.01939],[28.76656,41.01948],[28.76654,41.01984],[28.76687,41.02009],[28.76662,41.02049],[28.76709,41.02145],[28.76672,41.022],[28.76715,41.0224],[28.76717,41.02448],[28.76703,41.02481],[28.76718,41.02508],[28.76748,41.02841],[28.76741,41.02874],[28.76695,41.02876],[28.76665,41.02896],[28.76551,41.0288],[28.76524,41.02902],[28.7652,41.02928],[28.76572,41.02964],[28.76636,41.02942],[28.76617,41.0297],[28.76626,41.03],[28.76663,41.03019],[28.76712,41.03011],[28.76766,41.03099],[28.76792,41.03116],[28.76838,41.03117],[28.76874,41.03084],[28.76934,41.03073],[28.7695,41.03029],[28.77011,41.03006],[28.77016,41.0297],[28.77057,41.02941],[28.77053,41.02907],[28.77126,41.02888],[28.7715,41.02863],[28.77149,41.02833],[28.77117,41.02808],[28.76996,41.02807],[28.76992,41.02763],[28.76936,41.02743],[28.76959,41.02714],[28.77025,41.02688],[28.77037,41.02723],[28.77077,41.02739],[28.77136,41.02716],[28.7723,41.02727],[28.77342,41.02695],[28.77417,41.0272],[28.77456,41.02716],[28.77488,41.02681],[28.77472,41.02645],[28.77493,41.02606],[28.77465,41.02537],[28.77491,41.02502],[28.77579,41.02477],[28.77612,41.02412],[28.77715,41.02416],[28.77756,41.02394],[28.77759,41.02355],[28.77711,41.02311],[28.77703,41.02277],[28.77652,41.02257],[28.77553,41.02131],[28.77849,41.02138],[28.77902,41.02103],[28.7789,41.02065],[28.77839,41.02048],[28.77754,41.0209],[28.77515,41.02084],[28.77337,41.02127],[28.7732,41.02099],[28.77407,41.01849],[28.77509,41.01777],[28.77523,41.01744],[28.77498,41.01711],[28.77413,41.01687],[28.77327,41.01602],[28.77334,41.01568],[28.77368,41.01548],[28.77377,41.01522],[28.77244,41.0136],[28.77274,41.01344],[28.77292,41.01377],[28.77328,41.01391],[28.77387,41.01368],[28.77396,41.01428],[28.77448,41.01453],[28.77536,41.01409],[28.77593,41.01443],[28.77638,41.01443],[28.77671,41.01419],[28.77676,41.01382],[28.77716,41.01405],[28.7777,41.01393],[28.77786,41.01339],[28.77858,41.01385],[28.77919,41.01379],[28.77939,41.01331],[28.77894,41.01299],[28.77948,41.01282],[28.77962,41.01233],[28.78013,41.01219],[28.78034,41.01194],[28.78022,41.01156],[28.77977,41.01139],[28.77993,41.0112],[28.78146,41.0111],[28.7818,41.01095],[28.78193,41.01058],[28.78154,41.01023],[28.78152,41.00965],[28.78258,41.00972],[28.78299,41.00956],[28.78306,41.00906],[28.78277,41.00885],[28.78234,41.00884],[28.78239,41.00869],[28.78369,41.00862],[28.78403,41.00847],[28.78417,41.00814],[28.78396,41.00783],[28.78456,41.00644],[28.78532,41.00634],[28.78559,41.00597],[28.78546,41.00568],[28.78512,41.00552],[28.78504,41.00506],[28.78452,41.0049],[28.78353,41.00381],[28.78384,41.00354],[28.78378,41.00316],[28.78322,41.00296],[28.78286,41.00256],[28.78387,41.00175],[28.78389,41.00145],[28.78366,41.00121],[28.78321,41.00113],[28.78245,41.00141],[28.78207,41.00126],[28.7817,41.00132],[28.7815,41.00108],[28.78113,41.00097],[28.77995,41.00127],[28.7788,41.00129],[28.77825,41.00038],[28.77832,40.99995],[28.77783,40.99967],[28.77725,40.99989],[28.77671,40.99981],[28.77635,41.00002],[28.77581,40.99994],[28.77542,41.00021],[28.77504,41.00006],[28.77431,41.00014],[28.77378,40.9993],[28.77412,40.99895],[28.77391,40.99855],[28.77315,40.99845],[28.77266,40.99863],[28.77213,40.99856],[28.7718,40.99874],[28.77147,40.99862],[28.77126,40.99825],[28.7714,40.99797],[28.77127,40.99768],[28.77081,40.99751],[28.77038,40.99765],[28.76996,40.99736],[28.77006,40.99722],[28.77134,40.9972],[28.77176,40.99697],[28.77338,40.99693],[28.77366,40.99721],[28.77338,40.99763],[28.77344,40.99793],[28.77373,40.99813],[28.77413,40.99815],[28.77455,40.99777],[28.77425,40.99721],[28.7744,40.99711],[28.77492,40.99729],[28.77527,40.99717],[28.77576,40.99738],[28.77647,40.9972],[28.77674,40.99679],[28.77637,40.9964],[28.77794,40.99531],[28.77838,40.99565],[28.7784,40.99593],[28.77862,40.99613],[28.77906,40.99621],[28.77943,40.99603],[28.77969,40.99636],[28.78019,40.99642],[28.78051,40.99625],[28.78062,40.99595],[28.78045,40.99568],[28.7801,40.99554],[28.78002,40.99528],[28.7805,40.99545],[28.78092,40.99532],[28.78107,40.99485],[28.78136,40.99459],[28.78133,40.99426],[28.78161,40.99402],[28.78271,40.9939],[28.78324,40.99408],[28.78371,40.99391],[28.78367,40.99418],[28.78384,40.99443],[28.78364,40.99502],[28.78382,40.99532],[28.78343,40.99568],[28.78288,40.99583],[28.78278,40.99629],[28.78342,40.99678],[28.78524,40.99729],[28.78512,40.99755],[28.78472,40.99777],[28.78466,40.99807],[28.78491,40.99836],[28.78549,40.99855],[28.78545,40.99887],[28.7859,40.99957],[28.78671,40.99962],[28.78715,41.00015],[28.78749,41.00031],[28.78794,41.00024],[28.78821,40.99992],[28.78803,41.00037],[28.78809,41.00063],[28.78867,41.00115],[28.78922,41.00128],[28.78904,41.00174],[28.78861,41.00205],[28.78871,41.00246],[28.78943,41.0027],[28.79007,41.00261],[28.78983,41.00292],[28.78995,41.00325],[28.79113,41.00359],[28.79064,41.00403],[28.79073,41.00433],[28.79099,41.00449],[28.79221,41.00457],[28.79252,41.00427],[28.79239,41.00388],[28.7939,41.00422],[28.79465,41.0046],[28.79484,41.00481],[28.79467,41.00512],[28.7948,41.00541],[28.79549,41.00554],[28.79602,41.00585],[28.79519,41.00701],[28.79521,41.00731],[28.79542,41.00751],[28.79608,41.00752],[28.79641,41.00717],[28.79743,41.00678],[28.7976,41.00649],[28.79785,41.00659],[28.79754,41.00699],[28.79755,41.00729],[28.79838,41.00783],[28.79897,41.0076],[28.79901,41.00725],[28.79938,41.00692],[28.79928,41.00656],[28.80084,41.0062],[28.80098,41.00588],[28.80073,41.00552],[28.80127,41.00566],[28.80165,41.00547],[28.80176,41.00517],[28.80226,41.00539],[28.80302,41.00514],[28.80383,41.00424],[28.80413,41.00456],[28.80469,41.00456],[28.80565,41.0035],[28.80655,41.00378],[28.80703,41.00366],[28.80763,41.00288],[28.80741,41.00232],[28.80762,41.0021],[28.80763,41.00184],[28.80729,41.00155],[28.80653,41.0016],[28.80618,41.00134],[28.80671,41.00106],[28.80733,41.00114],[28.80767,41.00088],[28.80836,41.00072],[28.80894,41.00077],[28.8093,41.00045],[28.80927,41.00019],[28.80898,40.99991],[28.80791,40.99973],[28.80753,40.99983],[28.80732,41.00008],[28.80617,41.00027],[28.80561,41.00031],[28.80512,41.0001],[28.80461,41.00031],[28.80354,41.00019],[28.8018,40.99978],[28.80051,40.99923],[28.8004,40.99891],[28.80129,40.99949],[28.80261,40.99954],[28.80299,40.99936],[28.80314,40.9989],[28.80276,40.99832],[28.80242,40.99817],[28.80187,40.99829],[28.80119,40.99808],[28.80087,40.99826],[28.80076,40.99855],[28.80044,40.99836],[28.80021,40.9981],[28.80013,40.99704],[28.79928,40.9956],[28.79899,40.9954],[28.79856,40.9954],[28.7981,40.99586],[28.79775,40.99571],[28.79786,40.99523],[28.79765,40.99493],[28.79805,40.99451],[28.79796,40.99411],[28.79829,40.99351],[28.79808,40.99306],[28.79814,40.9928],[28.79852,40.99248],[28.79831,40.99203],[28.79838,40.99171],[28.79876,40.99138],[28.79855,40.99095],[28.79862,40.99066],[28.79899,40.99033],[28.79879,40.98982],[28.79898,40.98973],[28.79967,40.98989],[28.79962,40.99036],[28.8002,40.9906],[28.8007,40.99033],[28.80083,40.98962],[28.8004,40.98935],[28.79987,40.98946],[28.79919,40.98931],[28.79906,40.98902],[28.79932,40.98877],[28.79928,40.98843],[28.79893,40.98821],[28.79819,40.98816],[28.79788,40.98769],[28.79791,40.98723],[28.79745,40.98699],[28.79715,40.98654],[28.79638,40.98653],[28.79592,40.98684],[28.79521,40.98567],[28.79557,40.98537],[28.79597,40.98546],[28.79637,40.9853],[28.79651,40.98497],[28.7963,40.98467],[28.7957,40.98459],[28.79533,40.98496],[28.79451,40.98499],[28.79414,40.98535],[28.79387,40.98536],[28.79358,40.98484],[28.79497,40.98435],[28.79563,40.98436],[28.79588,40.98412],[28.79586,40.98382],[28.79488,40.9824],[28.79422,40.98244],[28.79401,40.9827],[28.79405,40.98298],[28.79379,40.983],[28.79378,40.98269],[28.79319,40.98198],[28.79262,40.98059],[28.79201,40.9804],[28.7915,40.98074],[28.79165,40.98026],[28.7912,40.97976],[28.79136,40.97959],[28.79193,40.97956],[28.79225,40.97924],[28.79275,40.98017],[28.79263,40.98053],[28.79287,40.98082],[28.79298,40.98135],[28.79349,40.98162],[28.79432,40.9816],[28.79464,40.98125],[28.79454,40.98059],[28.79491,40.98034],[28.79492,40.98],[28.79522,40.97976],[28.79527,40.97936],[28.79596,40.97919],[28.79622,40.97891],[28.79617,40.97861],[28.79587,40.9784],[28.79488,40.97844],[28.7951,40.97787],[28.7947,40.97752],[28.79456,40.97709],[28.79474,40.97687],[28.79565,40.97666],[28.79616,40.97677],[28.79651,40.97662],[28.79661,40.97617],[28.79607,40.97569],[28.79719,40.97549],[28.79756,40.97573],[28.79741,40.97619],[28.79798,40.97676],[28.79839,40.97689],[28.79877,40.97679],[28.799,40.97645],[28.79875,40.97574],[28.79974,40.97524],[28.80025,40.97414],[28.80007,40.97354],[28.80023,40.97335],[28.80046,40.97343],[28.80081,40.97442],[28.80068,40.97491],[28.80111,40.97518],[28.80151,40.97514],[28.80178,40.97493],[28.80215,40.97529],[28.80284,40.97525],[28.80329,40.97542],[28.80372,40.97529],[28.80389,40.97493],[28.80355,40.97456],[28.80356,40.97348],[28.80439,40.97397],[28.80469,40.97436],[28.80515,40.9744],[28.80547,40.97422],[28.80567,40.9733],[28.80548,40.97272],[28.8052,40.97249],[28.80531,40.97197],[28.80516,40.97171],[28.80504,40.9701],[28.8053,40.96964],[28.8049,40.9693],[28.8043,40.9694],[28.80412,40.96976],[28.80438,40.9701],[28.80435,40.9703],[28.80401,40.97054],[28.80374,40.96972],[28.80385,40.9693],[28.80365,40.96887],[28.80331,40.96868],[28.80367,40.96818],[28.80358,40.96788],[28.80326,40.9677],[28.80346,40.96696],[28.8031,40.96662],[28.80378,40.96657],[28.80399,40.96613],[28.80359,40.96579],[28.80292,40.96586],[28.80308,40.96571],[28.80383,40.96562],[28.80403,40.96506],[28.80436,40.96498],[28.80489,40.96523],[28.80531,40.9651],[28.80546,40.96465],[28.80501,40.96434],[28.80616,40.96424],[28.80668,40.96442],[28.80717,40.96415],[28.80786,40.96432],[28.8083,40.96423],[28.80851,40.96379],[28.80827,40.9635],[28.80784,40.96343],[28.80804,40.96295],[28.80798,40.9627],[28.80758,40.96246],[28.80701,40.9626],[28.80666,40.96248],[28.80679,40.9621],[28.80711,40.96183],[28.8071,40.96153],[28.80678,40.96128],[28.80586,40.96112],[28.80542,40.96132],[28.80535,40.96172],[28.80464,40.96238],[28.80445,40.9623],[28.80432,40.96182],[28.80373,40.9617],[28.80331,40.9621],[28.79874,40.9636],[28.79815,40.96411],[28.7977,40.96427],[28.79757,40.96465],[28.79656,40.9654],[28.796,40.96555],[28.79588,40.96595],[28.79439,40.96719],[28.7935,40.96817],[28.79218,40.96864],[28.79172,40.96922],[28.79109,40.96932],[28.79091,40.96967],[28.79043,40.96992],[28.78995,40.97075],[28.78889,40.97111],[28.78851,40.97179]],[[28.76909,41.01377],[28.76927,41.0133],[28.76964,41.0132],[28.76986,41.0128],[28.77026,41.01269],[28.77111,41.01266],[28.77168,41.0131],[28.77181,41.01345],[28.77117,41.01336],[28.77026,41.01353],[28.76949,41.01396],[28.76928,41.01513],[28.76903,41.01532],[28.76915,41.01481],[28.76901,41.01452],[28.76909,41.01377]],[[28.7791,40.99449],[28.77924,40.99424],[28.78036,40.99415],[28.78023,40.9946],[28.77972,40.99486],[28.77925,40.99469],[28.7791,40.99449]],[[28.78186,40.97876],[28.78224,40.97859],[28.78252,40.97885],[28.7825,40.97913],[28.78273,40.97937],[28.78245,40.97959],[28.78216,40.97945],[28.78186,40.97876]],[[28.78369,40.97903],[28.7835,40.97869],[28.78297,40.97856],[28.78267,40.97828],[28.78253,40.97784],[28.78211,40.9777],[28.7822,40.97739],[28.78209,40.97716],[28.78268,40.97618],[28.78251,40.97558],[28.78326,40.97467],[28.78394,40.97447],[28.7841,40.97486],[28.78457,40.97506],[28.78462,40.97541],[28.78521,40.97595],[28.78479,40.97609],[28.78457,40.97637],[28.78416,40.97638],[28.78386,40.97658],[28.78381,40.97692],[28.78405,40.97717],[28.78395,40.97755],[28.78357,40.97788],[28.78369,40.97826],[28.78409,40.97842],[28.78451,40.97834],[28.78534,40.97888],[28.78634,40.97908],[28.78658,40.97952],[28.78692,40.97968],[28.78737,40.97962],[28.78764,40.97925],[28.78802,40.9791],[28.78832,40.97917],[28.78876,40.97977],[28.78874,40.98021],[28.78909,40.98044],[28.78959,40.98039],[28.78986,40.98004],[28.79048,40.9798],[28.79066,40.98002],[28.7905,40.98047],[28.79092,40.98084],[28.79048,40.98109],[28.79034,40.98137],[28.78959,40.98144],[28.78926,40.9819],[28.78752,40.98259],[28.78751,40.98179],[28.78718,40.98108],[28.78834,40.98085],[28.78852,40.98058],[28.78839,40.98025],[28.78776,40.98009],[28.78734,40.98051],[28.7869,40.98069],[28.78656,40.98062],[28.78616,40.97993],[28.7861,40.97954],[28.78545,40.97935],[28.78502,40.97885],[28.78446,40.97881],[28.7841,40.97913],[28.78369,40.97903]],[[28.76822,40.99761],[28.76827,40.99773],[28.76813,40.9977],[28.76822,40.99761]],[[28.76931,40.99751],[28.76929,40.99758],[28.76926,40.99763],[28.76931,40.99751]]],[[[28.73875,40.98424],[28.73939,40.98438],[28.74039,40.9842],[28.7407,40.98398],[28.74115,40.98406],[28.74227,40.98371],[28.74302,40.98369],[28.74343,40.98337],[28.74398,40.98326],[28.74456,40.98338],[28.74497,40.98306],[28.7456,40.9831],[28.7459,40.98279],[28.74711,40.98229],[28.74779,40.98232],[28.7484,40.98215],[28.74872,40.98254],[28.74958,40.98265],[28.75002,40.98246],[28.75012,40.98211],[28.75063,40.98242],[28.75225,40.98248],[28.75257,40.98225],[28.75259,40.98198],[28.75236,40.98159],[28.75184,40.98131],[28.75198,40.9809],[28.75504,40.98194],[28.75578,40.98243],[28.75629,40.98246],[28.75698,40.98284],[28.75753,40.98277],[28.75775,40.98238],[28.75745,40.98202],[28.75687,40.98202],[28.75707,40.98154],[28.7569,40.98122],[28.75642,40.98109],[28.756,40.98126],[28.75584,40.98092],[28.7551,40.98032],[28.75341,40.98041],[28.75298,40.98004],[28.75252,40.98],[28.75257,40.97955],[28.75205,40.97913],[28.7521,40.97872],[28.75122,40.97732],[28.75085,40.97722],[28.75043,40.97731],[28.75015,40.97681],[28.74884,40.97627],[28.74854,40.97592],[28.74795,40.97574],[28.74755,40.97581],[28.74697,40.97544],[28.74651,40.97543],[28.74649,40.97513],[28.74623,40.9749],[28.74578,40.97487],[28.74533,40.97509],[28.74475,40.97477],[28.74487,40.97448],[28.74473,40.97414],[28.74392,40.97385],[28.74355,40.97299],[28.74371,40.9726],[28.74325,40.9716],[28.74277,40.97113],[28.7423,40.97102],[28.74205,40.97075],[28.74203,40.97038],[28.74173,40.97017],[28.74123,40.97019],[28.74093,40.97045],[28.74055,40.97034],[28.74017,40.97044],[28.73995,40.97085],[28.73958,40.97097],[28.73928,40.97133],[28.73863,40.97152],[28.73849,40.97176],[28.73856,40.97201],[28.73778,40.97252],[28.73585,40.97251],[28.73561,40.97275],[28.7356,40.97321],[28.73529,40.97272],[28.73495,40.97256],[28.7345,40.97262],[28.73405,40.97299],[28.73411,40.97252],[28.73372,40.97221],[28.73327,40.97224],[28.73279,40.97259],[28.73272,40.97167],[28.73228,40.97135],[28.73164,40.97156],[28.73104,40.97155],[28.73059,40.97133],[28.73011,40.97146],[28.72957,40.972],[28.7297,40.97233],[28.73016,40.97254],[28.73005,40.97306],[28.72978,40.97322],[28.72949,40.97301],[28.7289,40.97293],[28.72921,40.97254],[28.7289,40.97214],[28.72759,40.97228],[28.72725,40.97206],[28.72685,40.97207],[28.72649,40.9724],[28.72648,40.97286],[28.72665,40.9731],[28.72654,40.9732],[28.72528,40.97272],[28.72484,40.97292],[28.72474,40.97317],[28.72483,40.97342],[28.72462,40.9735],[28.72367,40.97315],[28.72312,40.97334],[28.72301,40.97363],[28.72329,40.97397],[28.72317,40.97423],[28.72331,40.97476],[28.72268,40.9749],[28.72254,40.97522],[28.72278,40.97555],[28.7223,40.97548],[28.72194,40.97561],[28.72176,40.97588],[28.72184,40.97615],[28.72136,40.9765],[28.72172,40.97753],[28.72154,40.97773],[28.72071,40.97753],[28.72025,40.97769],[28.72006,40.978],[28.7201,40.97837],[28.72045,40.97859],[28.72094,40.97856],[28.72099,40.9787],[28.72065,40.97889],[28.72025,40.97877],[28.71983,40.9789],[28.71965,40.97921],[28.71988,40.97957],[28.71984,40.97982],[28.7192,40.97995],[28.71891,40.98021],[28.71914,40.98109],[28.71977,40.98128],[28.72004,40.98159],[28.71947,40.98186],[28.71957,40.98252],[28.72009,40.98276],[28.7211,40.98252],[28.72117,40.98271],[28.72099,40.98302],[28.72112,40.98331],[28.72224,40.98368],[28.72178,40.98401],[28.72099,40.98381],[28.72089,40.98351],[28.72099,40.98311],[28.7206,40.9828],[28.71864,40.98314],[28.71838,40.98248],[28.71777,40.98232],[28.71739,40.98202],[28.71688,40.98207],[28.7165,40.98248],[28.7154,40.98241],[28.71503,40.98217],[28.71424,40.98213],[28.71465,40.98168],[28.71446,40.98107],[28.71316,40.98072],[28.71276,40.98102],[28.71284,40.9814],[28.71212,40.98191],[28.71173,40.9817],[28.71128,40.98176],[28.71104,40.982],[28.71114,40.98241],[28.71102,40.9825],[28.70969,40.98241],[28.70923,40.98291],[28.7085,40.98323],[28.70836,40.98364],[28.70793,40.98364],[28.7075,40.98387],[28.70738,40.98434],[28.70688,40.98446],[28.70617,40.98388],[28.70563,40.98399],[28.7055,40.98448],[28.70627,40.98533],[28.70591,40.98553],[28.70536,40.98557],[28.70509,40.98594],[28.70573,40.98668],[28.70508,40.98677],[28.70486,40.98718],[28.70376,40.9878],[28.70232,40.98635],[28.70194,40.98625],[28.70152,40.98637],[28.70134,40.98669],[28.70151,40.9873],[28.70208,40.98754],[28.7029,40.98832],[28.70178,40.98897],[28.70235,40.98822],[28.70214,40.98791],[28.70165,40.98781],[28.7008,40.98823],[28.70055,40.98867],[28.6999,40.98876],[28.69973,40.98916],[28.70008,40.98949],[28.70064,40.98946],[28.70091,40.98904],[28.70113,40.98914],[28.70103,40.98946],[28.70056,40.98976],[28.70043,40.99013],[28.70014,40.99032],[28.69982,40.9903],[28.69904,40.98962],[28.69892,40.98922],[28.69915,40.98875],[28.69898,40.98838],[28.69842,40.98819],[28.69796,40.98835],[28.6977,40.98868],[28.69769,40.98928],[28.69814,40.98989],[28.69827,40.9915],[28.69794,40.99116],[28.6975,40.99109],[28.69675,40.99149],[28.69657,40.9918],[28.6967,40.99209],[28.69706,40.99225],[28.6972,40.99268],[28.69782,40.9928],[28.6981,40.99302],[28.69788,40.99346],[28.69854,40.99457],[28.6978,40.99446],[28.69743,40.99488],[28.69759,40.9952],[28.69823,40.99551],[28.69817,40.99572],[28.69723,40.99597],[28.69699,40.99638],[28.69668,40.99634],[28.69603,40.99538],[28.69614,40.99508],[28.69598,40.9948],[28.69533,40.9947],[28.69496,40.99506],[28.69505,40.99536],[28.69548,40.99556],[28.6962,40.99661],[28.69625,40.99703],[28.69683,40.99723],[28.69694,40.99769],[28.69756,40.9982],[28.69698,40.99807],[28.69613,40.99832],[28.69603,40.99878],[28.69655,40.99906],[28.69602,40.99945],[28.69558,40.99924],[28.69478,40.99938],[28.69453,40.99908],[28.69408,40.99901],[28.69424,40.9982],[28.69354,40.99769],[28.69181,40.9978],[28.69145,40.9982],[28.69039,40.99772],[28.689,40.99791],[28.68861,40.9976],[28.68772,40.99761],[28.68759,40.99729],[28.68793,40.99711],[28.68802,40.99678],[28.68751,40.99641],[28.68695,40.9966],[28.68685,40.9969],[28.68699,40.99726],[28.68664,40.99745],[28.68501,40.9975],[28.68459,40.99863],[28.68433,40.9987],[28.68404,40.99837],[28.68437,40.99742],[28.6847,40.99724],[28.68481,40.99695],[28.68455,40.99661],[28.684,40.99657],[28.68363,40.99689],[28.6838,40.9973],[28.68346,40.99826],[28.68312,40.99836],[28.68291,40.99863],[28.68193,40.9982],[28.68109,40.99827],[28.68064,40.99796],[28.67999,40.99818],[28.67993,40.99848],[28.6801,40.99872],[28.67941,41.00069],[28.67899,41.00103],[28.67915,41.00145],[28.67874,41.00265],[28.67831,41.00299],[28.67848,41.00341],[28.67838,41.0038],[28.67867,41.00406],[28.67803,41.00371],[28.67791,41.00334],[28.67806,41.00296],[28.67765,41.00232],[28.67789,41.00182],[28.67756,41.00146],[28.67756,41.00072],[28.67784,41.00047],[28.67782,41.00016],[28.67756,40.99994],[28.67711,40.9999],[28.67678,41.00007],[28.67664,41.00045],[28.67656,41.0],[28.67679,40.99965],[28.67658,40.9993],[28.67695,40.99805],[28.67729,40.99784],[28.67734,40.9975],[28.67701,40.99721],[28.6761,40.99707],[28.67571,40.99713],[28.67547,40.99738],[28.67564,40.99785],[28.67538,40.99885],[28.67507,40.99868],[28.67459,40.99872],[28.67325,40.99842],[28.67313,40.99811],[28.67335,40.99791],[28.67338,40.9976],[28.67314,40.99736],[28.67276,40.99728],[28.67229,40.99751],[28.67234,40.99801],[28.67215,40.99816],[28.67165,40.99815],[28.6712,40.99793],[28.67072,40.99805],[28.67054,40.99837],[28.67075,40.99925],[28.67033,40.99915],[28.66997,40.99927],[28.6696,40.99912],[28.6692,40.9992],[28.66927,40.99898],[28.66978,40.99882],[28.67001,40.9984],[28.66968,40.99751],[28.66931,40.9974],[28.66873,40.9975],[28.66847,40.99778],[28.66848,40.99831],[28.66796,40.99831],[28.66768,40.99807],[28.66766,40.99781],[28.66793,40.99744],[28.66772,40.99709],[28.66735,40.99699],[28.66674,40.99711],[28.6664,40.9969],[28.66595,40.99693],[28.66563,40.99732],[28.66595,40.99773],[28.66597,40.99811],[28.6657,40.99852],[28.66602,40.99906],[28.66582,40.99922],[28.66533,40.99923],[28.66513,40.99899],[28.66476,40.99888],[28.66423,40.99911],[28.66371,40.99912],[28.66321,40.9989],[28.66275,40.99906],[28.66261,40.99939],[28.66292,40.99975],[28.66298,41.00101],[28.66277,41.00119],[28.66223,41.00122],[28.66174,41.00101],[28.66124,41.00121],[28.66102,41.00182],[28.66121,41.0022],[28.66113,41.00248],[28.66071,41.00286],[28.66082,41.00332],[28.66057,41.00308],[28.6606,41.00236],[28.66088,41.0021],[28.66084,41.00176],[28.66032,41.00151],[28.65981,41.00173],[28.65949,41.00103],[28.65888,41.00067],[28.65797,41.00087],[28.65769,41.00124],[28.65786,41.00156],[28.65867,41.00205],[28.65852,41.00255],[28.65894,41.0029],[28.65899,41.00313],[28.65881,41.00338],[28.65861,41.0031],[28.65825,41.00299],[28.65811,41.00277],[28.65816,41.00236],[28.65776,41.00209],[28.65784,41.00166],[28.65736,41.0013],[28.65685,41.00128],[28.65647,41.0016],[28.6561,41.00146],[28.65568,41.00155],[28.65469,41.00141],[28.65391,41.00083],[28.65341,41.00091],[28.65316,41.00125],[28.65283,41.00098],[28.65238,41.00097],[28.65151,41.00174],[28.65108,41.00193],[28.65102,41.00235],[28.65022,41.0028],[28.65027,41.00322],[28.65084,41.0036],[28.65061,41.00389],[28.65003,41.00391],[28.65002,41.00359],[28.64974,41.00329],[28.64915,41.00318],[28.64874,41.00339],[28.6486,41.00372],[28.64882,41.00411],[28.6493,41.00442],[28.64895,41.00457],[28.64774,41.00445],[28.64735,41.00464],[28.64729,41.00506],[28.6477,41.00533],[28.64726,41.00601],[28.64728,41.00633],[28.647,41.00659],[28.64705,41.00695],[28.64672,41.00716],[28.64593,41.00696],[28.64548,41.00711],[28.64509,41.00699],[28.64312,41.00711],[28.6428,41.0075],[28.64306,41.00789],[28.64303,41.00853],[28.6427,41.00895],[28.64202,41.00905],[28.64153,41.00937],[28.64127,41.00932],[28.64119,41.00876],[28.64079,41.00829],[28.6409,41.00804],[28.64077,41.00775],[28.64003,41.00744],[28.63951,41.0076],[28.63941,41.00805],[28.64004,41.00851],[28.63965,41.00892],[28.63886,41.00901],[28.6387,41.00946],[28.63894,41.0097],[28.63932,41.00978],[28.63969,41.00966],[28.63987,41.00935],[28.64017,41.00938],[28.64012,41.00971],[28.64058,41.0107],[28.64093,41.01092],[28.64097,41.01135],[28.6406,41.01135],[28.64036,41.01097],[28.64042,41.01056],[28.63999,41.01028],[28.6396,41.01032],[28.63931,41.01056],[28.63888,41.01037],[28.63839,41.0105],[28.63796,41.0104],[28.63744,41.01073],[28.63723,41.01065],[28.63708,41.01037],[28.63723,41.01019],[28.63782,41.01026],[28.63819,41.00989],[28.63807,41.00956],[28.6375,41.00927],[28.6378,41.00889],[28.63749,41.00849],[28.63704,41.00841],[28.63664,41.00857],[28.6365,41.0089],[28.63668,41.00918],[28.63644,41.00952],[28.63624,41.00924],[28.63642,41.00883],[28.63622,41.00856],[28.63573,41.00846],[28.63523,41.00867],[28.63496,41.00907],[28.63516,41.00946],[28.63489,41.00968],[28.63485,41.00994],[28.63518,41.01056],[28.6356,41.01073],[28.63566,41.01102],[28.63486,41.0118],[28.63456,41.01251],[28.63412,41.0122],[28.63367,41.01216],[28.63334,41.01234],[28.63316,41.01274],[28.63241,41.01304],[28.63243,41.01351],[28.6331,41.01389],[28.63237,41.01487],[28.6324,41.01534],[28.63201,41.01559],[28.63185,41.01489],[28.63071,41.01479],[28.63051,41.0145],[28.6299,41.0143],[28.62983,41.01385],[28.62949,41.01363],[28.62888,41.01368],[28.62842,41.01421],[28.62712,41.01428],[28.62628,41.0135],[28.62553,41.01352],[28.62519,41.01372],[28.62452,41.0135],[28.62408,41.01369],[28.62399,41.01411],[28.62434,41.01449],[28.62495,41.01443],[28.62456,41.01537],[28.62481,41.01586],[28.62511,41.01604],[28.6252,41.01638],[28.62491,41.01657],[28.62429,41.01635],[28.62387,41.01644],[28.62391,41.01605],[28.62354,41.01578],[28.62314,41.01579],[28.6228,41.01602],[28.62291,41.01563],[28.62254,41.01533],[28.62203,41.01536],[28.62066,41.01618],[28.62045,41.01587],[28.62091,41.01553],[28.62081,41.01512],[28.62027,41.01487],[28.61975,41.01493],[28.61929,41.01476],[28.61883,41.01492],[28.61869,41.01524],[28.61767,41.01616],[28.61724,41.01609],[28.61678,41.0163],[28.6166,41.01666],[28.61681,41.01696],[28.61833,41.01706],[28.61879,41.01734],[28.61962,41.01822],[28.6191,41.01847],[28.61873,41.01911],[28.61904,41.01946],[28.6189,41.01995],[28.61921,41.0202],[28.61941,41.02094],[28.61978,41.02116],[28.61987,41.02139],[28.61934,41.02228],[28.61866,41.02279],[28.6186,41.02309],[28.61797,41.0234],[28.61802,41.0239],[28.61853,41.02407],[28.61898,41.02386],[28.62044,41.02376],[28.62083,41.02348],[28.62313,41.02279],[28.62332,41.02281],[28.62337,41.02303],[28.62243,41.02339],[28.62229,41.02372],[28.62252,41.02405],[28.62136,41.02468],[28.62019,41.0249],[28.61987,41.02531],[28.61937,41.02534],[28.61894,41.02562],[28.61711,41.02563],[28.61679,41.02587],[28.61676,41.02618],[28.61759,41.02667],[28.61905,41.02633],[28.61956,41.02669],[28.62061,41.02645],[28.62067,41.0267],[28.62023,41.02704],[28.6201,41.02763],[28.6202,41.02788],[28.62075,41.02808],[28.62249,41.02781],[28.62271,41.02898],[28.62319,41.02926],[28.62358,41.0292],[28.62384,41.02891],[28.62362,41.02782],[28.62436,41.02801],[28.62516,41.02796],[28.62524,41.02831],[28.62561,41.0285],[28.6262,41.02834],[28.62692,41.02856],[28.62749,41.02819],[28.62836,41.02862],[28.62891,41.02855],[28.62913,41.02825],[28.629,41.02791],[28.62782,41.02749],[28.62854,41.02621],[28.62888,41.02628],[28.62999,41.02769],[28.62998,41.02812],[28.63033,41.02834],[28.63083,41.02829],[28.6311,41.0279],[28.63157,41.0279],[28.6319,41.02765],[28.6324,41.02759],[28.63285,41.02776],[28.63327,41.02763],[28.63345,41.02736],[28.63334,41.02704],[28.63354,41.02675],[28.63331,41.02634],[28.63346,41.02582],[28.63407,41.02674],[28.63392,41.02699],[28.63401,41.02729],[28.63433,41.02747],[28.63473,41.02746],[28.63546,41.02676],[28.6348,41.02541],[28.63552,41.02521],[28.6356,41.02483],[28.63649,41.02372],[28.63717,41.02461],[28.6371,41.02493],[28.6373,41.02519],[28.63784,41.02528],[28.63832,41.02498],[28.63833,41.02456],[28.63784,41.02431],[28.63728,41.02348],[28.63735,41.02298],[28.63793,41.02282],[28.63813,41.02229],[28.63838,41.02228],[28.64015,41.02361],[28.64069,41.02349],[28.64091,41.02288],[28.64144,41.0227],[28.64193,41.0229],[28.64191,41.02318],[28.6421,41.0234],[28.6427,41.02348],[28.643,41.02328],[28.64307,41.02297],[28.64382,41.02247],[28.64411,41.02251],[28.64422,41.0232],[28.64479,41.02336],[28.64523,41.0231],[28.64535,41.02278],[28.64524,41.02251],[28.64594,41.0214],[28.64645,41.02172],[28.647,41.02164],[28.64769,41.02185],[28.64804,41.02221],[28.64855,41.02219],[28.64887,41.0218],[28.64855,41.02137],[28.64882,41.021],[28.6493,41.02114],[28.64974,41.02095],[28.65012,41.02039],[28.65002,41.01978],[28.65031,41.01964],[28.65087,41.0197],[28.65123,41.01996],[28.65169,41.01993],[28.65201,41.01958],[28.65184,41.01912],[28.65238,41.01919],[28.65262,41.01942],[28.6524,41.01976],[28.65261,41.02011],[28.65393,41.02055],[28.65433,41.02039],[28.65444,41.01995],[28.65467,41.01986],[28.65483,41.02016],[28.65525,41.0203],[28.65563,41.0202],[28.65585,41.0199],[28.6556,41.01948],[28.65496,41.01946],[28.65462,41.01915],[28.65413,41.01907],[28.65401,41.01881],[28.65413,41.01876],[28.65452,41.01906],[28.65507,41.01903],[28.6558,41.01927],[28.65649,41.01914],[28.65676,41.01893],[28.65747,41.01903],[28.65774,41.0188],[28.65778,41.01853],[28.6593,41.01893],[28.65974,41.01866],[28.65968,41.01823],[28.65996,41.01776],[28.66038,41.0179],[28.6604,41.01816],[28.66067,41.01839],[28.66139,41.01867],[28.66183,41.01861],[28.66242,41.01785],[28.66227,41.01739],[28.66275,41.01685],[28.66262,41.01656],[28.66214,41.01639],[28.66192,41.01613],[28.66308,41.01558],[28.66357,41.01604],[28.66413,41.01605],[28.66445,41.0157],[28.66416,41.01526],[28.66427,41.0152],[28.6647,41.01547],[28.66554,41.01539],[28.66563,41.01564],[28.66595,41.01582],[28.6665,41.01575],[28.66699,41.01493],[28.6667,41.01449],[28.66725,41.01434],[28.66751,41.01403],[28.66813,41.01398],[28.66835,41.0135],[28.66901,41.01337],[28.66942,41.01268],[28.66919,41.01222],[28.66972,41.0123],[28.67054,41.01193],[28.67067,41.01169],[28.67049,41.01131],[28.67063,41.01088],[28.67105,41.01052],[28.67105,41.01109],[28.67154,41.01176],[28.67163,41.01204],[28.67149,41.01242],[28.67176,41.01281],[28.67244,41.01292],[28.67289,41.01276],[28.67294,41.01307],[28.67338,41.01331],[28.6734,41.01368],[28.67375,41.0139],[28.67457,41.01395],[28.67564,41.01365],[28.6761,41.01401],[28.67682,41.01384],[28.6784,41.01294],[28.67831,41.01234],[28.67854,41.0121],[28.67858,41.01177],[28.67828,41.01114],[28.67832,41.01074],[28.67882,41.01055],[28.67888,41.01011],[28.6792,41.00984],[28.67918,41.00954],[28.6789,41.0093],[28.67883,41.00843],[28.67937,41.00822],[28.68119,41.00827],[28.68152,41.00889],[28.68149,41.00909],[28.68103,41.0094],[28.6809,41.01022],[28.68113,41.01047],[28.68155,41.01054],[28.68206,41.01087],[28.68254,41.01075],[28.68272,41.01022],[28.68313,41.01015],[28.68392,41.00958],[28.68393,41.00922],[28.68365,41.00895],[28.68222,41.00893],[28.68224,41.00873],[28.68278,41.00851],[28.68317,41.00872],[28.68404,41.00876],[28.68441,41.00864],[28.68462,41.00833],[28.68589,41.0086],[28.68629,41.00896],[28.68692,41.00893],[28.68793,41.00931],[28.68726,41.00988],[28.68663,41.01002],[28.68655,41.01052],[28.68704,41.01084],[28.68755,41.01079],[28.68779,41.01055],[28.68777,41.01024],[28.68856,41.00961],[28.6887,41.00984],[28.68848,41.01035],[28.68801,41.01058],[28.68793,41.01107],[28.68823,41.01142],[28.68874,41.01145],[28.68929,41.01103],[28.68931,41.01072],[28.68906,41.01047],[28.68927,41.00998],[28.68962,41.0098],[28.6899,41.0097],[28.69024,41.00979],[28.69059,41.01012],[28.69192,41.01029],[28.69221,41.01003],[28.69212,41.00962],[28.69227,41.00949],[28.6941,41.00859],[28.69488,41.00836],[28.69639,41.0075],[28.69718,41.00786],[28.69755,41.00773],[28.69772,41.00747],[28.69834,41.00727],[28.69906,41.00726],[28.69928,41.00687],[28.69898,41.00633],[28.69957,41.00609],[28.69989,41.00561],[28.70172,41.00455],[28.70239,41.00525],[28.70279,41.00526],[28.70322,41.00504],[28.7033,41.00466],[28.70282,41.00414],[28.70318,41.00389],[28.70316,41.00351],[28.70255,41.00295],[28.70215,41.00293],[28.70181,41.00313],[28.70151,41.00293],[28.69981,41.00122],[28.69946,41.0005],[28.6997,41.00023],[28.70036,40.99998],[28.70083,41.00047],[28.70133,41.00053],[28.70166,41.00036],[28.70176,41.00006],[28.70296,40.9994],[28.70414,41.00069],[28.70462,41.00082],[28.70502,41.00066],[28.70516,41.00032],[28.70636,40.99963],[28.70778,41.00102],[28.70838,41.00096],[28.70878,41.00045],[28.7093,41.00108],[28.70983,41.00121],[28.71022,41.00103],[28.71052,41.00059],[28.71124,41.00145],[28.71163,41.00153],[28.71199,41.00141],[28.7122,41.00113],[28.71215,41.00083],[28.71029,40.99904],[28.71183,40.99815],[28.71279,40.99801],[28.71383,40.99831],[28.71431,40.99818],[28.71449,40.99787],[28.71436,40.99758],[28.71473,40.99721],[28.71469,40.99693],[28.71523,40.99626],[28.71527,40.99599],[28.71595,40.99526],[28.71645,40.99518],[28.71772,40.99565],[28.71785,40.99593],[28.71814,40.99608],[28.71877,40.99594],[28.7189,40.99529],[28.71924,40.99479],[28.71973,40.99456],[28.71981,40.9943],[28.71966,40.99404],[28.72009,40.99374],[28.72008,40.99344],[28.71983,40.99321],[28.71992,40.99295],[28.72048,40.99301],[28.72094,40.99271],[28.721,40.99241],[28.72084,40.99218],[28.7214,40.99119],[28.72199,40.9896],[28.72246,40.98947],[28.72294,40.98894],[28.72288,40.98843],[28.72253,40.98814],[28.72249,40.98792],[28.72302,40.98819],[28.72354,40.98804],[28.72364,40.98759],[28.72413,40.98716],[28.72412,40.98681],[28.72479,40.98659],[28.72511,40.98569],[28.72547,40.98581],[28.72559,40.98629],[28.72609,40.98643],[28.72681,40.98715],[28.72685,40.98757],[28.72723,40.98776],[28.72767,40.9877],[28.72795,40.98732],[28.72841,40.9872],[28.72858,40.9868],[28.72887,40.9868],[28.72916,40.98703],[28.72907,40.98747],[28.72956,40.98776],[28.73027,40.98746],[28.73077,40.98652],[28.73166,40.98715],[28.73247,40.98704],[28.73268,40.98679],[28.73262,40.98649],[28.73154,40.98566],[28.73183,40.98521],[28.73212,40.98526],[28.7321,40.98556],[28.73229,40.98578],[28.73286,40.98592],[28.73293,40.98645],[28.73348,40.98685],[28.73574,40.9874],[28.7362,40.98709],[28.73609,40.98666],[28.73696,40.98598],[28.73672,40.98537],[28.73637,40.98522],[28.73659,40.98497],[28.73731,40.9845],[28.73722,40.98477],[28.73739,40.98504],[28.73831,40.98522],[28.73866,40.98494],[28.7385,40.98448],[28.73875,40.98424]],[[28.67695,41.00071],[28.67697,41.00073],[28.67696,41.00073],[28.67695,41.00071]],[[28.64428,41.00802],[28.64445,41.00837],[28.64486,41.00854],[28.64372,41.00856],[28.64377,41.00791],[28.64428,41.00802]]],[[[28.7706,41.04894],[28.77003,41.04925],[28.77004,41.04956],[28.77026,41.04976],[28.77079,41.04984],[28.77126,41.04961],[28.77181,41.04961],[28.77179,41.05042],[28.7714,41.05058],[28.77126,41.05086],[28.77167,41.0514],[28.77121,41.05181],[28.77123,41.0522],[28.77083,41.05287],[28.77059,41.05364],[28.77073,41.05398],[28.77051,41.0546],[28.77062,41.05501],[28.77042,41.05537],[28.77016,41.05559],[28.77011,41.05528],[28.76949,41.05469],[28.76968,41.05398],[28.76944,41.05366],[28.76913,41.05213],[28.7693,41.05172],[28.76905,41.05143],[28.7686,41.05136],[28.76822,41.05155],[28.76812,41.05184],[28.76855,41.05224],[28.76878,41.05325],[28.76782,41.05275],[28.76718,41.05289],[28.76705,41.05313],[28.76699,41.05494],[28.76663,41.05507],[28.76645,41.05538],[28.76591,41.05553],[28.7658,41.05595],[28.76608,41.05622],[28.76648,41.05627],[28.76762,41.05551],[28.7689,41.05544],[28.7687,41.05644],[28.76984,41.05721],[28.77009,41.0576],[28.77064,41.05769],[28.77109,41.05741],[28.7716,41.05753],[28.77209,41.05784],[28.77346,41.05816],[28.77392,41.0587],[28.77347,41.05923],[28.77335,41.05965],[28.77281,41.06014],[28.77276,41.06052],[28.7724,41.0607],[28.77233,41.0611],[28.77213,41.06122],[28.7712,41.06136],[28.77068,41.06124],[28.7701,41.06151],[28.77012,41.06121],[28.7699,41.06094],[28.76933,41.06078],[28.76889,41.06104],[28.76798,41.06106],[28.76706,41.06142],[28.76641,41.06113],[28.76601,41.06114],[28.76565,41.06146],[28.76581,41.06187],[28.76622,41.06201],[28.76698,41.06186],[28.76735,41.06212],[28.76874,41.06228],[28.76928,41.06203],[28.7703,41.06195],[28.77084,41.06213],[28.77133,41.06186],[28.77469,41.06178],[28.77515,41.06202],[28.77585,41.06186],[28.77634,41.06196],[28.77694,41.06233],[28.77749,41.06221],[28.7794,41.06231],[28.78004,41.06255],[28.78035,41.06243],[28.78052,41.06216],[28.78043,41.06186],[28.78016,41.06169],[28.78077,41.0616],[28.78108,41.06129],[28.78112,41.06049],[28.78081,41.06011],[28.78155,41.05989],[28.78155,41.06066],[28.78126,41.06096],[28.78125,41.06162],[28.7815,41.06191],[28.78195,41.06198],[28.78229,41.06183],[28.78243,41.0615],[28.78284,41.06134],[28.78298,41.06106],[28.78272,41.06068],[28.78214,41.0606],[28.78215,41.05956],[28.78234,41.05942],[28.78332,41.05975],[28.78399,41.0594],[28.78475,41.05963],[28.78528,41.05939],[28.78533,41.05905],[28.78499,41.05876],[28.78399,41.05895],[28.78342,41.05872],[28.78322,41.05833],[28.78242,41.0584],[28.78272,41.05785],[28.78254,41.05747],[28.78315,41.05746],[28.78342,41.05709],[28.78317,41.05671],[28.78257,41.05667],[28.78245,41.05582],[28.78287,41.05556],[28.78309,41.05573],[28.78313,41.05648],[28.78374,41.05653],[28.78386,41.05579],[28.7842,41.05569],[28.78441,41.05543],[28.78414,41.05471],[28.78349,41.05461],[28.78289,41.0551],[28.7822,41.05465],[28.78248,41.05402],[28.78202,41.05366],[28.78162,41.0537],[28.78135,41.05393],[28.78132,41.05428],[28.7816,41.05454],[28.78139,41.05481],[28.78051,41.0546],[28.78003,41.05499],[28.77861,41.05422],[28.77848,41.05401],[28.77847,41.05354],[28.77921,41.05359],[28.77953,41.05316],[28.78,41.05293],[28.78007,41.05268],[28.77984,41.05236],[28.77989,41.0522],[28.78026,41.05199],[28.7806,41.0522],[28.78132,41.05221],[28.78178,41.05191],[28.78177,41.0516],[28.78145,41.05136],[28.78073,41.05119],[28.78021,41.0515],[28.78008,41.0514],[28.78008,41.05099],[28.78045,41.05084],[28.78074,41.05047],[28.78065,41.05018],[28.78033,41.04999],[28.77983,41.05004],[28.7791,41.05058],[28.77922,41.05021],[28.77902,41.04991],[28.77858,41.0498],[28.77818,41.04996],[28.77804,41.05029],[28.77832,41.05063],[28.77816,41.05098],[28.77835,41.05128],[28.77796,41.05225],[28.77768,41.05236],[28.77743,41.05146],[28.77762,41.05118],[28.77754,41.05089],[28.77799,41.05059],[28.77795,41.05025],[28.77754,41.05001],[28.77704,41.05009],[28.77691,41.04982],[28.77657,41.04966],[28.77593,41.04989],[28.77586,41.05018],[28.77607,41.05045],[28.77584,41.05085],[28.77618,41.05139],[28.77539,41.05141],[28.77515,41.05165],[28.77515,41.05191],[28.77565,41.05224],[28.77625,41.05198],[28.7764,41.05206],[28.77646,41.05246],[28.77696,41.05266],[28.77711,41.05351],[28.77732,41.0538],[28.77726,41.05416],[28.77691,41.05444],[28.77677,41.0551],[28.77636,41.05516],[28.77611,41.05545],[28.77626,41.05586],[28.77675,41.05599],[28.77674,41.05645],[28.77621,41.0568],[28.77586,41.0566],[28.7753,41.0566],[28.77535,41.05583],[28.77519,41.05556],[28.77546,41.05515],[28.77531,41.05465],[28.77617,41.05318],[28.77587,41.05283],[28.77506,41.0527],[28.77486,41.05183],[28.77471,41.05037],[28.77499,41.05017],[28.77506,41.04992],[28.77463,41.04952],[28.7745,41.04791],[28.77518,41.04687],[28.77485,41.04643],[28.77453,41.04627],[28.77473,41.04594],[28.77456,41.04562],[28.77408,41.04549],[28.77364,41.04568],[28.77354,41.04597],[28.7737,41.04624],[28.77342,41.04646],[28.7733,41.04694],[28.77353,41.0473],[28.77343,41.04771],[28.77374,41.04799],[28.77388,41.04956],[28.77354,41.05],[28.77395,41.05039],[28.77428,41.05275],[28.77348,41.05298],[28.77326,41.05337],[28.77362,41.05374],[28.77442,41.05374],[28.77444,41.054],[28.77417,41.05437],[28.772,41.05434],[28.77159,41.05402],[28.77178,41.05374],[28.77158,41.05335],[28.77173,41.05277],[28.77261,41.05194],[28.77264,41.05156],[28.77296,41.05125],[28.77293,41.05077],[28.77256,41.05043],[28.77295,41.04977],[28.77217,41.04919],[28.77125,41.04916],[28.7706,41.04894]],[[28.76884,41.05361],[28.76874,41.05365],[28.76882,41.05349],[28.76884,41.05361]],[[28.76838,41.05478],[28.76889,41.05464],[28.76891,41.05479],[28.76838,41.05478]]],[[[28.68963,41.06759],[28.68904,41.06822],[28.68854,41.06812],[28.68813,41.06828],[28.68791,41.06879],[28.68797,41.06905],[28.68832,41.06927],[28.68872,41.06926],[28.68931,41.06862],[28.68952,41.06899],[28.69001,41.06909],[28.69021,41.06953],[28.69077,41.06961],[28.69064,41.06984],[28.69072,41.07012],[28.69043,41.07055],[28.69077,41.07116],[28.69111,41.07132],[28.69203,41.07133],[28.6932,41.07028],[28.69445,41.06877],[28.69481,41.0687],[28.69519,41.06838],[28.6954,41.06809],[28.69537,41.06783],[28.69765,41.06576],[28.69841,41.06488],[28.69893,41.06387],[28.69925,41.0636],[28.69915,41.06313],[28.69944,41.06253],[28.70065,41.06059],[28.70082,41.06054],[28.70074,41.0608],[28.70091,41.06108],[28.70144,41.0612],[28.70188,41.06094],[28.70188,41.06035],[28.7031,41.06022],[28.70327,41.06077],[28.7039,41.06093],[28.70467,41.06046],[28.70473,41.06003],[28.70528,41.05976],[28.70528,41.05942],[28.70497,41.05917],[28.70424,41.05912],[28.7037,41.05943],[28.70321,41.05939],[28.7028,41.05972],[28.70215,41.0598],[28.70243,41.05893],[28.70283,41.0588],[28.703,41.05853],[28.70288,41.0582],[28.70242,41.05803],[28.70189,41.05826],[28.70165,41.05933],[28.70119,41.05974],[28.70063,41.05952],[28.70074,41.05905],[28.70025,41.05877],[28.69952,41.05909],[28.69733,41.05901],[28.69682,41.05949],[28.69673,41.05849],[28.69608,41.05764],[28.69411,41.05727],[28.69412,41.05675],[28.69359,41.05647],[28.69287,41.05643],[28.69222,41.05661],[28.69136,41.05723],[28.69133,41.05753],[28.69152,41.05775],[28.69212,41.05783],[28.6925,41.05743],[28.69315,41.05774],[28.694,41.05781],[28.69441,41.05816],[28.69513,41.05811],[28.69536,41.05835],[28.69601,41.05858],[28.69624,41.06046],[28.69658,41.06124],[28.697,41.06148],[28.69718,41.06254],[28.69683,41.06272],[28.69678,41.06317],[28.69578,41.06406],[28.69503,41.06429],[28.69485,41.06466],[28.69362,41.06552],[28.69294,41.0655],[28.69182,41.06649],[28.69138,41.06642],[28.69104,41.06657],[28.6909,41.06681],[28.69099,41.06711],[28.69023,41.06752],[28.68963,41.06759]]],[[[28.77949,41.06995],[28.77905,41.06988],[28.77835,41.07011],[28.77717,41.06996],[28.77648,41.07055],[28.77677,41.07266],[28.77665,41.07308],[28.77755,41.07383],[28.77812,41.0741],[28.7782,41.07425],[28.77802,41.07467],[28.77838,41.07521],[28.77763,41.07569],[28.77702,41.07575],[28.77681,41.07618],[28.77721,41.07653],[28.77781,41.07643],[28.77798,41.07606],[28.77894,41.07536],[28.77896,41.0751],[28.77862,41.0746],[28.77872,41.07446],[28.78029,41.07374],[28.78086,41.07375],[28.78258,41.07478],[28.78259,41.07519],[28.78315,41.07551],[28.78355,41.07613],[28.78348,41.07621],[28.78313,41.07628],[28.78286,41.07655],[28.781,41.07636],[28.78063,41.07672],[28.77993,41.07679],[28.7795,41.07738],[28.7791,41.07725],[28.77872,41.07735],[28.7785,41.07774],[28.77875,41.07807],[28.77929,41.07812],[28.77938,41.07855],[28.77977,41.0788],[28.77966,41.0791],[28.77991,41.07944],[28.77981,41.07973],[28.77994,41.07997],[28.78115,41.08018],[28.78154,41.08062],[28.78191,41.08075],[28.78196,41.08106],[28.78161,41.08119],[28.78143,41.08146],[28.78174,41.0819],[28.78213,41.08195],[28.78248,41.0818],[28.78262,41.08152],[28.7825,41.08124],[28.78268,41.08113],[28.78317,41.08176],[28.78383,41.08177],[28.78409,41.08149],[28.78393,41.08108],[28.78414,41.08053],[28.78464,41.08037],[28.78482,41.08062],[28.78405,41.08317],[28.78364,41.08351],[28.7838,41.08391],[28.78437,41.08404],[28.7847,41.08432],[28.78515,41.08433],[28.78556,41.08391],[28.78545,41.08348],[28.78555,41.08325],[28.78599,41.08315],[28.78624,41.08287],[28.78713,41.0828],[28.78761,41.08307],[28.78759,41.08356],[28.78775,41.0838],[28.78845,41.08388],[28.78881,41.08366],[28.78887,41.08336],[28.78835,41.083],[28.78815,41.08229],[28.79192,41.08106],[28.79329,41.08041],[28.7936,41.08051],[28.79369,41.08089],[28.79414,41.08141],[28.79388,41.08166],[28.7939,41.08196],[28.79438,41.08224],[28.79458,41.08257],[28.79447,41.08276],[28.79181,41.08346],[28.79151,41.08335],[28.79132,41.08303],[28.79141,41.08275],[28.79129,41.08243],[28.79089,41.0822],[28.78961,41.08252],[28.78903,41.08293],[28.78896,41.08335],[28.78945,41.08363],[28.78964,41.08396],[28.78918,41.08415],[28.78874,41.08497],[28.78903,41.08532],[28.78891,41.08579],[28.78949,41.08616],[28.78972,41.087],[28.78901,41.08699],[28.78858,41.08737],[28.78767,41.08744],[28.78745,41.08774],[28.78769,41.08816],[28.78755,41.08822],[28.78709,41.08814],[28.7867,41.08833],[28.78608,41.08811],[28.7848,41.08856],[28.78475,41.0889],[28.78503,41.08917],[28.78543,41.08922],[28.78618,41.089],[28.78638,41.08927],[28.78595,41.08961],[28.78611,41.09012],[28.78558,41.09026],[28.78514,41.09015],[28.78497,41.08986],[28.78455,41.08973],[28.78417,41.08982],[28.78391,41.0901],[28.78401,41.09051],[28.7846,41.09067],[28.78468,41.09083],[28.78392,41.0908],[28.78355,41.09117],[28.78372,41.09153],[28.78419,41.09167],[28.78427,41.09196],[28.78397,41.09239],[28.78431,41.09276],[28.78424,41.09335],[28.78442,41.09363],[28.78351,41.09407],[28.78334,41.0943],[28.78339,41.09459],[28.78297,41.09466],[28.78272,41.0949],[28.78276,41.09524],[28.78315,41.09547],[28.78312,41.09604],[28.78335,41.09632],[28.783,41.09766],[28.7822,41.09891],[28.78201,41.09878],[28.78223,41.09848],[28.78213,41.09819],[28.78149,41.098],[28.78154,41.0977],[28.78187,41.09735],[28.7817,41.09699],[28.78128,41.09685],[28.78084,41.097],[28.78075,41.09668],[28.78037,41.09649],[28.77932,41.09667],[28.77917,41.09749],[28.77945,41.09788],[28.77933,41.09994],[28.779,41.10022],[28.77904,41.10056],[28.7789,41.10095],[28.77856,41.10123],[28.77854,41.10163],[28.77782,41.10242],[28.77766,41.1023],[28.77784,41.10206],[28.7778,41.10166],[28.77757,41.10133],[28.77765,41.10061],[28.778,41.10021],[28.77775,41.09984],[28.77767,41.09915],[28.77724,41.09888],[28.7764,41.09905],[28.77629,41.09894],[28.77586,41.09785],[28.77594,41.09747],[28.77551,41.0968],[28.77507,41.0966],[28.77438,41.0967],[28.7749,41.09568],[28.77473,41.09541],[28.77431,41.09527],[28.77326,41.09583],[28.7729,41.09726],[28.77232,41.09737],[28.7721,41.09784],[28.77116,41.09773],[28.77083,41.09791],[28.77073,41.09819],[28.76999,41.09755],[28.76953,41.09757],[28.76926,41.0978],[28.76923,41.0981],[28.76942,41.09832],[28.77005,41.09838],[28.77223,41.09958],[28.77169,41.09986],[28.77114,41.09966],[28.77053,41.09993],[28.77053,41.09948],[28.7701,41.0992],[28.76879,41.09934],[28.76832,41.09921],[28.76779,41.09957],[28.76782,41.09983],[28.76808,41.10008],[28.76751,41.10004],[28.76762,41.09789],[28.76737,41.0976],[28.76678,41.09747],[28.76629,41.09766],[28.76612,41.09822],[28.76622,41.09851],[28.76656,41.09878],[28.76659,41.09966],[28.76605,41.09983],[28.76572,41.09963],[28.76504,41.09961],[28.76457,41.09984],[28.76454,41.10023],[28.76485,41.10047],[28.76633,41.10038],[28.76643,41.1005],[28.76643,41.10097],[28.76611,41.10125],[28.76601,41.10315],[28.7657,41.10354],[28.76592,41.1039],[28.76568,41.10435],[28.76598,41.10466],[28.76649,41.10468],[28.76685,41.10436],[28.76663,41.10391],[28.76679,41.10379],[28.76782,41.10379],[28.76799,41.10393],[28.76801,41.10432],[28.76726,41.1042],[28.76683,41.10458],[28.76692,41.10487],[28.76735,41.10508],[28.76762,41.10542],[28.76709,41.10534],[28.76464,41.10394],[28.76462,41.10366],[28.7644,41.10346],[28.76375,41.10334],[28.76439,41.1025],[28.76444,41.10197],[28.7647,41.1016],[28.76466,41.10116],[28.76447,41.10094],[28.76362,41.10088],[28.7639,41.10029],[28.76385,41.09999],[28.76414,41.09986],[28.76416,41.09956],[28.76442,41.09924],[28.76429,41.0989],[28.76442,41.09848],[28.76403,41.09818],[28.76336,41.09835],[28.76325,41.0986],[28.76335,41.09893],[28.76286,41.09887],[28.76244,41.09916],[28.7624,41.09883],[28.7619,41.09859],[28.76175,41.09816],[28.76105,41.09807],[28.7608,41.09825],[28.76075,41.09859],[28.76027,41.09921],[28.75981,41.09944],[28.75976,41.09981],[28.75929,41.10008],[28.75926,41.10038],[28.75953,41.10064],[28.75932,41.10107],[28.75952,41.10133],[28.75996,41.10144],[28.76062,41.10188],[28.76187,41.10166],[28.76191,41.10203],[28.7615,41.1024],[28.76156,41.10315],[28.76131,41.10322],[28.76094,41.10299],[28.76088,41.10268],[28.76046,41.10222],[28.75962,41.10168],[28.759,41.10196],[28.75867,41.10168],[28.75816,41.10169],[28.75784,41.10212],[28.75698,41.1026],[28.75695,41.10291],[28.75725,41.1032],[28.75692,41.10338],[28.75682,41.10368],[28.75719,41.10424],[28.75773,41.10437],[28.75848,41.10403],[28.76009,41.10496],[28.75973,41.10534],[28.75898,41.10497],[28.7584,41.1052],[28.75842,41.10566],[28.75919,41.10617],[28.75856,41.10656],[28.75849,41.10681],[28.75862,41.10705],[28.75901,41.10722],[28.7594,41.10715],[28.75966,41.10687],[28.75959,41.10655],[28.75992,41.10637],[28.76026,41.10658],[28.76046,41.107],[28.76095,41.1071],[28.7612,41.10746],[28.76175,41.10751],[28.76235,41.10789],[28.7622,41.10823],[28.76229,41.10856],[28.76209,41.10875],[28.76146,41.1088],[28.76125,41.10923],[28.76155,41.10955],[28.76225,41.10947],[28.7627,41.1098],[28.7631,41.10976],[28.76339,41.1095],[28.76333,41.10913],[28.76359,41.10872],[28.76338,41.10833],[28.76368,41.10852],[28.76384,41.10892],[28.76432,41.10905],[28.76484,41.10874],[28.7648,41.1079],[28.76526,41.10819],[28.76529,41.10844],[28.76554,41.10866],[28.76554,41.10965],[28.76524,41.10999],[28.76533,41.11028],[28.76571,41.11048],[28.7664,41.11043],[28.7672,41.11065],[28.76718,41.111],[28.76692,41.11137],[28.76723,41.11196],[28.76694,41.11234],[28.76725,41.11274],[28.76684,41.11305],[28.76689,41.11347],[28.76595,41.11506],[28.76559,41.11534],[28.76578,41.1159],[28.76516,41.11611],[28.76449,41.11591],[28.76407,41.11625],[28.76412,41.11655],[28.76436,41.11674],[28.76509,41.11665],[28.76517,41.11826],[28.76565,41.11882],[28.76598,41.11898],[28.76554,41.11946],[28.76537,41.11934],[28.76529,41.11899],[28.76502,41.11882],[28.76495,41.11842],[28.76446,41.11821],[28.76396,41.1184],[28.76382,41.11887],[28.76287,41.11844],[28.76229,41.1186],[28.76132,41.11853],[28.76061,41.1187],[28.75938,41.11934],[28.75894,41.11926],[28.75853,41.11949],[28.75809,41.11949],[28.75745,41.11915],[28.75744,41.11885],[28.7577,41.11857],[28.75765,41.11826],[28.75707,41.11802],[28.75654,41.11838],[28.75659,41.11868],[28.75684,41.11887],[28.75686,41.11923],[28.75654,41.11954],[28.75661,41.12007],[28.75718,41.1204],[28.75772,41.12035],[28.75809,41.12007],[28.75921,41.12014],[28.75964,41.11974],[28.76091,41.11909],[28.76219,41.11904],[28.76252,41.1193],[28.76266,41.11997],[28.76318,41.12052],[28.76321,41.121],[28.76266,41.12112],[28.7625,41.12157],[28.76273,41.12181],[28.76312,41.12189],[28.76362,41.12162],[28.7638,41.12108],[28.76378,41.12049],[28.76409,41.11996],[28.7644,41.11978],[28.76459,41.12002],[28.76408,41.12095],[28.76415,41.1214],[28.76456,41.12154],[28.76627,41.12116],[28.76628,41.12149],[28.76548,41.12206],[28.76504,41.12286],[28.76397,41.1228],[28.7635,41.12306],[28.76342,41.12344],[28.7637,41.12371],[28.76411,41.12376],[28.76449,41.12429],[28.76505,41.12434],[28.76485,41.12458],[28.76494,41.1254],[28.76534,41.12556],[28.76581,41.12545],[28.76615,41.12594],[28.76688,41.12646],[28.76834,41.12638],[28.77017,41.12568],[28.77087,41.12578],[28.7721,41.12639],[28.77197,41.12677],[28.77232,41.1271],[28.77272,41.12712],[28.77344,41.12682],[28.77375,41.12706],[28.77421,41.12707],[28.77504,41.12668],[28.77504,41.12634],[28.77472,41.12605],[28.77428,41.12595],[28.77366,41.12608],[28.77309,41.12572],[28.77256,41.12588],[28.77146,41.12537],[28.7715,41.12494],[28.77264,41.12375],[28.77315,41.12344],[28.77322,41.12299],[28.77354,41.12272],[28.77353,41.12243],[28.77432,41.12261],[28.77448,41.12275],[28.77449,41.12315],[28.7749,41.12338],[28.77551,41.1232],[28.77561,41.12295],[28.77551,41.12268],[28.77743,41.12325],[28.77756,41.12351],[28.7779,41.12367],[28.77835,41.12361],[28.77871,41.12325],[28.77872,41.1229],[28.7784,41.12266],[28.77775,41.12275],[28.7741,41.12165],[28.77463,41.12121],[28.7745,41.12088],[28.77403,41.12066],[28.77429,41.11969],[28.77477,41.11978],[28.77512,41.12014],[28.77591,41.12025],[28.7763,41.12018],[28.77655,41.11994],[28.77653,41.11964],[28.77621,41.11939],[28.77545,41.11923],[28.77497,41.11935],[28.77441,41.11925],[28.77416,41.11844],[28.77418,41.11789],[28.77468,41.11688],[28.77562,41.11717],[28.77614,41.11701],[28.77628,41.11668],[28.77672,41.11638],[28.77669,41.11549],[28.77614,41.11528],[28.77563,41.11558],[28.77448,41.11547],[28.77406,41.1156],[28.77353,41.11523],[28.77297,41.11524],[28.77285,41.1149],[28.77203,41.11436],[28.77208,41.11402],[28.77181,41.11376],[28.77171,41.11338],[28.7712,41.11314],[28.77118,41.11277],[28.77071,41.11253],[28.77055,41.11212],[28.76993,41.11197],[28.7695,41.11135],[28.76889,41.11112],[28.76839,41.11121],[28.76777,41.11095],[28.76778,41.11082],[28.76814,41.11036],[28.76789,41.10981],[28.76815,41.1096],[28.76818,41.10929],[28.7695,41.11001],[28.77064,41.10964],[28.77083,41.10892],[28.76988,41.10808],[28.77008,41.10784],[28.77046,41.10776],[28.77077,41.1078],[28.77046,41.10801],[28.77041,41.10835],[28.77085,41.10866],[28.77147,41.10848],[28.77153,41.10806],[28.77186,41.10765],[28.77221,41.10797],[28.77286,41.10788],[28.77345,41.10828],[28.77394,41.10827],[28.77446,41.10871],[28.77515,41.10894],[28.77504,41.10991],[28.77539,41.11024],[28.77637,41.11023],[28.7766,41.11003],[28.77666,41.10965],[28.77691,41.10967],[28.77726,41.11006],[28.77782,41.11003],[28.7781,41.10966],[28.77791,41.10888],[28.77869,41.1086],[28.77894,41.1081],[28.77939,41.1078],[28.77941,41.10738],[28.77919,41.10711],[28.77959,41.10678],[28.77943,41.10587],[28.77945,41.10567],[28.77983,41.10534],[28.77971,41.10497],[28.77983,41.10452],[28.78084,41.10488],[28.78052,41.10528],[28.78067,41.10568],[28.77991,41.10793],[28.77949,41.10803],[28.77927,41.10833],[28.77936,41.10863],[28.77991,41.10906],[28.77975,41.10945],[28.77998,41.10972],[28.78004,41.11036],[28.78041,41.11075],[28.77984,41.11115],[28.77992,41.11161],[28.78056,41.11176],[28.78073,41.11217],[28.78119,41.11234],[28.78165,41.11218],[28.78178,41.11181],[28.78148,41.1115],[28.78097,41.11143],[28.78096,41.11121],[28.78143,41.11115],[28.78234,41.11155],[28.78377,41.11281],[28.78376,41.11309],[28.78395,41.1133],[28.78573,41.11395],[28.78572,41.11438],[28.78592,41.11464],[28.7865,41.11472],[28.78686,41.11495],[28.78729,41.11493],[28.78793,41.11545],[28.78862,41.11533],[28.78905,41.11491],[28.78918,41.11439],[28.78936,41.11451],[28.78871,41.11556],[28.78884,41.11585],[28.78913,41.11599],[28.78976,41.11586],[28.79001,41.11511],[28.79046,41.11495],[28.79107,41.11407],[28.79142,41.11391],[28.79282,41.1145],[28.79303,41.11483],[28.79365,41.11502],[28.79425,41.11626],[28.79225,41.11652],[28.79152,41.11643],[28.79045,41.11603],[28.78919,41.11623],[28.78898,41.11594],[28.7886,41.11584],[28.78811,41.11603],[28.78802,41.11641],[28.78847,41.11673],[28.79041,41.11648],[28.79132,41.11685],[28.79221,41.11697],[28.79428,41.11672],[28.79469,41.11692],[28.79542,41.11828],[28.79523,41.11852],[28.79528,41.11882],[28.79597,41.1193],[28.79662,41.11914],[28.79742,41.11929],[28.79771,41.11965],[28.7982,41.11975],[28.79892,41.11922],[28.7995,41.11911],[28.79968,41.11875],[28.79922,41.11822],[28.79886,41.11809],[28.79838,41.11822],[28.7979,41.11879],[28.7969,41.11862],[28.79682,41.1184],[28.79754,41.11807],[28.79772,41.11779],[28.79768,41.11712],[28.79725,41.11684],[28.79663,41.11703],[28.79659,41.11794],[28.79611,41.11804],[28.79533,41.11631],[28.79431,41.11465],[28.79444,41.11433],[28.79424,41.11398],[28.79446,41.11357],[28.79487,41.11344],[28.79504,41.11317],[28.79559,41.11326],[28.79609,41.11289],[28.7966,41.11275],[28.79685,41.11284],[28.79781,41.11528],[28.79768,41.1157],[28.79839,41.11626],[28.7989,41.11625],[28.79922,41.11581],[28.80045,41.11549],[28.80195,41.1156],[28.80222,41.11592],[28.80218,41.11614],[28.80162,41.11646],[28.80146,41.11712],[28.80232,41.11776],[28.80269,41.11786],[28.80307,41.11776],[28.80329,41.11746],[28.80316,41.11658],[28.80293,41.11634],[28.80315,41.11537],[28.803,41.11506],[28.80304,41.11457],[28.80328,41.11399],[28.80318,41.11325],[28.80374,41.1127],[28.80408,41.11269],[28.80414,41.11361],[28.80395,41.11397],[28.80423,41.11432],[28.80363,41.1148],[28.80371,41.11514],[28.80411,41.11534],[28.8038,41.11554],[28.80373,41.11584],[28.80422,41.11621],[28.80436,41.11655],[28.80473,41.11675],[28.80454,41.11704],[28.80463,41.11733],[28.80512,41.11754],[28.8057,41.11722],[28.8057,41.11696],[28.80547,41.11672],[28.80573,41.11654],[28.8063,41.1165],[28.80647,41.11632],[28.80666,41.11479],[28.8064,41.1141],[28.80608,41.11377],[28.80704,41.11401],[28.8071,41.11428],[28.80739,41.11448],[28.80842,41.11459],[28.80884,41.11425],[28.8087,41.11335],[28.80884,41.113],[28.81005,41.11307],[28.81049,41.11281],[28.81054,41.11217],[28.81037,41.11189],[28.80974,41.11172],[28.80932,41.11181],[28.80884,41.11152],[28.80833,41.11167],[28.80802,41.11148],[28.80817,41.11112],[28.8081,41.11084],[28.80833,41.1105],[28.80919,41.11034],[28.80972,41.1105],[28.80957,41.11097],[28.80977,41.11127],[28.81027,41.11137],[28.81065,41.11118],[28.81079,41.11082],[28.81071,41.11054],[28.81112,41.11047],[28.81137,41.11023],[28.8112,41.10976],[28.81192,41.10958],[28.81218,41.1093],[28.81192,41.10883],[28.81197,41.10809],[28.8123,41.10764],[28.81182,41.10695],[28.81211,41.10666],[28.8121,41.10636],[28.81128,41.1059],[28.81118,41.10555],[28.81069,41.10529],[28.80953,41.10529],[28.80919,41.10464],[28.80887,41.10446],[28.80808,41.10462],[28.8079,41.10494],[28.80809,41.10528],[28.80732,41.10558],[28.80703,41.10585],[28.80696,41.10574],[28.80716,41.10536],[28.80696,41.10505],[28.80713,41.10486],[28.80779,41.10473],[28.8079,41.10428],[28.80838,41.10434],[28.80874,41.10412],[28.80881,41.10387],[28.80868,41.10362],[28.80804,41.1034],[28.81026,41.10359],[28.81053,41.10383],[28.81092,41.10388],[28.81138,41.10357],[28.81145,41.10328],[28.81132,41.10303],[28.81093,41.10287],[28.81042,41.10302],[28.80818,41.1028],[28.80764,41.10235],[28.80727,41.10224],[28.80668,41.10235],[28.80648,41.10282],[28.80634,41.10283],[28.8056,41.1008],[28.80476,41.10017],[28.80477,41.09989],[28.80455,41.09965],[28.80472,41.09924],[28.80525,41.09916],[28.80556,41.09874],[28.80545,41.09837],[28.80495,41.09812],[28.8042,41.09823],[28.80368,41.09806],[28.80331,41.09819],[28.80313,41.0985],[28.80329,41.09881],[28.80299,41.09961],[28.8028,41.09969],[28.80279,41.09938],[28.80247,41.09913],[28.80186,41.09904],[28.80142,41.09923],[28.80098,41.10078],[28.80142,41.10118],[28.80153,41.10153],[28.80088,41.10187],[28.80072,41.10238],[28.80016,41.10222],[28.79968,41.1026],[28.7992,41.10268],[28.79906,41.10257],[28.79948,41.1025],[28.79973,41.10222],[28.79965,41.10188],[28.7991,41.10167],[28.79896,41.1013],[28.79905,41.10103],[28.79981,41.10056],[28.79969,41.10007],[28.79916,41.09994],[28.79802,41.1004],[28.79787,41.10027],[28.79803,41.09912],[28.79857,41.09907],[28.79896,41.09929],[28.7995,41.09918],[28.79989,41.09939],[28.80035,41.09936],[28.80073,41.09894],[28.80089,41.09791],[28.80161,41.09795],[28.80197,41.09762],[28.80189,41.09728],[28.80153,41.09709],[28.80166,41.09631],[28.80205,41.09598],[28.80193,41.09561],[28.80104,41.09531],[28.80008,41.09557],[28.79974,41.09534],[28.80002,41.09498],[28.79972,41.09454],[28.79971,41.09389],[28.79993,41.09371],[28.80114,41.09377],[28.80164,41.09352],[28.80181,41.09309],[28.80162,41.09418],[28.80136,41.09437],[28.8013,41.09467],[28.8017,41.09502],[28.80225,41.09494],[28.80247,41.09464],[28.80221,41.09421],[28.80261,41.09195],[28.80287,41.09229],[28.80343,41.09239],[28.80328,41.09379],[28.80295,41.09415],[28.80316,41.09454],[28.80365,41.09464],[28.80407,41.09442],[28.80413,41.09412],[28.80388,41.09382],[28.8039,41.09356],[28.8046,41.09373],[28.8051,41.09418],[28.8055,41.09417],[28.8058,41.09397],[28.80599,41.09349],[28.80579,41.09298],[28.80536,41.09278],[28.80479,41.09298],[28.80444,41.09286],[28.80447,41.09248],[28.80415,41.09224],[28.80418,41.09175],[28.80463,41.09141],[28.80539,41.08988],[28.80411,41.08937],[28.80464,41.08877],[28.80465,41.08844],[28.80533,41.08742],[28.8061,41.08743],[28.80642,41.08704],[28.8064,41.08673],[28.80689,41.08624],[28.80734,41.08635],[28.80778,41.08616],[28.80787,41.08582],[28.80753,41.08529],[28.80843,41.08519],[28.80895,41.08499],[28.80916,41.08473],[28.80904,41.08435],[28.80858,41.08418],[28.80835,41.08392],[28.80829,41.08352],[28.80786,41.08332],[28.80713,41.08352],[28.80653,41.08461],[28.80629,41.08453],[28.80786,41.0818],[28.80859,41.08163],[28.80875,41.08119],[28.80821,41.08086],[28.80748,41.08011],[28.80603,41.08004],[28.80502,41.07928],[28.80462,41.07926],[28.8043,41.07943],[28.80398,41.07919],[28.80273,41.0789],[28.8029,41.0786],[28.80276,41.0783],[28.80321,41.07734],[28.80551,41.07808],[28.80614,41.07795],[28.8066,41.07803],[28.80704,41.07777],[28.80696,41.07731],[28.80743,41.07637],[28.80791,41.07656],[28.80873,41.07649],[28.80825,41.07736],[28.80784,41.07752],[28.80756,41.07802],[28.80786,41.07847],[28.80847,41.07845],[28.80886,41.07794],[28.80878,41.07755],[28.8093,41.07671],[28.80966,41.07659],[28.80983,41.07621],[28.81023,41.07602],[28.81031,41.07564],[28.81073,41.07551],[28.81091,41.07515],[28.81245,41.07513],[28.81288,41.07423],[28.81271,41.07387],[28.81303,41.0735],[28.81359,41.0738],[28.81414,41.07353],[28.81417,41.07323],[28.81388,41.07296],[28.81382,41.07256],[28.8135,41.07238],[28.81308,41.0724],[28.81306,41.07194],[28.81369,41.07203],[28.81406,41.07166],[28.81375,41.07122],[28.81296,41.0712],[28.81333,41.07095],[28.81331,41.07057],[28.81379,41.07055],[28.81405,41.07096],[28.81401,41.07135],[28.81433,41.0716],[28.815,41.07153],[28.81532,41.07118],[28.81504,41.0703],[28.8153,41.06997],[28.81514,41.06961],[28.8146,41.06948],[28.81409,41.06914],[28.81407,41.06887],[28.8138,41.06864],[28.81341,41.06859],[28.81299,41.06876],[28.81224,41.06861],[28.81207,41.06826],[28.8116,41.06813],[28.81158,41.06797],[28.81216,41.06793],[28.81246,41.06772],[28.81376,41.06787],[28.81407,41.06756],[28.81396,41.06719],[28.8135,41.06702],[28.81297,41.06726],[28.81244,41.06727],[28.81195,41.06706],[28.81132,41.06709],[28.81096,41.06731],[28.81077,41.06718],[28.81079,41.06694],[28.81133,41.067],[28.81175,41.06679],[28.81187,41.06647],[28.81174,41.06612],[28.81215,41.06601],[28.81242,41.06571],[28.81227,41.06524],[28.81109,41.06461],[28.81069,41.06465],[28.81021,41.06497],[28.80923,41.06481],[28.81068,41.06366],[28.81079,41.06316],[28.81056,41.06214],[28.80891,41.0614],[28.80545,41.06157],[28.80546,41.06135],[28.80634,41.06135],[28.8068,41.06111],[28.80742,41.06131],[28.80782,41.0611],[28.80948,41.0608],[28.81041,41.05987],[28.81102,41.05865],[28.81057,41.05626],[28.81005,41.05601],[28.80946,41.05628],[28.8094,41.05566],[28.81006,41.05571],[28.81031,41.05553],[28.81037,41.05523],[28.80973,41.05322],[28.80953,41.05299],[28.8094,41.05213],[28.80902,41.05183],[28.8086,41.05037],[28.80879,41.05008],[28.80869,41.04964],[28.80844,41.04939],[28.80833,41.04869],[28.80797,41.04843],[28.80801,41.048],[28.80735,41.04671],[28.80787,41.04608],[28.80867,41.04616],[28.80836,41.04643],[28.80842,41.04681],[28.80816,41.04732],[28.80843,41.04792],[28.80885,41.04806],[28.80931,41.0479],[28.80935,41.04813],[28.80956,41.04824],[28.81062,41.04822],[28.81116,41.04842],[28.81158,41.04924],[28.81246,41.04926],[28.81277,41.04895],[28.81262,41.04855],[28.81271,41.04833],[28.81301,41.04812],[28.81303,41.04771],[28.81338,41.0473],[28.81254,41.04635],[28.8126,41.04578],[28.8137,41.0458],[28.81448,41.04561],[28.81472,41.04594],[28.81514,41.04608],[28.81624,41.04573],[28.81682,41.04519],[28.81677,41.04489],[28.81648,41.04469],[28.817,41.04433],[28.81676,41.04378],[28.81793,41.04414],[28.81822,41.044],[28.81836,41.04371],[28.818,41.04329],[28.81795,41.04299],[28.81946,41.04318],[28.81996,41.04299],[28.82,41.04253],[28.81945,41.04229],[28.81986,41.04197],[28.82022,41.04115],[28.82042,41.0412],[28.82035,41.0415],[28.82055,41.04176],[28.82126,41.0418],[28.82249,41.04263],[28.82299,41.04254],[28.82321,41.0422],[28.82308,41.04191],[28.82248,41.04146],[28.82306,41.04159],[28.82331,41.04217],[28.8239,41.04256],[28.82488,41.04247],[28.82521,41.04228],[28.82572,41.04239],[28.82608,41.04221],[28.82624,41.04248],[28.82594,41.04291],[28.82633,41.0439],[28.82615,41.04431],[28.82645,41.04462],[28.82646,41.04498],[28.82599,41.04518],[28.82592,41.04557],[28.82513,41.04516],[28.82448,41.04538],[28.82443,41.04573],[28.82476,41.04601],[28.82457,41.04626],[28.8246,41.04652],[28.82509,41.0468],[28.82536,41.04725],[28.82487,41.04701],[28.82435,41.04716],[28.82426,41.04764],[28.82387,41.04802],[28.82408,41.0485],[28.82365,41.0484],[28.8232,41.04861],[28.82274,41.0486],[28.82239,41.04889],[28.82098,41.04947],[28.81998,41.04938],[28.8197,41.0496],[28.81972,41.04999],[28.81945,41.0502],[28.81882,41.05024],[28.81851,41.05055],[28.81875,41.05101],[28.81871,41.05134],[28.81894,41.05159],[28.81944,41.05171],[28.82032,41.05146],[28.82054,41.05171],[28.82036,41.05279],[28.81971,41.05273],[28.81915,41.05294],[28.81893,41.05325],[28.81902,41.05354],[28.81976,41.0538],[28.82027,41.05358],[28.82112,41.05388],[28.82138,41.05406],[28.82152,41.05443],[28.82138,41.0546],[28.82055,41.0547],[28.8201,41.05454],[28.8196,41.05473],[28.81837,41.05473],[28.81786,41.05522],[28.81803,41.05569],[28.81787,41.05603],[28.81808,41.05634],[28.81853,41.05647],[28.81786,41.05665],[28.81761,41.05692],[28.81675,41.05705],[28.81654,41.05731],[28.8166,41.05765],[28.8172,41.05793],[28.81856,41.05754],[28.81913,41.05756],[28.81956,41.05792],[28.81974,41.05839],[28.82029,41.05852],[28.82104,41.05901],[28.82009,41.05904],[28.81958,41.05921],[28.81936,41.05951],[28.81945,41.05981],[28.81991,41.06001],[28.82037,41.06088],[28.82066,41.06108],[28.82127,41.06102],[28.82147,41.06054],[28.822,41.06031],[28.82249,41.06033],[28.82282,41.06007],[28.82395,41.06009],[28.82401,41.06036],[28.82435,41.06063],[28.82415,41.06092],[28.82422,41.06143],[28.82466,41.06198],[28.82447,41.06245],[28.82282,41.06223],[28.82045,41.06236],[28.81984,41.06223],[28.81964,41.06197],[28.81926,41.06187],[28.81888,41.06197],[28.81867,41.06222],[28.81879,41.0626],[28.81919,41.06276],[28.82281,41.06268],[28.82423,41.06286],[28.82451,41.0632],[28.82442,41.06346],[28.82369,41.06367],[28.82166,41.0634],[28.82125,41.06316],[28.82069,41.06328],[28.82041,41.06301],[28.81955,41.06283],[28.81895,41.06295],[28.81862,41.06266],[28.81812,41.06267],[28.8169,41.06233],[28.81631,41.06256],[28.81624,41.06282],[28.81638,41.06307],[28.81594,41.06304],[28.81558,41.06325],[28.81552,41.06355],[28.81573,41.06382],[28.81537,41.06415],[28.81525,41.06467],[28.8155,41.06501],[28.81553,41.06536],[28.8159,41.06559],[28.81609,41.06606],[28.81604,41.06646],[28.81647,41.06674],[28.81703,41.06661],[28.81719,41.06687],[28.81752,41.067],[28.81757,41.06729],[28.81796,41.06752],[28.81808,41.06788],[28.81842,41.06804],[28.81845,41.06841],[28.81884,41.06864],[28.81883,41.06899],[28.81916,41.06924],[28.81901,41.06963],[28.81938,41.07001],[28.81915,41.07029],[28.81862,41.07006],[28.81813,41.07014],[28.8179,41.07049],[28.81811,41.07084],[28.81887,41.07116],[28.8194,41.0711],[28.81988,41.07123],[28.82311,41.07056],[28.8232,41.07087],[28.82357,41.07107],[28.82422,41.07085],[28.82582,41.07079],[28.82637,41.07099],[28.82677,41.07083],[28.82691,41.07049],[28.8283,41.07059],[28.82935,41.07038],[28.82995,41.07051],[28.83036,41.07018],[28.83148,41.07011],[28.8318,41.06976],[28.83306,41.06932],[28.83354,41.0694],[28.83391,41.06965],[28.83441,41.0696],[28.83476,41.06927],[28.83467,41.0687],[28.83516,41.06844],[28.83547,41.06802],[28.83616,41.06795],[28.83682,41.06719],[28.83783,41.06709],[28.83809,41.06663],[28.8379,41.06625],[28.83756,41.06609],[28.83615,41.06634],[28.8353,41.06628],[28.83553,41.06563],[28.83619,41.06484],[28.83595,41.06438],[28.83556,41.0643],[28.83436,41.06453],[28.83314,41.06501],[28.8332,41.06412],[28.83353,41.0639],[28.83471,41.06379],[28.83531,41.06391],[28.83797,41.06285],[28.83856,41.06282],[28.83882,41.06254],[28.83928,41.06238],[28.83942,41.0621],[28.84014,41.06175],[28.84028,41.06141],[28.84104,41.06126],[28.84131,41.06088],[28.84211,41.06056],[28.84285,41.0597],[28.84376,41.05938],[28.84392,41.05896],[28.84441,41.05862],[28.84503,41.05852],[28.8453,41.05806],[28.84551,41.05825],[28.84548,41.05844],[28.84501,41.05853],[28.84479,41.0589],[28.84446,41.05908],[28.84442,41.05954],[28.84513,41.06016],[28.84522,41.06071],[28.8461,41.06129],[28.84684,41.06123],[28.84704,41.06166],[28.8476,41.06175],[28.84765,41.06227],[28.84739,41.06256],[28.84726,41.0631],[28.84737,41.06337],[28.84713,41.06392],[28.84749,41.06497],[28.84707,41.0652],[28.84704,41.06559],[28.84776,41.06615],[28.84826,41.06621],[28.84868,41.06691],[28.84858,41.06721],[28.84875,41.06748],[28.84935,41.06785],[28.84991,41.06777],[28.85031,41.06832],[28.85006,41.06857],[28.85008,41.06887],[28.8507,41.0694],[28.85107,41.06951],[28.85145,41.06941],[28.85166,41.06915],[28.85161,41.06885],[28.85177,41.0688],[28.85283,41.0701],[28.85288,41.07043],[28.85329,41.07067],[28.85342,41.07099],[28.85398,41.07115],[28.85444,41.07152],[28.85528,41.07132],[28.85537,41.07198],[28.85574,41.07224],[28.85614,41.07223],[28.85645,41.07203],[28.85634,41.07087],[28.85675,41.07078],[28.85744,41.07114],[28.85806,41.07096],[28.85872,41.07135],[28.85951,41.07116],[28.85977,41.0717],[28.86043,41.07176],[28.86075,41.07136],[28.86044,41.07096],[28.86046,41.07042],[28.85997,41.07006],[28.85935,41.06928],[28.85924,41.06888],[28.85859,41.06848],[28.85888,41.06801],[28.85862,41.06749],[28.8588,41.06746],[28.85939,41.06788],[28.85998,41.06783],[28.86078,41.06808],[28.86113,41.06845],[28.86198,41.06851],[28.8624,41.0687],[28.86282,41.06913],[28.86344,41.06916],[28.86522,41.07013],[28.8653,41.07059],[28.8658,41.07083],[28.86584,41.07116],[28.86638,41.0717],[28.86699,41.0721],[28.86741,41.07218],[28.8677,41.07251],[28.86813,41.0726],[28.8699,41.07446],[28.87021,41.07497],[28.87025,41.0754],[28.87066,41.07579],[28.87114,41.07589],[28.87217,41.07694],[28.87279,41.07703],[28.87325,41.0767],[28.87359,41.07681],[28.87403,41.07657],[28.87449,41.07654],[28.87373,41.07778],[28.8737,41.07958],[28.87412,41.08004],[28.87377,41.08045],[28.87414,41.08091],[28.87398,41.08113],[28.87402,41.08142],[28.87268,41.08291],[28.87227,41.08298],[28.87164,41.08342],[28.87156,41.08378],[28.87109,41.08408],[28.87115,41.08446],[28.87072,41.08482],[28.86847,41.08563],[28.8683,41.08597],[28.86838,41.08634],[28.86759,41.08701],[28.86703,41.08655],[28.86654,41.08664],[28.86632,41.08694],[28.86602,41.08673],[28.86562,41.08672],[28.86519,41.0871],[28.86545,41.08752],[28.86472,41.08773],[28.86428,41.08753],[28.86431,41.08702],[28.86411,41.08676],[28.86368,41.08666],[28.86324,41.08685],[28.86309,41.08748],[28.86322,41.08777],[28.86441,41.08812],[28.86472,41.08852],[28.8652,41.08855],[28.86452,41.08888],[28.86428,41.08975],[28.8627,41.09074],[28.8626,41.09103],[28.86194,41.09161],[28.86178,41.09204],[28.86187,41.09233],[28.8613,41.0927],[28.86094,41.09321],[28.86094,41.09349],[28.86044,41.09365],[28.86036,41.09412],[28.85982,41.09431],[28.85852,41.09569],[28.85816,41.09641],[28.85772,41.09681],[28.85766,41.09737],[28.85725,41.0976],[28.85723,41.098],[28.85642,41.09878],[28.85605,41.09946],[28.85573,41.09967],[28.85568,41.10002],[28.8543,41.1007],[28.85424,41.10099],[28.85447,41.1015],[28.85396,41.10174],[28.85366,41.10271],[28.85324,41.10337],[28.85274,41.10364],[28.85283,41.10411],[28.85251,41.10432],[28.85176,41.10575],[28.85178,41.1062],[28.85111,41.10689],[28.85001,41.10733],[28.84991,41.10778],[28.84931,41.10835],[28.84886,41.10831],[28.84853,41.10849],[28.84833,41.1089],[28.84844,41.10924],[28.84813,41.10982],[28.84767,41.11009],[28.8477,41.11048],[28.8475,41.1107],[28.84706,41.11076],[28.84548,41.1116],[28.84557,41.11206],[28.84513,41.11246],[28.84478,41.11327],[28.84481,41.11497],[28.845,41.11565],[28.84487,41.11597],[28.84542,41.1166],[28.84553,41.11726],[28.84522,41.11765],[28.84545,41.11801],[28.84534,41.11832],[28.84487,41.11867],[28.84497,41.11903],[28.84474,41.12014],[28.8439,41.12077],[28.8436,41.12139],[28.8431,41.12194],[28.84269,41.12307],[28.8429,41.12342],[28.84339,41.12352],[28.84422,41.12318],[28.84453,41.12252],[28.84478,41.12242],[28.84559,41.12255],[28.84577,41.12271],[28.84559,41.12385],[28.84539,41.12422],[28.84556,41.1245],[28.84586,41.12463],[28.84631,41.12456],[28.84657,41.12428],[28.84651,41.12398],[28.84619,41.12376],[28.8462,41.12355],[28.84636,41.12275],[28.84683,41.12241],[28.84664,41.12197],[28.8468,41.12172],[28.8472,41.12136],[28.84728,41.12182],[28.84752,41.12206],[28.84796,41.12213],[28.84831,41.12198],[28.84845,41.1217],[28.84834,41.12143],[28.84862,41.12107],[28.8485,41.12075],[28.84923,41.12079],[28.84965,41.12045],[28.84949,41.12004],[28.849,41.11991],[28.85143,41.11787],[28.85229,41.11777],[28.85347,41.11807],[28.85422,41.11788],[28.85426,41.11833],[28.85475,41.11854],[28.85513,41.11844],[28.85534,41.11815],[28.85592,41.11785],[28.85689,41.11804],[28.85739,41.11789],[28.85876,41.11808],[28.859,41.11854],[28.85858,41.11898],[28.85802,41.11909],[28.85784,41.11937],[28.85805,41.11976],[28.8586,41.11985],[28.85895,41.11963],[28.85912,41.1192],[28.85961,41.1195],[28.8602,41.11927],[28.86023,41.11888],[28.8598,41.11846],[28.85992,41.11805],[28.85952,41.11775],[28.8576,41.11747],[28.85941,41.11728],[28.86118,41.11738],[28.86162,41.11699],[28.86183,41.1164],[28.8629,41.11588],[28.86338,41.1154],[28.86487,41.11503],[28.86518,41.11473],[28.86575,41.11457],[28.86758,41.11477],[28.86799,41.11461],[28.86818,41.11421],[28.86872,41.11442],[28.86922,41.11422],[28.86935,41.11391],[28.8692,41.11361],[28.86967,41.11327],[28.86972,41.11293],[28.86943,41.11266],[28.86852,41.1124],[28.86894,41.11214],[28.86904,41.1118],[28.86883,41.11154],[28.86845,41.11144],[28.86818,41.11131],[28.8688,41.11129],[28.86907,41.11091],[28.86982,41.11096],[28.87008,41.11068],[28.87,41.11034],[28.87087,41.11043],[28.87117,41.11013],[28.87105,41.10974],[28.87201,41.10985],[28.87232,41.10955],[28.87223,41.1091],[28.8726,41.10933],[28.873,41.10935],[28.87333,41.10917],[28.87348,41.10882],[28.87322,41.10844],[28.87225,41.10816],[28.87283,41.10767],[28.87275,41.10721],[28.87224,41.10702],[28.87194,41.1066],[28.87127,41.10665],[28.8714,41.10631],[28.87202,41.10633],[28.8724,41.10607],[28.87235,41.10551],[28.8716,41.10504],[28.87175,41.10473],[28.87217,41.10447],[28.87212,41.10405],[28.8724,41.10376],[28.87279,41.10374],[28.87326,41.10347],[28.87319,41.10286],[28.87363,41.10263],[28.87371,41.10208],[28.87343,41.10181],[28.87277,41.10174],[28.87246,41.10151],[28.87253,41.1012],[28.87229,41.10092],[28.87236,41.10034],[28.87269,41.10003],[28.87257,41.09966],[28.87048,41.09905],[28.87001,41.09847],[28.87081,41.09858],[28.87111,41.09891],[28.87218,41.09921],[28.87266,41.09908],[28.87283,41.09868],[28.87258,41.09839],[28.87163,41.0981],[28.87072,41.09808],[28.87045,41.09766],[28.87048,41.09731],[28.87133,41.09779],[28.873,41.09793],[28.8733,41.09773],[28.87337,41.09746],[28.87386,41.09757],[28.8743,41.09737],[28.87439,41.09701],[28.8748,41.09671],[28.87468,41.09628],[28.87487,41.09588],[28.87548,41.09602],[28.87592,41.09583],[28.87598,41.09541],[28.87556,41.09514],[28.87561,41.09458],[28.8759,41.09435],[28.8759,41.094],[28.87529,41.09364],[28.87423,41.09337],[28.87427,41.09293],[28.87601,41.09339],[28.87648,41.09304],[28.87625,41.09259],[28.87635,41.09209],[28.87764,41.09245],[28.87816,41.0923],[28.87824,41.0918],[28.87765,41.09151],[28.8777,41.09086],[28.87802,41.09047],[28.87776,41.09001],[28.87857,41.08969],[28.87874,41.08947],[28.8787,41.08919],[28.8793,41.08889],[28.88005,41.08886],[28.88052,41.08831],[28.88124,41.08849],[28.88171,41.08833],[28.88178,41.08783],[28.88133,41.08743],[28.88094,41.08732],[28.88076,41.08708],[28.88088,41.08697],[28.88156,41.08695],[28.88201,41.08727],[28.88255,41.08718],[28.8831,41.0879],[28.88371,41.08801],[28.88373,41.0885],[28.8835,41.08897],[28.88292,41.08914],[28.8827,41.08949],[28.88275,41.09007],[28.88343,41.09033],[28.88362,41.09068],[28.88302,41.09078],[28.8828,41.09121],[28.883,41.09148],[28.88405,41.09199],[28.88492,41.09213],[28.8854,41.09201],[28.88624,41.09108],[28.88666,41.09111],[28.88702,41.09089],[28.88709,41.09064],[28.88692,41.09036],[28.88612,41.09016],[28.88629,41.08972],[28.88691,41.0895],[28.88767,41.08975],[28.88803,41.0901],[28.88981,41.09033],[28.89025,41.09063],[28.89076,41.09054],[28.89128,41.09078],[28.89197,41.09064],[28.89234,41.0909],[28.89295,41.09078],[28.89346,41.09102],[28.89411,41.09073],[28.89484,41.09114],[28.89541,41.09093],[28.89571,41.091],[28.89533,41.09131],[28.89526,41.09161],[28.89551,41.09191],[28.89594,41.09202],[28.89644,41.09175],[28.89654,41.09138],[28.89634,41.09108],[28.89664,41.0907],[28.89717,41.09082],[28.89792,41.09038],[28.89838,41.09063],[28.89894,41.09043],[28.89904,41.09018],[28.89895,41.08993],[28.89833,41.0897],[28.89835,41.08935],[28.89862,41.0892],[28.89909,41.08914],[28.89948,41.0895],[28.89947,41.08977],[28.89966,41.08999],[28.90085,41.09037],[28.90216,41.09038],[28.90256,41.09017],[28.90492,41.0902],[28.90551,41.08979],[28.90565,41.0883],[28.90612,41.0884],[28.9068,41.08828],[28.9066,41.08865],[28.9061,41.089],[28.90619,41.08934],[28.90655,41.08953],[28.90614,41.09003],[28.90629,41.09043],[28.90615,41.09102],[28.90581,41.0914],[28.90421,41.09166],[28.90381,41.09218],[28.90391,41.09248],[28.90417,41.09264],[28.90522,41.09263],[28.90479,41.09323],[28.90435,41.09349],[28.90441,41.09402],[28.90478,41.09422],[28.90555,41.09424],[28.90575,41.09452],[28.90613,41.09463],[28.90669,41.09435],[28.90756,41.09448],[28.90793,41.09409],[28.90874,41.09401],[28.90905,41.0937],[28.90876,41.09277],[28.90752,41.09227],[28.90709,41.09192],[28.90719,41.0914],[28.90686,41.09107],[28.90701,41.09052],[28.90731,41.09022],[28.90732,41.08976],[28.90765,41.09033],[28.90858,41.09076],[28.90897,41.09065],[28.90935,41.09027],[28.91016,41.0908],[28.91061,41.09084],[28.91114,41.09055],[28.91153,41.08996],[28.91191,41.09],[28.91237,41.09078],[28.91422,41.09125],[28.91507,41.0923],[28.91541,41.09246],[28.91591,41.09237],[28.9161,41.09216],[28.9161,41.09188],[28.91673,41.09161],[28.91671,41.09123],[28.91619,41.09098],[28.91621,41.09085],[28.91666,41.09101],[28.91707,41.09089],[28.91757,41.09119],[28.9181,41.09102],[28.91842,41.09139],[28.9191,41.09144],[28.91966,41.091],[28.91968,41.09061],[28.91993,41.09057],[28.92077,41.09112],[28.92062,41.09142],[28.92075,41.09171],[28.92132,41.09187],[28.92178,41.0917],[28.92191,41.09132],[28.92238,41.09163],[28.92296,41.09148],[28.9231,41.0912],[28.92295,41.09089],[28.9231,41.09059],[28.92298,41.09032],[28.92429,41.09037],[28.92506,41.08979],[28.92517,41.08954],[28.92507,41.08929],[28.92458,41.08883],[28.92424,41.08872],[28.92577,41.08807],[28.92575,41.08768],[28.92504,41.08738],[28.92513,41.08722],[28.92599,41.08761],[28.92644,41.08758],[28.92673,41.0879],[28.92718,41.08794],[28.92839,41.08844],[28.92879,41.08828],[28.92891,41.08787],[28.92943,41.08753],[28.92989,41.08788],[28.9305,41.08769],[28.93056,41.08727],[28.93004,41.08699],[28.92996,41.08675],[28.93246,41.08762],[28.93366,41.08781],[28.93389,41.08803],[28.93361,41.08839],[28.93256,41.08831],[28.9321,41.08862],[28.9322,41.08903],[28.93297,41.0895],[28.93382,41.08921],[28.93407,41.08895],[28.93472,41.089],[28.93527,41.08927],[28.936,41.0888],[28.93699,41.08859],[28.9379,41.08767],[28.93776,41.08706],[28.93811,41.08754],[28.93861,41.08764],[28.93856,41.08811],[28.93908,41.08838],[28.93864,41.08853],[28.93843,41.08878],[28.93734,41.08903],[28.93679,41.08889],[28.93597,41.08917],[28.93411,41.09113],[28.93354,41.09136],[28.93354,41.09178],[28.93402,41.09208],[28.93469,41.0919],[28.93472,41.09143],[28.93602,41.09001],[28.93665,41.09004],[28.93783,41.08962],[28.93796,41.08997],[28.93836,41.09014],[28.93762,41.09032],[28.9366,41.09016],[28.93615,41.09024],[28.93527,41.09098],[28.93514,41.0915],[28.93576,41.0918],[28.93705,41.09148],[28.93765,41.09176],[28.93826,41.09157],[28.93847,41.09128],[28.93924,41.09106],[28.93964,41.09126],[28.94011,41.09127],[28.94109,41.09095],[28.94222,41.0911],[28.94265,41.09138],[28.94386,41.09146],[28.94432,41.09115],[28.94442,41.09082],[28.94332,41.08951],[28.94288,41.08944],[28.94198,41.08974],[28.94159,41.09009],[28.94146,41.09054],[28.94091,41.09021],[28.94046,41.09021],[28.9403,41.0898],[28.93992,41.08955],[28.94037,41.08916],[28.94045,41.0895],[28.94088,41.0897],[28.94149,41.08944],[28.94302,41.08931],[28.94327,41.08912],[28.94323,41.08887],[28.94376,41.08874],[28.94414,41.08906],[28.944,41.08935],[28.94413,41.08963],[28.94476,41.08978],[28.94512,41.08957],[28.94549,41.08882],[28.94681,41.0883],[28.94724,41.08835],[28.94715,41.08862],[28.94727,41.08886],[28.947,41.08928],[28.94605,41.08995],[28.94567,41.09062],[28.94637,41.09211],[28.947,41.09226],[28.94771,41.09185],[28.94786,41.09122],[28.94771,41.09092],[28.94838,41.0903],[28.94798,41.08968],[28.94821,41.08945],[28.94941,41.08961],[28.94904,41.08973],[28.94857,41.0902],[28.94851,41.09062],[28.94894,41.09089],[28.9497,41.0908],[28.94988,41.09149],[28.95051,41.09165],[28.95084,41.09147],[28.95094,41.09117],[28.95077,41.0909],[28.95029,41.09071],[28.95049,41.09043],[28.95037,41.0901],[28.95087,41.08987],[28.95094,41.08943],[28.95074,41.08917],[28.94975,41.08867],[28.95058,41.08769],[28.95049,41.08729],[28.95102,41.08694],[28.95127,41.0865],[28.95158,41.08631],[28.95273,41.08624],[28.95277,41.08808],[28.95311,41.08837],[28.95366,41.08837],[28.95419,41.08808],[28.95433,41.08766],[28.95437,41.08706],[28.95409,41.08675],[28.95413,41.08629],[28.95389,41.08608],[28.9541,41.08558],[28.95403,41.08515],[28.95421,41.08492],[28.95418,41.08466],[28.95503,41.08498],[28.95448,41.08508],[28.95422,41.08541],[28.95443,41.0858],[28.95492,41.0859],[28.9553,41.08571],[28.9555,41.08526],[28.95605,41.08511],[28.95618,41.08483],[28.95694,41.08464],[28.95733,41.08493],[28.95821,41.08492],[28.95848,41.08455],[28.95826,41.0842],[28.95899,41.08395],[28.95917,41.0846],[28.95939,41.0848],[28.95983,41.08487],[28.96033,41.0847],[28.96032,41.08505],[28.96007,41.08541],[28.96027,41.0858],[28.96012,41.08644],[28.95851,41.08641],[28.95816,41.08669],[28.95823,41.08708],[28.95855,41.08726],[28.95897,41.08724],[28.95895,41.08784],[28.95938,41.08811],[28.95999,41.08792],[28.96009,41.08739],[28.96112,41.08746],[28.96142,41.08812],[28.96189,41.08826],[28.96229,41.08863],[28.96289,41.08861],[28.96295,41.08923],[28.96332,41.0895],[28.96377,41.08947],[28.96409,41.08918],[28.9645,41.08927],[28.96557,41.08905],[28.96606,41.08804],[28.96587,41.08749],[28.96615,41.08732],[28.96673,41.08759],[28.96799,41.08769],[28.96841,41.08735],[28.96824,41.0867],[28.96898,41.08682],[28.97034,41.08639],[28.97084,41.08586],[28.97231,41.08517],[28.97251,41.08417],[28.97288,41.08457],[28.97301,41.08542],[28.97286,41.08575],[28.9731,41.08628],[28.97277,41.08684],[28.97279,41.08714],[28.97194,41.08705],[28.97161,41.08723],[28.97151,41.08748],[28.97172,41.08783],[28.97222,41.08792],[28.97225,41.08856],[28.97246,41.08882],[28.97295,41.08892],[28.97348,41.0887],[28.97421,41.08881],[28.9745,41.08855],[28.9744,41.08814],[28.97452,41.08796],[28.97521,41.08825],[28.97572,41.0882],[28.97596,41.08795],[28.97595,41.08767],[28.97678,41.08743],[28.97689,41.08714],[28.9767,41.08685],[28.97696,41.08655],[28.97727,41.08656],[28.97723,41.08752],[28.97754,41.08777],[28.97796,41.08778],[28.97796,41.08794],[28.97737,41.08831],[28.97747,41.08872],[28.97722,41.0891],[28.97735,41.08939],[28.97775,41.08955],[28.97819,41.08946],[28.97841,41.08916],[28.97832,41.08879],[28.97905,41.0892],[28.97947,41.08907],[28.97965,41.08877],[28.97984,41.0894],[28.98042,41.08956],[28.98083,41.08933],[28.98086,41.08895],[28.98058,41.08867],[28.9802,41.0886],[28.98011,41.08802],[28.97959,41.08777],[28.97899,41.08694],[28.97935,41.08679],[28.97948,41.08654],[28.97964,41.08693],[28.97999,41.08712],[28.98006,41.08753],[28.98049,41.08773],[28.98054,41.08804],[28.98084,41.08824],[28.98124,41.08826],[28.98158,41.08806],[28.98178,41.08833],[28.98216,41.08844],[28.98267,41.08822],[28.9835,41.08821],[28.98377,41.08799],[28.98379,41.08769],[28.98334,41.08725],[28.98336,41.08681],[28.98295,41.0865],[28.98328,41.08629],[28.98335,41.08599],[28.98264,41.08542],[28.98265,41.08508],[28.98376,41.08402],[28.98424,41.08411],[28.98441,41.08442],[28.98477,41.08455],[28.98516,41.08448],[28.98542,41.0842],[28.98534,41.08386],[28.9849,41.08366],[28.98481,41.08343],[28.98538,41.08263],[28.98492,41.08195],[28.98493,41.08152],[28.98446,41.08128],[28.98343,41.08145],[28.98346,41.08101],[28.9831,41.08071],[28.98293,41.08022],[28.9832,41.08046],[28.98365,41.0805],[28.98401,41.08028],[28.98416,41.07977],[28.98462,41.07981],[28.98495,41.07962],[28.98626,41.07972],[28.98673,41.07936],[28.98734,41.0793],[28.98755,41.07904],[28.98747,41.07871],[28.98789,41.07867],[28.98818,41.0784],[28.98817,41.0781],[28.98786,41.07783],[28.98831,41.07783],[28.98895,41.07748],[28.98929,41.0767],[28.98979,41.0766],[28.98996,41.0769],[28.99038,41.07704],[28.99076,41.07694],[28.99102,41.07663],[28.99154,41.07691],[28.99215,41.07665],[28.99275,41.07684],[28.99313,41.07665],[28.99323,41.07634],[28.99386,41.07609],[28.99439,41.07612],[28.99473,41.07586],[28.99531,41.07592],[28.99568,41.07556],[28.99619,41.07571],[28.99666,41.07548],[28.99733,41.07549],[28.9976,41.07508],[28.99728,41.07472],[28.99785,41.0744],[28.99802,41.07413],[28.99793,41.07384],[28.99755,41.07361],[28.99861,41.07344],[28.99916,41.07359],[28.99962,41.07336],[29.00018,41.07337],[29.00048,41.07311],[29.00089,41.07319],[29.00125,41.07357],[29.00165,41.07362],[29.002,41.07346],[29.00217,41.07315],[29.00287,41.07313],[29.00308,41.07269],[29.00331,41.07257],[29.00385,41.07257],[29.00417,41.07222],[29.00478,41.07205],[29.00693,41.07174],[29.00782,41.07197],[29.00829,41.0718],[29.00782,41.07248],[29.00784,41.07279],[29.00742,41.07238],[29.00699,41.07227],[29.00623,41.07263],[29.00555,41.07256],[29.00524,41.07301],[29.00465,41.07274],[29.00363,41.07309],[29.00345,41.07341],[29.00362,41.07373],[29.00454,41.074],[29.0049,41.07442],[29.00571,41.07439],[29.00645,41.0751],[29.00579,41.07516],[29.00517,41.07501],[29.00484,41.07472],[29.0043,41.07475],[29.00388,41.07456],[29.00227,41.07468],[29.00201,41.07514],[29.00222,41.0754],[29.00261,41.0755],[29.00254,41.07575],[29.0028,41.07627],[29.00275,41.07649],[29.00233,41.07668],[29.00225,41.07705],[29.00172,41.07725],[29.00164,41.07764],[29.00122,41.07783],[29.0012,41.07832],[29.00009,41.07834],[28.99983,41.0788],[28.99899,41.07897],[28.99856,41.07978],[28.99808,41.07991],[28.9979,41.08028],[28.99629,41.08047],[28.99594,41.08069],[28.99598,41.08117],[28.99554,41.08136],[28.99529,41.08197],[28.9954,41.08234],[28.99499,41.08247],[28.99481,41.08274],[28.99512,41.08319],[28.99512,41.08399],[28.99559,41.08436],[28.99557,41.08454],[28.99526,41.08482],[28.99474,41.08498],[28.99461,41.08535],[28.9949,41.08566],[28.99478,41.08597],[28.99495,41.08625],[28.99621,41.08673],[28.99634,41.08721],[28.99692,41.08734],[28.99781,41.08807],[28.9975,41.0886],[28.99697,41.08814],[28.99657,41.08815],[28.99627,41.08835],[28.99629,41.08881],[28.99667,41.08901],[28.99709,41.08895],[28.99711,41.08923],[28.99656,41.08986],[28.99611,41.0897],[28.99565,41.08986],[28.99551,41.09014],[28.99567,41.09045],[28.99562,41.09077],[28.99482,41.09086],[28.99451,41.09148],[28.99386,41.09198],[28.99381,41.09232],[28.99413,41.09261],[28.99391,41.0934],[28.99335,41.0933],[28.99272,41.09353],[28.99153,41.09319],[28.99115,41.09338],[28.99107,41.09375],[28.99081,41.09401],[28.98956,41.094],[28.98929,41.09433],[28.98942,41.09466],[28.98976,41.09482],[28.99016,41.09478],[28.99057,41.09503],[28.99028,41.09505],[28.98946,41.09571],[28.98887,41.09511],[28.98868,41.09422],[28.98834,41.09406],[28.98789,41.09413],[28.98762,41.09445],[28.98778,41.09481],[28.9877,41.09514],[28.98789,41.09539],[28.9879,41.0958],[28.98833,41.09603],[28.98833,41.09646],[28.98808,41.09667],[28.98804,41.09693],[28.98873,41.09771],[28.98828,41.0979],[28.98757,41.09715],[28.98704,41.09702],[28.98683,41.09664],[28.98599,41.09648],[28.98563,41.0966],[28.98545,41.09688],[28.98597,41.09763],[28.98588,41.09784],[28.98511,41.09775],[28.98465,41.09806],[28.98474,41.0997],[28.98506,41.09995],[28.98553,41.09995],[28.98556,41.10033],[28.986,41.10064],[28.98667,41.10062],[28.98731,41.10021],[28.98744,41.09996],[28.98736,41.09967],[28.98765,41.09947],[28.98787,41.09902],[28.98866,41.09918],[28.98829,41.09961],[28.98793,41.09969],[28.98769,41.09993],[28.98776,41.10031],[28.98813,41.1005],[28.98875,41.10032],[28.98879,41.09986],[28.98915,41.09944],[28.99087,41.10011],[28.9929,41.09993],[28.99332,41.10007],[28.99303,41.1003],[28.99302,41.10065],[28.99334,41.10089],[28.99382,41.10089],[28.99378,41.10144],[28.99435,41.10172],[28.99437,41.10196],[28.99412,41.10207],[28.99319,41.10194],[28.99262,41.10161],[28.99191,41.10199],[28.98942,41.1015],[28.98904,41.1013],[28.98851,41.10134],[28.988,41.101],[28.98698,41.10128],[28.98676,41.10167],[28.98693,41.10194],[28.98729,41.10207],[28.98713,41.10237],[28.98724,41.1027],[28.98767,41.10291],[28.98815,41.10278],[28.9884,41.10294],[28.98814,41.10322],[28.98825,41.1036],[28.98865,41.10376],[28.98907,41.10368],[28.98931,41.10392],[28.98892,41.10456],[28.98904,41.10488],[28.98895,41.10512],[28.98915,41.10531],[28.98858,41.10498],[28.98844,41.10453],[28.98802,41.10439],[28.98733,41.10378],[28.9876,41.10331],[28.98747,41.10298],[28.98701,41.10281],[28.98659,41.10294],[28.98563,41.10255],[28.98565,41.10224],[28.98537,41.10197],[28.98471,41.10201],[28.98445,41.10248],[28.98372,41.10211],[28.98269,41.10217],[28.98222,41.10179],[28.98145,41.10198],[28.98111,41.10165],[28.98092,41.10111],[28.98062,41.1009],[28.98017,41.1009],[28.97984,41.10114],[28.97982,41.10162],[28.98049,41.10243],[28.9812,41.10285],[28.98256,41.10309],[28.98362,41.10356],[28.98316,41.10445],[28.98333,41.10472],[28.98379,41.1049],[28.9835,41.10527],[28.98357,41.10559],[28.98293,41.10586],[28.98302,41.10632],[28.98342,41.10648],[28.98381,41.10641],[28.98405,41.10617],[28.98409,41.10581],[28.98445,41.10571],[28.98488,41.1053],[28.98498,41.10589],[28.98566,41.10637],[28.98534,41.10697],[28.98544,41.10803],[28.9858,41.10868],[28.98585,41.10935],[28.9864,41.10976],[28.98613,41.10999],[28.98585,41.11072],[28.98559,41.11096],[28.98559,41.11123],[28.98482,41.11138],[28.9843,41.11125],[28.9839,41.11091],[28.98325,41.11097],[28.98153,41.11064],[28.98104,41.11035],[28.9806,41.11044],[28.98038,41.11074],[28.98047,41.11104],[28.98079,41.11122],[28.98143,41.11108],[28.98304,41.11139],[28.98285,41.11168],[28.98295,41.11199],[28.98142,41.11189],[28.98106,41.1121],[28.98101,41.11245],[28.98135,41.11273],[28.98298,41.11305],[28.98304,41.11335],[28.98333,41.11355],[28.9841,41.11357],[28.98428,41.11397],[28.98398,41.11428],[28.98384,41.11484],[28.98404,41.1151],[28.98441,41.1152],[28.98484,41.11507],[28.98501,41.1148],[28.98552,41.11482],[28.98624,41.11445],[28.98685,41.114],[28.98711,41.11344],[28.98773,41.11326],[28.98858,41.11238],[28.98909,41.11218],[28.98957,41.11146],[28.98918,41.11096],[28.98919,41.11037],[28.98966,41.11001],[28.9897,41.10967],[28.99041,41.10962],[28.99041,41.11014],[28.99078,41.11034],[28.99123,41.11028],[28.99122,41.11057],[28.99141,41.11079],[28.99221,41.11089],[28.99326,41.11131],[28.99314,41.11165],[28.99248,41.11154],[28.99202,41.11185],[28.99205,41.11218],[28.99183,41.11238],[28.99181,41.11269],[28.99204,41.11293],[28.99243,41.11301],[28.99344,41.11238],[28.99362,41.11193],[28.99402,41.11192],[28.99432,41.11172],[28.9943,41.11126],[28.99476,41.10983],[28.99513,41.10945],[28.99616,41.1097],[28.99656,41.11001],[28.99719,41.10987],[28.99733,41.10954],[28.99711,41.10923],[28.9974,41.10893],[28.99727,41.10824],[28.99739,41.10814],[28.99842,41.10835],[28.99908,41.10812],[28.99908,41.1084],[28.99878,41.10882],[28.99914,41.1092],[29.00027,41.10897],[29.00081,41.10751],[29.00051,41.10691],[29.00054,41.10654],[29.00005,41.10619],[29.00004,41.10595],[29.00033,41.10561],[29.00012,41.10522],[29.00042,41.10391],[29.00134,41.10372],[29.00148,41.10324],[29.00213,41.10313],[29.00245,41.10255],[29.00278,41.10242],[29.00296,41.10215],[29.0029,41.10189],[29.0026,41.10169],[29.00175,41.10173],[29.00165,41.10152],[29.00193,41.10108],[29.00376,41.10059],[29.00458,41.10025],[29.0048,41.09992],[29.00618,41.09955],[29.00738,41.09866],[29.00896,41.10088],[29.00896,41.10115],[29.00929,41.10143],[29.00932,41.10179],[29.00985,41.10203],[29.0102,41.1025],[29.01021,41.10298],[29.0107,41.10319],[29.0112,41.10299],[29.01123,41.10253],[29.01073,41.10229],[29.01036,41.10181],[29.01065,41.10178],[29.01104,41.10221],[29.01149,41.10225],[29.01202,41.10196],[29.012,41.10147],[29.01173,41.10124],[29.01123,41.10118],[29.01088,41.10083],[29.0101,41.10089],[29.00982,41.10063],[29.00942,41.10058],[29.00836,41.0991],[29.00879,41.09887],[29.00882,41.09849],[29.00826,41.09821],[29.00747,41.09708],[29.00786,41.09677],[29.00784,41.09634],[29.00755,41.09617],[29.00708,41.09629],[29.00685,41.09565],[29.00643,41.09545],[29.00617,41.09453],[29.00641,41.09427],[29.00677,41.09445],[29.00717,41.09441],[29.00748,41.09399],[29.00786,41.09418],[29.00829,41.09413],[29.00866,41.0946],[29.00902,41.09473],[29.00966,41.09473],[29.01033,41.0945],[29.01064,41.09414],[29.01092,41.09461],[29.01127,41.09477],[29.0118,41.09465],[29.01206,41.09419],[29.01272,41.09489],[29.01317,41.0949],[29.0135,41.09466],[29.01338,41.09416],[29.01276,41.09405],[29.01242,41.09384],[29.01237,41.09355],[29.01213,41.09336],[29.01118,41.09319],[29.01093,41.0929],[29.0105,41.09283],[29.01028,41.09227],[29.00971,41.09211],[29.00904,41.09147],[29.0087,41.0909],[29.00886,41.09064],[29.00882,41.09018],[29.00966,41.09105],[29.00978,41.09143],[29.01123,41.09233],[29.01149,41.09285],[29.01259,41.09335],[29.01298,41.09383],[29.0134,41.09391],[29.01348,41.09421],[29.01392,41.09459],[29.01394,41.09503],[29.01551,41.09498],[29.01586,41.09475],[29.01585,41.0943],[29.01619,41.09395],[29.0161,41.09365],[29.01578,41.09347],[29.01618,41.09309],[29.01598,41.09225],[29.01695,41.09126],[29.01699,41.091],[29.01681,41.09076],[29.01753,41.09067],[29.0178,41.0903],[29.01744,41.08988],[29.01641,41.08992],[29.01614,41.08978],[29.0162,41.08949],[29.01601,41.08906],[29.01543,41.08868],[29.01554,41.08854],[29.01633,41.08856],[29.01658,41.08872],[29.01673,41.08911],[29.01769,41.08971],[29.0182,41.08966],[29.01847,41.08929],[29.01821,41.08873],[29.01712,41.08835],[29.01679,41.08812],[29.01662,41.08775],[29.01612,41.08762],[29.01555,41.08705],[29.01492,41.0868],[29.01443,41.08623],[29.01392,41.08617],[29.01352,41.08647],[29.01317,41.08589],[29.01225,41.08545],[29.01237,41.08529],[29.01269,41.08526],[29.01327,41.08559],[29.01377,41.08549],[29.01422,41.08583],[29.01465,41.08587],[29.0157,41.08676],[29.01584,41.08721],[29.01623,41.08739],[29.01688,41.08794],[29.01727,41.08802],[29.01763,41.08789],[29.01781,41.08762],[29.01767,41.08602],[29.01838,41.08595],[29.01855,41.08572],[29.01852,41.08533],[29.01892,41.08524],[29.01913,41.08498],[29.01901,41.0846],[29.01851,41.08444],[29.01871,41.08377],[29.01885,41.0838],[29.01884,41.08429],[29.01909,41.08458],[29.01947,41.08465],[29.02011,41.0845],[29.02032,41.08424],[29.02024,41.08391],[29.02069,41.08355],[29.02057,41.08287],[29.02072,41.08258],[29.021,41.08251],[29.02074,41.08284],[29.02089,41.08319],[29.02037,41.08516],[29.02006,41.08555],[29.02023,41.08587],[29.02059,41.086],[29.02111,41.08585],[29.02123,41.08544],[29.02168,41.08555],[29.02173,41.08588],[29.02199,41.08611],[29.02239,41.08616],[29.02274,41.086],[29.02283,41.08555],[29.02257,41.08532],[29.02217,41.08527],[29.02217,41.08493],[29.02183,41.08468],[29.02179,41.08411],[29.02209,41.08433],[29.02254,41.08433],[29.0232,41.08369],[29.02406,41.08486],[29.02386,41.08508],[29.02388,41.08538],[29.02437,41.08566],[29.02489,41.08551],[29.02499,41.08507],[29.02509,41.08506],[29.02504,41.08533],[29.0252,41.08556],[29.02585,41.08566],[29.02621,41.08534],[29.02599,41.08489],[29.02609,41.08483],[29.02634,41.08518],[29.02685,41.08524],[29.0272,41.08502],[29.02725,41.08467],[29.02777,41.08475],[29.02815,41.0845],[29.02879,41.08467],[29.02915,41.08445],[29.02921,41.08415],[29.02959,41.08411],[29.02987,41.08431],[29.02999,41.0852],[29.02969,41.0855],[29.0297,41.0858],[29.03017,41.08618],[29.03062,41.08622],[29.03095,41.08604],[29.03105,41.08575],[29.03058,41.08526],[29.03046,41.08426],[29.03086,41.08371],[29.03167,41.08383],[29.03197,41.08412],[29.03195,41.08457],[29.03243,41.08481],[29.03259,41.08526],[29.0322,41.08539],[29.03141,41.08616],[29.03131,41.08646],[29.03143,41.08701],[29.03115,41.08735],[29.03136,41.08774],[29.03123,41.08795],[29.03061,41.08811],[29.02999,41.08808],[29.02959,41.08835],[29.02949,41.08864],[29.0297,41.08895],[29.03013,41.08905],[29.03068,41.0888],[29.03085,41.08853],[29.03142,41.08837],[29.03173,41.08847],[29.03194,41.08869],[29.03193,41.08913],[29.03231,41.08942],[29.03176,41.08953],[29.03159,41.08994],[29.03221,41.09046],[29.03279,41.0905],[29.03307,41.09075],[29.0334,41.09064],[29.03408,41.09084],[29.03535,41.09007],[29.03545,41.08982],[29.03535,41.08957],[29.03579,41.0895],[29.03607,41.08926],[29.03658,41.08943],[29.03748,41.08921],[29.03779,41.08941],[29.03732,41.08954],[29.03715,41.0899],[29.03731,41.09018],[29.03762,41.0903],[29.03867,41.09021],[29.03904,41.08986],[29.03948,41.0899],[29.0399,41.08955],[29.04022,41.08956],[29.04155,41.0901],[29.04191,41.09048],[29.04262,41.09034],[29.0446,41.09045],[29.04477,41.09082],[29.04533,41.09105],[29.04579,41.09088],[29.04589,41.09045],[29.04618,41.09028],[29.0465,41.09053],[29.04583,41.09092],[29.04579,41.09138],[29.04614,41.09161],[29.04658,41.09158],[29.04675,41.09191],[29.04735,41.09214],[29.04767,41.09248],[29.04778,41.09303],[29.04827,41.09323],[29.04877,41.09303],[29.04884,41.09261],[29.04922,41.09275],[29.04965,41.09266],[29.04988,41.09232],[29.05041,41.09213],[29.05049,41.09175],[29.05002,41.09143],[29.04972,41.09098],[29.04912,41.09099],[29.04862,41.09069],[29.04747,41.09077],[29.04731,41.09047],[29.04836,41.09034],[29.04868,41.09016],[29.04936,41.0902],[29.05069,41.09047],[29.05137,41.09083],[29.05196,41.09073],[29.05264,41.09094],[29.05348,41.09015],[29.05351,41.08984],[29.05326,41.08959],[29.05341,41.08948],[29.05386,41.0898],[29.05485,41.08954],[29.05516,41.08976],[29.05556,41.08978],[29.05594,41.08952],[29.05611,41.08905],[29.05604,41.08879],[29.05634,41.08877],[29.05664,41.08897],[29.05615,41.09018],[29.05581,41.0904],[29.05574,41.0907],[29.05615,41.09104],[29.05674,41.09094],[29.05692,41.09066],[29.05673,41.09028],[29.05689,41.08974],[29.05745,41.08865],[29.05721,41.08819],[29.05754,41.08747],[29.05746,41.08713],[29.0577,41.08678],[29.05758,41.0865],[29.05771,41.0855],[29.05735,41.08487],[29.05727,41.08433],[29.05744,41.08393],[29.05716,41.08363],[29.05681,41.08251],[29.05644,41.08208],[29.05652,41.08182],[29.05635,41.08155],[29.05579,41.08142],[29.05495,41.08074],[29.05347,41.08006],[29.05293,41.08013],[29.05162,41.07965],[29.05065,41.07967],[29.04814,41.07897],[29.0476,41.07909],[29.04656,41.07895],[29.04596,41.07833],[29.04498,41.07811],[29.0442,41.07743],[29.0441,41.07723],[29.04427,41.07652],[29.04405,41.07608],[29.04336,41.07542],[29.04296,41.07537],[29.04201,41.07565],[29.04109,41.07668],[29.03975,41.07667],[29.03949,41.07701],[29.03898,41.0772],[29.03891,41.07762],[29.03841,41.07761],[29.03808,41.0778],[29.03751,41.07764],[29.03617,41.07807],[29.03513,41.07808],[29.03499,41.07762],[29.03442,41.0775],[29.03472,41.07716],[29.03468,41.07681],[29.03405,41.07643],[29.03621,41.07566],[29.03644,41.07535],[29.03629,41.07476],[29.03594,41.07454],[29.03519,41.07465],[29.03485,41.07436],[29.03415,41.07441],[29.03385,41.07419],[29.03335,41.07418],[29.03295,41.07447],[29.03291,41.07518],[29.03245,41.07553],[29.03248,41.07577],[29.03292,41.07604],[29.03289,41.07615],[29.0324,41.07624],[29.03171,41.07594],[29.03164,41.07572],[29.03124,41.07554],[29.03128,41.07514],[29.0317,41.07501],[29.03188,41.07466],[29.03246,41.07431],[29.03302,41.07419],[29.03318,41.07375],[29.03289,41.07348],[29.03238,41.07345],[29.03208,41.07365],[29.03203,41.07399],[29.03155,41.07429],[29.0311,41.07395],[29.03069,41.0739],[29.03022,41.0733],[29.0296,41.07286],[29.03,41.0727],[29.03014,41.07242],[29.02974,41.07194],[29.02994,41.07132],[29.02968,41.07085],[29.02912,41.0708],[29.02878,41.07108],[29.02816,41.07114],[29.02782,41.07162],[29.02725,41.07182],[29.02665,41.0717],[29.0263,41.07192],[29.02623,41.07222],[29.02639,41.07245],[29.02755,41.07283],[29.02713,41.07322],[29.02755,41.07384],[29.0273,41.07403],[29.02615,41.07383],[29.02594,41.0736],[29.02601,41.07315],[29.02632,41.07291],[29.02635,41.07261],[29.02611,41.07236],[29.02567,41.07229],[29.02517,41.07259],[29.02506,41.07316],[29.02387,41.07321],[29.02345,41.07358],[29.02295,41.07359],[29.02215,41.07475],[29.02215,41.0739],[29.02241,41.07344],[29.02157,41.0716],[29.02141,41.071],[29.02163,41.07061],[29.02109,41.06891],[29.02072,41.06876],[29.01947,41.06892],[29.01863,41.07006],[29.01813,41.07029],[29.01811,41.07089],[29.01758,41.06892],[29.01852,41.06815],[29.01859,41.06789],[29.01843,41.06762],[29.01771,41.06734],[29.01665,41.06743],[29.01608,41.06727],[29.01502,41.06783],[29.01485,41.06812],[29.01466,41.06809],[29.01451,41.06771],[29.01467,41.06737],[29.01454,41.06698],[29.01529,41.06697],[29.01597,41.06718],[29.01632,41.06696],[29.01635,41.06658],[29.01581,41.0663],[29.01528,41.06652],[29.01484,41.06653],[29.01464,41.06595],[29.01485,41.06566],[29.01476,41.06536],[29.01438,41.06517],[29.01383,41.0653],[29.01351,41.06508],[29.01301,41.06515],[29.01265,41.06415],[29.01284,41.06382],[29.01317,41.0638],[29.01358,41.06418],[29.01413,41.06417],[29.01459,41.06361],[29.01515,41.06341],[29.01524,41.06308],[29.01496,41.06259],[29.01429,41.06234],[29.01566,41.0613],[29.01546,41.06086],[29.01564,41.05995],[29.01551,41.05967],[29.01522,41.05954],[29.01521,41.05931],[29.01572,41.05907],[29.01627,41.05907],[29.01658,41.05876],[29.01701,41.05873],[29.0173,41.05847],[29.0172,41.05805],[29.01672,41.05786],[29.01679,41.05755],[29.01654,41.05727],[29.01599,41.05722],[29.01562,41.05756],[29.01517,41.05739],[29.0158,41.05695],[29.01581,41.05669],[29.01558,41.05645],[29.01702,41.05595],[29.01767,41.0559],[29.01786,41.05569],[29.01785,41.05538],[29.01838,41.05526],[29.01856,41.0549],[29.01909,41.0547],[29.01918,41.05436],[29.01855,41.05381],[29.01753,41.05387],[29.01731,41.05407],[29.01716,41.05463],[29.01668,41.05507],[29.0167,41.05557],[29.0141,41.05641],[29.01377,41.05683],[29.01332,41.05708],[29.01301,41.05693],[29.01319,41.05651],[29.01283,41.05618],[29.01261,41.05529],[29.01184,41.05491],[29.01215,41.05468],[29.01258,41.0547],[29.01292,41.0545],[29.01348,41.05455],[29.01414,41.05487],[29.01575,41.05467],[29.01636,41.05408],[29.01684,41.05399],[29.01706,41.0536],[29.01679,41.05326],[29.01701,41.0531],[29.01754,41.05319],[29.01832,41.05245],[29.01873,41.05232],[29.0189,41.052],[29.01874,41.05168],[29.01832,41.05155],[29.01789,41.05168],[29.01763,41.05245],[29.01732,41.05271],[29.01681,41.05263],[29.01613,41.05314],[29.0159,41.05379],[29.01552,41.05424],[29.01435,41.05439],[29.01456,41.05405],[29.01547,41.05356],[29.01675,41.05203],[29.01723,41.05184],[29.01725,41.05134],[29.0175,41.05105],[29.0179,41.0507],[29.01862,41.0504],[29.01898,41.05054],[29.01942,41.05044],[29.01963,41.05018],[29.01954,41.04984],[29.01893,41.04965],[29.01842,41.04997],[29.01751,41.04928],[29.01685,41.04952],[29.01618,41.0494],[29.0158,41.04966],[29.0157,41.04995],[29.01596,41.05028],[29.0165,41.05033],[29.0164,41.05076],[29.01601,41.05107],[29.01558,41.05106],[29.01516,41.05125],[29.01491,41.05097],[29.01516,41.05076],[29.0152,41.0505],[29.0149,41.05019],[29.01429,41.0502],[29.01374,41.0507],[29.0136,41.05049],[29.01408,41.05009],[29.01397,41.04949],[29.01368,41.04922],[29.01323,41.04919],[29.01237,41.04946],[29.01215,41.04981],[29.01248,41.05021],[29.01263,41.05099],[29.01318,41.05123],[29.01331,41.05151],[29.01276,41.05127],[29.01193,41.05134],[29.01203,41.05102],[29.0119,41.05078],[29.01091,41.05041],[29.01126,41.04986],[29.01105,41.04913],[29.0117,41.04853],[29.01178,41.04806],[29.01272,41.04773],[29.01271,41.04727],[29.01309,41.04709],[29.01314,41.04665],[29.01358,41.04635],[29.01344,41.04589],[29.01302,41.04576],[29.01219,41.04585],[29.01177,41.04623],[29.01143,41.04608],[29.01103,41.04612],[29.01072,41.04642],[29.01077,41.04697],[29.01057,41.04629],[29.0108,41.04606],[29.01078,41.04575],[29.01046,41.04551],[29.01001,41.0455],[29.00971,41.0457],[29.00964,41.04596],[29.00998,41.04633],[29.01041,41.04778],[29.00973,41.04806],[29.00948,41.04736],[29.00965,41.04709],[29.00958,41.04684],[29.00864,41.04644],[29.00809,41.04672],[29.00808,41.04706],[29.00837,41.04732],[29.00794,41.04778],[29.00774,41.04675],[29.00806,41.04651],[29.00804,41.04601],[29.00831,41.04564],[29.00791,41.04511],[29.0095,41.04444],[29.00955,41.0441],[29.00925,41.04383],[29.0091,41.04339],[29.00835,41.04312],[29.00735,41.04315],[29.00726,41.04259],[29.00679,41.04235],[29.00609,41.04247],[29.00578,41.0428],[29.00534,41.04283],[29.00504,41.0431],[29.0047,41.04309],[29.00457,41.04277],[29.00397,41.04246],[29.00377,41.042],[29.0039,41.04192],[29.00418,41.0422],[29.00495,41.04235],[29.0055,41.04224],[29.00572,41.04204],[29.00574,41.04174],[29.00516,41.04125],[29.00447,41.0411],[29.00403,41.04123],[29.00349,41.0409],[29.00353,41.04051],[29.00315,41.04025],[29.0026,41.04032],[29.00231,41.04076],[28.99988,41.0402],[28.99934,41.03992],[28.99886,41.03931],[28.99838,41.03908],[28.99912,41.03908],[28.99947,41.03886],[28.99952,41.03852],[28.99914,41.03798],[28.99801,41.03775],[28.99755,41.03786],[28.99687,41.03761],[28.99658,41.03737],[28.99667,41.03708],[28.99651,41.03681],[28.99555,41.0366],[28.99535,41.03632],[28.99491,41.03622],[28.995,41.03603],[28.99474,41.03571],[28.9948,41.03529],[28.99432,41.03501],[28.99472,41.03486],[28.9949,41.03459],[28.99464,41.03417],[28.99477,41.03374],[28.99444,41.03343],[28.9947,41.03321],[28.99473,41.03291],[28.99424,41.03245],[28.99362,41.03252],[28.9931,41.03239],[28.99343,41.03194],[28.99326,41.03157],[28.99279,41.03144],[28.99235,41.03163],[28.99225,41.03197],[28.99249,41.03238],[28.9922,41.03208],[28.9918,41.03197],[28.99131,41.03115],[28.99065,41.03098],[28.99065,41.03057],[28.99023,41.03028],[28.99019,41.02995],[28.98938,41.029],[28.9888,41.02879],[28.98833,41.02894],[28.98825,41.02848],[28.9879,41.02826],[28.98684,41.02849],[28.98566,41.02816],[28.985,41.02791],[28.9847,41.02757],[28.98429,41.02749],[28.98399,41.02716],[28.98317,41.02683],[28.98277,41.02692],[28.98281,41.02652],[28.98233,41.0262],[28.98241,41.02591],[28.98277,41.02566],[28.98281,41.0254],[28.98237,41.02488],[28.98166,41.02447],[28.98065,41.0245],[28.97916,41.02353],[28.97895,41.02316],[28.97796,41.02265],[28.97801,41.0223],[28.97773,41.02189],[28.97698,41.02155],[28.97741,41.02115],[28.9771,41.02071],[28.97671,41.02066],[28.97632,41.02085],[28.97622,41.02114],[28.9764,41.02145],[28.97577,41.02118],[28.97471,41.02133],[28.97413,41.02052],[28.97412,41.02011],[28.97355,41.01979],[28.97355,41.01925],[28.97304,41.019],[28.97284,41.01873],[28.97333,41.01878],[28.97385,41.01839],[28.97447,41.01837],[28.97471,41.01813],[28.97471,41.01785],[28.97506,41.01802],[28.97551,41.01796],[28.97575,41.01771],[28.97574,41.01733],[28.97632,41.01758],[28.97717,41.01705],[28.97752,41.01721],[28.97796,41.01715],[28.97823,41.01678],[28.97796,41.01637],[28.97851,41.0164],[28.97904,41.01666],[28.97954,41.01645],[28.97998,41.0166],[28.98095,41.01643],[28.98115,41.01685],[28.9818,41.01713],[28.98297,41.01663],[28.98289,41.01701],[28.98317,41.01728],[28.98492,41.01756],[28.98586,41.0179],[28.98674,41.0177],[28.98701,41.01747],[28.98721,41.01653],[28.9876,41.0162],[28.9874,41.01577],[28.98748,41.01545],[28.98787,41.01511],[28.98765,41.01466],[28.98791,41.01438],[28.98785,41.01408],[28.98751,41.01386],[28.987,41.01391],[28.98653,41.01471],[28.98621,41.01423],[28.98627,41.01381],[28.98557,41.01266],[28.9851,41.01241],[28.98485,41.01163],[28.98449,41.01144],[28.98428,41.01105],[28.98344,41.01099],[28.98327,41.01071],[28.98279,41.01058],[28.9825,41.01021],[28.98277,41.0098],[28.98233,41.00934],[28.9826,41.00903],[28.98254,41.0084],[28.98195,41.00812],[28.98207,41.00785],[28.98198,41.0076],[28.9822,41.0073],[28.98206,41.00696],[28.98226,41.00665],[28.98263,41.00647],[28.98273,41.00616],[28.98336,41.0059],[28.98337,41.00555],[28.98305,41.00525],[28.98381,41.00556],[28.98418,41.00543],[28.98435,41.00512],[28.98422,41.00483],[28.98375,41.00466],[28.98325,41.00387],[28.9829,41.00368],[28.98247,41.00289],[28.98198,41.00279],[28.98151,41.00304],[28.98083,41.00311],[28.98011,41.00302],[28.97974,41.0028],[28.97958,41.00249],[28.9789,41.00221],[28.9783,41.00222],[28.97786,41.00192],[28.97742,41.00198],[28.97624,41.00101],[28.97569,41.00104],[28.97521,41.00077],[28.97301,41.00085],[28.9726,41.00072],[28.97209,41.00093],[28.9716,41.00092],[28.97129,41.00114],[28.9704,41.0012],[28.9697,41.00163],[28.96926,41.00153],[28.96872,41.00177],[28.96825,41.00168],[28.96781,41.00196],[28.9655,41.0021],[28.96514,41.00193],[28.96426,41.0019],[28.96376,41.00219],[28.96288,41.0019],[28.9625,41.00209],[28.96242,41.00246],[28.9619,41.00252],[28.96131,41.00188],[28.96082,41.00179],[28.96038,41.00205],[28.96038,41.00255],[28.95995,41.00249],[28.95936,41.00213],[28.95932,41.00179],[28.95902,41.00158],[28.95733,41.00175],[28.95675,41.00153],[28.95655,41.00111],[28.95612,41.00101],[28.95575,41.00114],[28.95559,41.00154],[28.95518,41.00177],[28.95511,41.00202],[28.95524,41.00228],[28.95466,41.0022],[28.95424,41.00238],[28.95375,41.00214],[28.95354,41.00179],[28.95284,41.00166],[28.95271,41.00148],[28.95368,40.99925],[28.95451,40.9988],[28.95464,40.99843],[28.95429,40.9981],[28.95311,40.99796],[28.95305,40.9977],[28.95276,40.99749],[28.95225,40.9975],[28.95194,40.99784],[28.95141,40.99771],[28.95106,40.99739],[28.95061,40.99739],[28.95025,40.99771],[28.95037,40.99809],[28.95,40.99831],[28.94879,40.99797],[28.94835,40.99803],[28.94803,40.99846],[28.94816,40.99884],[28.94763,41.0001],[28.94738,41.0002],[28.94697,41.0001],[28.94657,40.99976],[28.94598,40.99985],[28.94522,40.99944],[28.94464,40.99954],[28.9436,40.999],[28.94284,40.99888],[28.94243,40.999],[28.94087,40.99862],[28.94073,40.99842],[28.94135,40.99761],[28.9423,40.99722],[28.94299,40.99724],[28.94341,40.9969],[28.94432,40.99671],[28.9447,40.99686],[28.94514,40.99676],[28.94534,40.99629],[28.94478,40.99596],[28.94421,40.99626],[28.94322,40.99647],[28.94255,40.99641],[28.94224,40.99675],[28.94104,40.99723],[28.94043,40.99725],[28.94017,40.99767],[28.93953,40.99807],[28.93891,40.99821],[28.93877,40.99849],[28.93886,40.99875],[28.93918,40.99893],[28.93959,40.99891],[28.93974,40.99929],[28.93882,41.00148],[28.93827,41.0017],[28.93634,41.00085],[28.93442,40.99953],[28.93415,40.99922],[28.93434,40.99884],[28.93402,40.99809],[28.93343,40.99781],[28.93314,40.99714],[28.93298,40.99674],[28.93305,40.99631],[28.93221,40.99574],[28.9324,40.99549],[28.93235,40.99519],[28.93198,40.99497],[28.93172,40.99448],[28.93106,40.99443],[28.92934,40.99344],[28.9292,40.99331],[28.92952,40.99291],[28.92931,40.99256],[28.92876,40.99247],[28.92812,40.9928],[28.92799,40.99317],[28.9283,40.99349],[28.9282,40.9938],[28.92807,40.99377],[28.92733,40.9932],[28.92657,40.99331],[28.92493,40.99267],[28.92375,40.99175],[28.92436,40.99155],[28.92446,40.99102],[28.92513,40.9908],[28.92518,40.99045],[28.92489,40.99019],[28.92424,40.99023],[28.92386,40.99084],[28.9229,40.99078],[28.9223,40.99049],[28.92193,40.99062],[28.92173,40.99095],[28.92112,40.9903],[28.92069,40.98937],[28.92154,40.98919],[28.92295,40.98923],[28.92349,40.98865],[28.92329,40.98822],[28.92231,40.98786],[28.92187,40.98795],[28.92165,40.98827],[28.92065,40.98814],[28.92013,40.98779],[28.91954,40.98803],[28.91823,40.98807],[28.91774,40.98787],[28.91723,40.98808],[28.91676,40.98791],[28.91629,40.98808],[28.91612,40.98776],[28.91576,40.98763],[28.91519,40.98785],[28.91478,40.98781],[28.91501,40.98697],[28.91488,40.98664],[28.91454,40.98648],[28.91412,40.98654],[28.91363,40.98633],[28.91337,40.98597],[28.91272,40.98596],[28.91246,40.98561],[28.91173,40.98534],[28.91131,40.98479],[28.9113,40.98432],[28.91077,40.98411],[28.90992,40.98292],[28.90942,40.9825],[28.90935,40.98213],[28.90886,40.98192],[28.90831,40.98219],[28.90771,40.98192],[28.90718,40.98215],[28.90724,40.98265],[28.90768,40.98295],[28.90811,40.98299],[28.90846,40.98332],[28.90759,40.98373],[28.90693,40.98383],[28.90687,40.98343],[28.90635,40.98305],[28.90568,40.98322],[28.90564,40.98368],[28.90601,40.98401],[28.90647,40.98411],[28.90645,40.9844],[28.90664,40.98462],[28.90625,40.98478],[28.9061,40.98512],[28.90544,40.98504],[28.90298,40.98334],[28.90307,40.98309],[28.90351,40.9831],[28.90381,40.98289],[28.90388,40.98264],[28.90372,40.98236],[28.90308,40.98226],[28.9027,40.98198],[28.90216,40.98205],[28.90155,40.98187],[28.90083,40.98207],[28.90062,40.98258],[28.89995,40.98247],[28.89947,40.98263],[28.89912,40.9824],[28.89849,40.98236],[28.89813,40.98248],[28.89796,40.98275],[28.89691,40.98283],[28.89658,40.98322],[28.89662,40.98356],[28.89609,40.98392],[28.89614,40.98422],[28.89645,40.98443],[28.89633,40.98488],[28.89574,40.98494],[28.89543,40.98543],[28.89555,40.9859],[28.89513,40.98633],[28.89542,40.98672],[28.89546,40.98774],[28.89586,40.98797],[28.89692,40.98794],[28.89683,40.98831],[28.89695,40.98855],[28.89778,40.98872],[28.89787,40.98892],[28.89761,40.98943],[28.89767,40.98973],[28.89802,40.98996],[28.89851,40.98995],[28.89883,40.99033],[28.89885,40.9908],[28.89927,40.991],[28.8997,40.99136],[28.89982,40.99171],[28.90019,40.99191],[28.9003,40.99249],[28.90114,40.99292],[28.90144,40.99336],[28.9024,40.99365],[28.90235,40.99399],[28.90255,40.99425],[28.90346,40.99447],[28.90369,40.99486],[28.90367,40.99527],[28.90345,40.99561],[28.90377,40.99602],[28.90371,40.99632],[28.9033,40.99621],[28.90292,40.99572],[28.90307,40.99538],[28.90281,40.99505],[28.90216,40.99504],[28.9018,40.99462],[28.90061,40.99452],[28.89969,40.99417],[28.89916,40.99429],[28.89876,40.99481],[28.89834,40.99462],[28.89786,40.99474],[28.89768,40.99506],[28.89788,40.99542],[28.89769,40.99552],[28.89733,40.99533],[28.89648,40.99533],[28.89637,40.99493],[28.89574,40.99478],[28.89557,40.99441],[28.89522,40.99425],[28.89535,40.99381],[28.89525,40.99356],[28.89464,40.99336],[28.89426,40.99355],[28.89412,40.99393],[28.89458,40.99433],[28.89447,40.99484],[28.89495,40.99591],[28.89408,40.99631],[28.89386,40.99668],[28.89335,40.99688],[28.89299,40.99749],[28.89306,40.99782],[28.89277,40.99812],[28.8928,40.99854],[28.89252,40.99831],[28.89202,40.99834],[28.89249,40.99748],[28.89225,40.99687],[28.8927,40.9965],[28.89299,40.99573],[28.89239,40.99526],[28.89175,40.99541],[28.89108,40.99527],[28.89133,40.99485],[28.89118,40.99434],[28.89151,40.99402],[28.89254,40.99388],[28.89289,40.99359],[28.89328,40.99368],[28.89369,40.99352],[28.89383,40.99323],[28.89371,40.99294],[28.89313,40.99269],[28.8926,40.99305],[28.892,40.99308],[28.89173,40.99347],[28.89131,40.9936],[28.89082,40.99349],[28.89005,40.99382],[28.88914,40.99366],[28.88804,40.99376],[28.88774,40.99428],[28.8881,40.99485],[28.88783,40.99536],[28.88717,40.9955],[28.88692,40.99579],[28.88694,40.99614],[28.88717,40.99635],[28.88684,40.99691],[28.88703,40.99729],[28.88667,40.99767],[28.88543,40.99761],[28.88479,40.99734],[28.88352,40.99753],[28.88325,40.99786],[28.88339,40.99826],[28.88325,40.99882],[28.88297,40.99905],[28.88282,40.9996],[28.88254,40.99935],[28.88209,40.99926],[28.88197,40.99905],[28.88215,40.99868],[28.88199,40.99841],[28.88098,40.99829],[28.88113,40.99771],[28.88072,40.99736],[28.88009,40.9975],[28.87982,40.99812],[28.87865,40.99765],[28.87815,40.9977],[28.87788,40.99807],[28.87817,40.99853],[28.87709,40.99805],[28.87712,40.99684],[28.87774,40.99669],[28.8792,40.99676],[28.87977,40.997],[28.88014,40.99687],[28.88031,40.99655],[28.88024,40.996],[28.87984,40.99577],[28.8793,40.99589],[28.87913,40.99631],[28.87828,40.99628],[28.87806,40.99583],[28.87821,40.99547],[28.87967,40.99552],[28.88017,40.99578],[28.8804,40.9962],[28.88082,40.99634],[28.88175,40.99595],[28.8819,40.9954],[28.88159,40.99505],[28.88097,40.995],[28.88101,40.9946],[28.88046,40.99432],[28.88055,40.99399],[28.88035,40.99372],[28.87901,40.99346],[28.87913,40.99297],[28.87983,40.99261],[28.87971,40.99212],[28.87901,40.99203],[28.87874,40.99225],[28.87865,40.9927],[28.87828,40.99267],[28.87819,40.99249],[28.87867,40.99222],[28.87867,40.99179],[28.87893,40.99157],[28.87897,40.99131],[28.87781,40.9905],[28.87762,40.98966],[28.87781,40.98956],[28.87819,40.99024],[28.87899,40.9907],[28.88074,40.99074],[28.88171,40.9902],[28.88181,40.99071],[28.8823,40.99091],[28.88272,40.99078],[28.8829,40.99042],[28.88273,40.99015],[28.88221,40.98988],[28.88262,40.98956],[28.88268,40.98925],[28.88292,40.98908],[28.8835,40.98905],[28.88377,40.98867],[28.88428,40.9891],[28.884,40.9897],[28.88431,40.9901],[28.88489,40.99014],[28.88531,40.98986],[28.88612,40.98974],[28.88638,40.98946],[28.8863,40.98881],[28.88652,40.98842],[28.88614,40.98804],[28.88633,40.98762],[28.8859,40.9871],[28.88612,40.98676],[28.88582,40.98636],[28.88591,40.98431],[28.88543,40.98354],[28.88587,40.9829],[28.88889,40.98288],[28.88974,40.98317],[28.89009,40.98302],[28.89023,40.98275],[28.8909,40.9826],[28.89132,40.98272],[28.89173,40.98261],[28.89327,40.98268],[28.89362,40.9824],[28.89365,40.98192],[28.89314,40.98158],[28.89242,40.98146],[28.89204,40.98156],[28.89165,40.98112],[28.89054,40.98066],[28.89001,40.98069],[28.88938,40.98042],[28.88988,40.97973],[28.88977,40.97931],[28.88932,40.97914],[28.88889,40.97928],[28.88863,40.97896],[28.88777,40.97873],[28.88756,40.97833],[28.88713,40.97822],[28.88685,40.97795],[28.88644,40.97791],[28.88576,40.97695],[28.88521,40.97694],[28.88478,40.97656],[28.8844,40.97646],[28.88358,40.97675],[28.88333,40.97701],[28.883,40.97662],[28.88264,40.97649],[28.88221,40.97659],[28.882,40.97684],[28.88162,40.97682],[28.88104,40.97617],[28.88052,40.97605],[28.87965,40.97534],[28.87967,40.97505],[28.87944,40.97481],[28.87832,40.97442],[28.87779,40.97449],[28.87727,40.97432],[28.87711,40.97382],[28.87725,40.9737],[28.87866,40.97371],[28.87895,40.97345],[28.87891,40.9731],[28.87807,40.9723],[28.87707,40.97183],[28.87652,40.97191],[28.87608,40.97242],[28.87554,40.97242],[28.87574,40.97221],[28.87573,40.9719],[28.87488,40.97102],[28.87423,40.97096],[28.87391,40.97139],[28.87355,40.97114],[28.87323,40.97066],[28.87352,40.97017],[28.87327,40.96979],[28.87222,40.96968],[28.87167,40.96939],[28.87111,40.96967],[28.87048,40.96938],[28.86984,40.96966],[28.86952,40.9694],[28.86864,40.96933],[28.86818,40.96909],[28.86779,40.96916],[28.86755,40.96939],[28.86604,40.96929],[28.86554,40.96957],[28.86552,40.96997],[28.86578,40.97023],[28.86573,40.97347],[28.8611,40.97405],[28.86066,40.97384],[28.85943,40.97396],[28.85951,40.97369],[28.85938,40.97345],[28.8587,40.97332],[28.85837,40.97356],[28.85833,40.97404],[28.8576,40.97391],[28.85716,40.97411],[28.857,40.97436],[28.85705,40.9754],[28.85685,40.97578],[28.85622,40.97583],[28.856,40.97626],[28.85549,40.97624],[28.85508,40.976],[28.85439,40.97605],[28.85372,40.97513],[28.85393,40.97491],[28.85391,40.9746],[28.85348,40.97433],[28.85299,40.97442],[28.85277,40.97476],[28.85348,40.97571],[28.85273,40.97522],[28.85127,40.9754],[28.85094,40.9752],[28.84977,40.97507],[28.84943,40.97535],[28.84949,40.97573],[28.85048,40.97603],[28.8514,40.97699],[28.85116,40.97716],[28.85036,40.97695],[28.84989,40.97711],[28.84973,40.97748],[28.84989,40.97779],[28.84963,40.97827],[28.84917,40.97853],[28.84923,40.97896],[28.84879,40.97928],[28.84811,40.97921],[28.84753,40.97889],[28.84669,40.97896],[28.84652,40.97886],[28.84652,40.97836],[28.84571,40.97785],[28.84555,40.9775],[28.84519,40.97736],[28.84475,40.97746],[28.84454,40.97772],[28.84447,40.97861],[28.84404,40.97873],[28.84382,40.97903],[28.84395,40.97936],[28.84438,40.97953],[28.84403,40.97994],[28.84432,40.98033],[28.8441,40.9806],[28.8434,40.9806],[28.84314,40.98093],[28.8433,40.98129],[28.84393,40.9816],[28.84372,40.98183],[28.84332,40.98175],[28.84292,40.9819],[28.84191,40.98132],[28.84189,40.98103],[28.84168,40.98083],[28.84129,40.98075],[28.84092,40.98088],[28.84077,40.98133],[28.84127,40.98172],[28.84081,40.98164],[28.8404,40.98187],[28.84045,40.98267],[28.84009,40.98338],[28.83961,40.98368],[28.83955,40.984],[28.8397,40.98426],[28.83957,40.98468],[28.83932,40.98491],[28.83879,40.98496],[28.83853,40.98524],[28.83861,40.98558],[28.83916,40.9859],[28.839,40.98645],[28.83885,40.98662],[28.8385,40.98618],[28.83757,40.98619],[28.83727,40.98639],[28.8372,40.98693],[28.83694,40.98716],[28.83651,40.98718],[28.8367,40.98677],[28.83625,40.98609],[28.83545,40.98379],[28.83557,40.98359],[28.83653,40.98334],[28.83709,40.98343],[28.83751,40.98307],[28.83808,40.98315],[28.83857,40.98275],[28.83919,40.98273],[28.83947,40.98236],[28.83916,40.98196],[28.83871,40.98192],[28.83835,40.98215],[28.838,40.98192],[28.8376,40.98191],[28.83717,40.9823],[28.83504,40.98305],[28.8337,40.98299],[28.8333,40.98328],[28.82995,40.98428],[28.82737,40.98439],[28.82677,40.98365],[28.82606,40.98359],[28.82626,40.98309],[28.82702,40.98278],[28.82715,40.98318],[28.8282,40.98341],[28.82853,40.98317],[28.82865,40.98253],[28.82833,40.98205],[28.82799,40.98194],[28.82789,40.98178],[28.82804,40.98152],[28.82854,40.98166],[28.82874,40.98191],[28.82875,40.98224],[28.82904,40.98238],[28.82951,40.98234],[28.82978,40.98186],[28.8303,40.9817],[28.83043,40.98137],[28.83015,40.98082],[28.83027,40.98056],[28.83015,40.98026],[28.83052,40.97985],[28.83031,40.9795],[28.82916,40.97937],[28.82874,40.97918],[28.82809,40.9793],[28.82792,40.979],[28.82757,40.97887],[28.82696,40.97912],[28.82645,40.97907],[28.82633,40.97888],[28.82644,40.97836],[28.82619,40.97807],[28.82474,40.97793],[28.82425,40.97751],[28.82314,40.97733],[28.82229,40.9776],[28.82211,40.97787],[28.82218,40.97814],[28.82154,40.97864],[28.8204,40.97839],[28.81995,40.97808],[28.81956,40.97812],[28.81927,40.97838],[28.81835,40.97824],[28.81785,40.97794],[28.8166,40.97832],[28.8165,40.97861],[28.81668,40.97942],[28.81741,40.98045],[28.81919,40.98107],[28.81886,40.98135],[28.8189,40.98169],[28.81931,40.98193],[28.81998,40.98183],[28.82041,40.98291],[28.81933,40.98451],[28.81893,40.98484],[28.81906,40.98545],[28.81867,40.98578],[28.81881,40.98676],[28.81857,40.98711],[28.81887,40.98751],[28.81868,40.98775],[28.81852,40.98882],[28.8191,40.98963],[28.81944,40.98979],[28.82006,40.98959],[28.82294,40.9896],[28.82298,40.99013],[28.82327,40.99041],[28.82302,40.99067],[28.82301,40.99093],[28.82359,40.99128],[28.82375,40.99162],[28.82366,40.9918],[28.82291,40.99202],[28.82273,40.99232],[28.82226,40.99248],[28.82205,40.99274],[28.82229,40.9932],[28.82288,40.99324],[28.82346,40.99354],[28.82304,40.99379],[28.82296,40.99434],[28.82254,40.99451],[28.82185,40.99449],[28.8209,40.99511],[28.82051,40.99565],[28.82084,40.99658],[28.82232,40.99698],[28.82238,40.99771],[28.82186,40.99788],[28.82086,40.99778],[28.82043,40.99799],[28.8203,40.99823],[28.82037,40.9985],[28.81961,40.9995],[28.81962,40.99984],[28.81984,41.00006],[28.81973,41.00033],[28.81865,41.00045],[28.81828,41.0002],[28.81783,41.00023],[28.81601,41.00134],[28.8152,41.00277],[28.81483,41.00295],[28.81412,41.0027],[28.81369,41.00297],[28.81368,41.00379],[28.81397,41.004],[28.8144,41.00402],[28.81446,41.00425],[28.81408,41.00512],[28.81392,41.00622],[28.81351,41.00659],[28.81374,41.00702],[28.8136,41.00735],[28.8138,41.00778],[28.81364,41.00827],[28.81388,41.00876],[28.81388,41.00939],[28.81165,41.00876],[28.81077,41.00826],[28.81026,41.00831],[28.81,41.0086],[28.81012,41.00897],[28.81081,41.00932],[28.81149,41.00927],[28.81396,41.00999],[28.8143,41.01011],[28.81441,41.01051],[28.81422,41.01084],[28.81442,41.01127],[28.81351,41.01131],[28.8133,41.01157],[28.8133,41.01192],[28.81272,41.01202],[28.8125,41.01236],[28.81264,41.01284],[28.81302,41.01314],[28.81363,41.01312],[28.8139,41.01272],[28.81419,41.0128],[28.81423,41.01312],[28.81392,41.01334],[28.81249,41.01363],[28.81218,41.01398],[28.8123,41.01444],[28.81299,41.01458],[28.81299,41.01482],[28.81281,41.01505],[28.81291,41.01541],[28.81274,41.01578],[28.81218,41.01589],[28.81201,41.0163],[28.81236,41.01663],[28.81311,41.01663],[28.81287,41.0172],[28.8131,41.01756],[28.81296,41.01822],[28.81259,41.01844],[28.8121,41.01942],[28.81244,41.01997],[28.81263,41.02142],[28.81235,41.02175],[28.81258,41.02216],[28.8122,41.02456],[28.81212,41.02386],[28.81162,41.02376],[28.81145,41.02391],[28.81139,41.02457],[28.81118,41.02491],[28.81144,41.02529],[28.81207,41.02534],[28.81215,41.02575],[28.81258,41.02601],[28.81248,41.02625],[28.81207,41.02631],[28.81181,41.02659],[28.80973,41.02699],[28.80929,41.02653],[28.80844,41.02631],[28.80796,41.02638],[28.80741,41.02511],[28.80709,41.02493],[28.80669,41.02494],[28.80632,41.02535],[28.80653,41.0257],[28.8064,41.02617],[28.80676,41.02762],[28.8066,41.02804],[28.80487,41.02801],[28.80412,41.02852],[28.80427,41.02893],[28.80497,41.0292],[28.80443,41.02965],[28.80462,41.03014],[28.80557,41.03032],[28.80608,41.03011],[28.8066,41.03012],[28.80663,41.03056],[28.80718,41.03077],[28.80765,41.03053],[28.80771,41.02996],[28.80817,41.02993],[28.80835,41.02973],[28.8083,41.0292],[28.80769,41.02906],[28.80767,41.02878],[28.80824,41.02889],[28.80875,41.02875],[28.80857,41.02935],[28.80873,41.02999],[28.80899,41.03022],[28.80944,41.03025],[28.80977,41.03007],[28.81028,41.03023],[28.81064,41.03011],[28.81081,41.02988],[28.81076,41.02958],[28.81046,41.02937],[28.81006,41.02935],[28.80961,41.02866],[28.80983,41.02835],[28.81037,41.02816],[28.81043,41.02774],[28.81063,41.02764],[28.81111,41.02753],[28.81147,41.02777],[28.81117,41.0282],[28.81161,41.02865],[28.81161,41.02888],[28.81108,41.02915],[28.81086,41.02994],[28.81081,41.0307],[28.81095,41.03095],[28.81063,41.03221],[28.81088,41.03267],[28.81084,41.0331],[28.81053,41.03337],[28.81063,41.03379],[28.81044,41.0341],[28.81061,41.03483],[28.81052,41.03516],[28.81069,41.0354],[28.81059,41.0359],[28.81088,41.03621],[28.81056,41.03673],[28.81083,41.03711],[28.8108,41.03747],[28.81045,41.03775],[28.81,41.03915],[28.80954,41.03915],[28.80922,41.03939],[28.80933,41.03987],[28.80805,41.0428],[28.80766,41.04302],[28.80766,41.04347],[28.80752,41.04359],[28.80672,41.04319],[28.80597,41.04353],[28.80598,41.04306],[28.80568,41.04278],[28.80576,41.04223],[28.80611,41.04191],[28.80627,41.04107],[28.80681,41.04111],[28.80717,41.04078],[28.80705,41.04041],[28.8064,41.04021],[28.80641,41.04003],[28.80722,41.04001],[28.80788,41.04019],[28.80824,41.03998],[28.80839,41.03955],[28.80823,41.03919],[28.80777,41.03905],[28.80787,41.03876],[28.80771,41.03848],[28.80735,41.03835],[28.80692,41.03844],[28.80699,41.03784],[28.80678,41.03753],[28.80604,41.03746],[28.80567,41.03787],[28.80432,41.03761],[28.80379,41.03794],[28.80289,41.03803],[28.80259,41.03848],[28.80219,41.03821],[28.80179,41.03819],[28.80147,41.03836],[28.80137,41.0387],[28.80094,41.03889],[28.79967,41.0383],[28.7989,41.03852],[28.79815,41.0392],[28.79777,41.03986],[28.79808,41.04026],[28.79888,41.0403],[28.79785,41.04082],[28.79776,41.04128],[28.79802,41.0415],[28.79852,41.04158],[28.79896,41.04132],[28.79893,41.04077],[28.79911,41.04071],[28.79968,41.04102],[28.80008,41.04098],[28.80059,41.04158],[28.80065,41.04196],[28.8012,41.04232],[28.80117,41.0429],[28.80166,41.04333],[28.80183,41.04375],[28.80233,41.04403],[28.80241,41.04443],[28.80203,41.04464],[28.80174,41.04442],[28.80133,41.04456],[28.80092,41.04443],[28.80054,41.04453],[28.8,41.04425],[28.7994,41.04447],[28.7988,41.04418],[28.79833,41.04442],[28.79824,41.04492],[28.79705,41.04481],[28.79628,41.0459],[28.79644,41.04622],[28.79681,41.04636],[28.79682,41.04666],[28.79708,41.04689],[28.79704,41.04717],[28.79674,41.04729],[28.79656,41.04756],[28.79677,41.04796],[28.79664,41.04823],[28.79678,41.04871],[28.79564,41.04853],[28.79589,41.04821],[28.79584,41.04791],[28.79492,41.04734],[28.79431,41.04753],[28.7942,41.04782],[28.79435,41.04819],[28.79402,41.0483],[28.79364,41.04782],[28.79413,41.04759],[28.79413,41.04716],[28.79379,41.04694],[28.79312,41.04695],[28.79278,41.0471],[28.79264,41.04739],[28.79273,41.04764],[28.79304,41.04782],[28.79284,41.04831],[28.79303,41.0486],[28.79298,41.04895],[28.79319,41.04919],[28.79247,41.04926],[28.7919,41.04909],[28.79144,41.0494],[28.79151,41.04978],[28.79194,41.04998],[28.79256,41.04971],[28.79339,41.04962],[28.79324,41.05115],[28.79239,41.05237],[28.79212,41.05248],[28.79152,41.05233],[28.79108,41.05259],[28.79123,41.05347],[28.79094,41.0539],[28.79144,41.0545],[28.79128,41.05471],[28.79097,41.05493],[28.78958,41.05494],[28.78936,41.05524],[28.78941,41.05573],[28.78913,41.0559],[28.78903,41.05619],[28.78938,41.05657],[28.79023,41.05659],[28.79062,41.05634],[28.79065,41.05579],[28.79162,41.05569],[28.79176,41.05571],[28.79174,41.05601],[28.79193,41.05623],[28.79178,41.05652],[28.79131,41.05675],[28.79108,41.05763],[28.79094,41.05785],[28.79043,41.05808],[28.79037,41.05862],[28.79005,41.0588],[28.78965,41.05943],[28.78835,41.05949],[28.78805,41.05969],[28.78799,41.05999],[28.78839,41.06034],[28.78916,41.06025],[28.78898,41.06049],[28.78901,41.06075],[28.78955,41.06104],[28.79005,41.06084],[28.79047,41.05994],[28.79085,41.06003],[28.79061,41.06051],[28.79074,41.06084],[28.79114,41.061],[28.79157,41.06091],[28.79232,41.05975],[28.79224,41.05935],[28.79312,41.05975],[28.79337,41.06008],[28.7938,41.06015],[28.79321,41.06102],[28.79256,41.06121],[28.79241,41.06164],[28.79145,41.0624],[28.79094,41.06252],[28.79077,41.06293],[28.79136,41.06347],[28.79255,41.06325],[28.79294,41.06346],[28.79344,41.06336],[28.79399,41.06369],[28.79409,41.06462],[28.79498,41.06535],[28.79522,41.06613],[28.79456,41.06622],[28.79426,41.06642],[28.7942,41.06676],[28.79449,41.06703],[28.79528,41.06702],[28.79708,41.0666],[28.79734,41.06681],[28.79773,41.06686],[28.79808,41.06671],[28.79824,41.06644],[28.79856,41.06642],[28.79703,41.0683],[28.7967,41.06837],[28.79649,41.06809],[28.79593,41.06788],[28.79534,41.06811],[28.79532,41.06864],[28.79573,41.06889],[28.7962,41.0689],[28.79606,41.06918],[28.79622,41.06949],[28.79568,41.06955],[28.79555,41.06927],[28.79491,41.06884],[28.79504,41.06857],[28.79494,41.06832],[28.79433,41.06807],[28.79441,41.06776],[28.79415,41.06738],[28.79355,41.06718],[28.79289,41.06753],[28.79285,41.0679],[28.7926,41.06818],[28.79264,41.06846],[28.79237,41.06875],[28.79241,41.06903],[28.79212,41.06933],[28.79222,41.06968],[28.79197,41.07013],[28.79237,41.07062],[28.79123,41.07152],[28.79055,41.07164],[28.79067,41.07122],[28.79028,41.07092],[28.78969,41.07103],[28.78831,41.0707],[28.78833,41.07032],[28.78795,41.07006],[28.78818,41.06914],[28.78799,41.06856],[28.78835,41.0686],[28.78852,41.0688],[28.78857,41.06926],[28.78954,41.06942],[28.7898,41.06934],[28.78992,41.06902],[28.79018,41.06889],[28.79052,41.06917],[28.79103,41.06916],[28.79127,41.06898],[28.79134,41.06868],[28.79093,41.06833],[28.79031,41.06846],[28.78992,41.06816],[28.78941,41.06821],[28.78875,41.06803],[28.78873,41.0676],[28.78801,41.06705],[28.78737,41.06719],[28.78712,41.06783],[28.78684,41.06765],[28.78694,41.06723],[28.78731,41.06695],[28.78775,41.06682],[28.78814,41.06704],[28.78869,41.06691],[28.78931,41.06712],[28.78965,41.06697],[28.78979,41.06668],[28.7897,41.06643],[28.78938,41.06625],[28.78877,41.06637],[28.78833,41.06615],[28.78785,41.06627],[28.78755,41.06607],[28.78749,41.06587],[28.78771,41.06558],[28.78765,41.06507],[28.78742,41.06483],[28.78703,41.06475],[28.78651,41.06508],[28.78581,41.06524],[28.78572,41.06558],[28.78594,41.06586],[28.78476,41.06597],[28.78439,41.06629],[28.78442,41.06662],[28.78464,41.06683],[28.78528,41.06708],[28.78592,41.06699],[28.78613,41.06722],[28.78606,41.06758],[28.78568,41.06791],[28.78588,41.06835],[28.7858,41.06872],[28.78495,41.06894],[28.78435,41.06873],[28.78356,41.06869],[28.78385,41.06841],[28.78383,41.0681],[28.78357,41.06787],[28.78312,41.06784],[28.78269,41.06822],[28.78296,41.06868],[28.78238,41.06888],[28.78004,41.06888],[28.77958,41.06919],[28.77949,41.06995]],[[28.95798,41.07446],[28.9575,41.07406],[28.95704,41.07317],[28.95668,41.07304],[28.95628,41.07311],[28.95594,41.07239],[28.95491,41.07233],[28.95409,41.07201],[28.95428,41.07114],[28.95402,41.0708],[28.95418,41.07046],[28.95397,41.07015],[28.95348,41.07005],[28.95299,41.07025],[28.95233,41.06982],[28.95153,41.06992],[28.95004,41.06946],[28.95013,41.06924],[28.95113,41.06909],[28.9513,41.06886],[28.95125,41.06856],[28.95095,41.06836],[28.95012,41.06823],[28.94953,41.06846],[28.94921,41.06767],[28.94933,41.0674],[28.94924,41.06715],[28.94892,41.06696],[28.94833,41.06696],[28.94888,41.06657],[28.94889,41.06615],[28.94914,41.0658],[28.94897,41.06548],[28.94854,41.06534],[28.94848,41.06464],[28.94943,41.06408],[28.9495,41.06383],[28.94933,41.06355],[28.94897,41.06342],[28.94853,41.06351],[28.94832,41.06377],[28.94838,41.06407],[28.94805,41.06432],[28.94754,41.06441],[28.94731,41.06471],[28.94693,41.06413],[28.94694,41.06386],[28.94723,41.06356],[28.9472,41.0633],[28.94694,41.06307],[28.94648,41.06304],[28.94606,41.06342],[28.94634,41.06405],[28.94543,41.06421],[28.94516,41.0646],[28.94492,41.06469],[28.94431,41.06461],[28.9444,41.0639],[28.94503,41.06311],[28.94554,41.06283],[28.94549,41.06241],[28.94581,41.06217],[28.94605,41.06156],[28.94599,41.06131],[28.94625,41.0611],[28.94665,41.06007],[28.94677,41.05953],[28.94653,41.05925],[28.94658,41.05881],[28.94628,41.0585],[28.94622,41.05819],[28.94674,41.0583],[28.947,41.05817],[28.94733,41.05738],[28.94714,41.0568],[28.94644,41.05648],[28.94585,41.05665],[28.94564,41.05631],[28.94486,41.05603],[28.94366,41.05619],[28.94284,41.05571],[28.94206,41.05549],[28.94118,41.05534],[28.94072,41.05549],[28.9396,41.05518],[28.93889,41.05467],[28.93844,41.05466],[28.9376,41.05381],[28.93749,41.0534],[28.93691,41.05324],[28.93642,41.05271],[28.93635,41.05223],[28.93589,41.05206],[28.93568,41.05132],[28.9359,41.05087],[28.93559,41.05046],[28.93578,41.05014],[28.93557,41.04979],[28.93595,41.04939],[28.93603,41.04906],[28.93647,41.04886],[28.93656,41.0485],[28.93688,41.04818],[28.93724,41.04806],[28.93755,41.04769],[28.93807,41.04772],[28.93841,41.04743],[28.93846,41.04664],[28.93882,41.04628],[28.93867,41.04542],[28.93884,41.04519],[28.9388,41.0449],[28.93915,41.04472],[28.9393,41.04437],[28.939,41.04393],[28.93972,41.04298],[28.94006,41.04286],[28.94024,41.04259],[28.93999,41.04217],[28.93933,41.04216],[28.93907,41.04244],[28.93918,41.04281],[28.93837,41.04392],[28.93769,41.04375],[28.93813,41.04314],[28.93816,41.04284],[28.9391,41.04211],[28.93914,41.04172],[28.93973,41.04156],[28.94018,41.04109],[28.94035,41.04137],[28.94083,41.04157],[28.94075,41.04182],[28.94088,41.04207],[28.9414,41.04223],[28.94191,41.04192],[28.9419,41.04162],[28.94166,41.04141],[28.94181,41.0411],[28.94207,41.04148],[28.94249,41.04161],[28.94296,41.04144],[28.94349,41.04152],[28.94445,41.04114],[28.94485,41.04126],[28.94527,41.04113],[28.94545,41.04051],[28.94624,41.03918],[28.94603,41.03883],[28.94539,41.03877],[28.94531,41.03863],[28.94554,41.03832],[28.94596,41.03846],[28.94639,41.03833],[28.94655,41.0381],[28.94651,41.03782],[28.94706,41.03766],[28.94745,41.03688],[28.94812,41.03652],[28.94829,41.03626],[28.94906,41.03611],[28.94953,41.03567],[28.94969,41.03518],[28.94931,41.03475],[28.94947,41.034],[28.95037,41.03362],[28.95059,41.03332],[28.95047,41.03299],[28.94991,41.03266],[28.95105,41.03161],[28.95151,41.03158],[28.95179,41.03134],[28.95263,41.03135],[28.95297,41.0312],[28.95317,41.03083],[28.95308,41.03008],[28.95322,41.02948],[28.95425,41.02936],[28.95461,41.02903],[28.9555,41.02909],[28.95595,41.02879],[28.95706,41.02878],[28.95749,41.02863],[28.95806,41.0281],[28.95801,41.02764],[28.95977,41.02647],[28.95986,41.02579],[28.9601,41.02534],[28.96048,41.02525],[28.9608,41.02496],[28.96084,41.02451],[28.96138,41.02432],[28.96152,41.02382],[28.96268,41.02341],[28.96746,41.02564],[28.96814,41.02618],[28.96802,41.02678],[28.96771,41.02713],[28.96751,41.02773],[28.96708,41.02777],[28.96681,41.02799],[28.96678,41.02829],[28.96697,41.02851],[28.96741,41.02861],[28.96781,41.02846],[28.96842,41.02711],[28.969,41.02762],[28.9686,41.028],[28.96887,41.02867],[28.96714,41.0295],[28.96654,41.03003],[28.96608,41.02986],[28.96559,41.03006],[28.96551,41.03044],[28.96585,41.03073],[28.96578,41.03104],[28.96528,41.03149],[28.96476,41.03135],[28.96538,41.03104],[28.96536,41.03057],[28.96493,41.03037],[28.96441,41.03053],[28.96433,41.03103],[28.96405,41.03141],[28.96425,41.03165],[28.96283,41.03226],[28.96171,41.03318],[28.96178,41.03392],[28.96149,41.03419],[28.9615,41.03449],[28.96192,41.03494],[28.96255,41.03499],[28.96279,41.03546],[28.96334,41.03551],[28.96359,41.03594],[28.96485,41.03624],[28.96493,41.03659],[28.96559,41.03691],[28.96558,41.03726],[28.9659,41.03751],[28.96636,41.03751],[28.96732,41.03703],[28.96738,41.03732],[28.96785,41.03776],[28.96839,41.03789],[28.96886,41.03752],[28.96956,41.03754],[28.96988,41.03715],[28.97029,41.03705],[28.97049,41.03758],[28.97008,41.03774],[28.96995,41.03806],[28.97017,41.03858],[28.97052,41.03877],[28.97029,41.03908],[28.97046,41.03944],[28.97117,41.03952],[28.97127,41.03985],[28.97156,41.04006],[28.97233,41.03992],[28.97297,41.04021],[28.97333,41.04008],[28.9735,41.03981],[28.97313,41.03924],[28.9738,41.03911],[28.97533,41.03989],[28.97556,41.04019],[28.97527,41.0405],[28.97535,41.04084],[28.97567,41.04102],[28.97627,41.04105],[28.9764,41.0418],[28.97703,41.04199],[28.97713,41.04214],[28.97687,41.04255],[28.97709,41.04296],[28.97693,41.04336],[28.9776,41.04391],[28.97717,41.04425],[28.97735,41.04467],[28.97712,41.0455],[28.97747,41.04583],[28.97821,41.04581],[28.97849,41.04628],[28.97826,41.04654],[28.9783,41.04708],[28.97855,41.04741],[28.97801,41.0477],[28.97787,41.04798],[28.97789,41.0485],[28.97836,41.04878],[28.97843,41.04912],[28.97722,41.05011],[28.97708,41.05044],[28.97725,41.05072],[28.97792,41.05098],[28.97835,41.05146],[28.97794,41.05174],[28.97761,41.05136],[28.97718,41.05126],[28.97633,41.05159],[28.97618,41.05202],[28.97649,41.05233],[28.97638,41.05269],[28.97665,41.05299],[28.97572,41.05347],[28.97556,41.05451],[28.9751,41.05467],[28.97496,41.055],[28.97513,41.05528],[28.97596,41.05575],[28.97582,41.05628],[28.97632,41.05668],[28.97678,41.05669],[28.97728,41.05628],[28.97814,41.05609],[28.97843,41.05609],[28.97881,41.05637],[28.97923,41.05635],[28.97927,41.05668],[28.97957,41.05688],[28.97902,41.05723],[28.97912,41.05771],[28.97877,41.05802],[28.97814,41.05793],[28.97725,41.05816],[28.97698,41.05838],[28.97694,41.05864],[28.97719,41.05893],[28.97758,41.05901],[28.97847,41.05878],[28.97887,41.05846],[28.97923,41.05896],[28.97979,41.05932],[28.97973,41.05994],[28.98004,41.06026],[28.98006,41.0607],[28.97929,41.06065],[28.97899,41.06008],[28.97842,41.05992],[28.97816,41.0595],[28.97762,41.05943],[28.97727,41.0591],[28.97661,41.05906],[28.97618,41.05886],[28.97556,41.05913],[28.97552,41.06009],[28.9751,41.06009],[28.9746,41.06035],[28.97401,41.05957],[28.97404,41.05915],[28.97436,41.05871],[28.97391,41.05825],[28.97436,41.05764],[28.9743,41.05725],[28.97279,41.05651],[28.97228,41.05666],[28.97204,41.0569],[28.97169,41.05587],[28.97109,41.05575],[28.96956,41.05495],[28.96872,41.05483],[28.96795,41.05496],[28.96807,41.05424],[28.96784,41.054],[28.96746,41.05392],[28.96741,41.05359],[28.96713,41.05339],[28.96736,41.05315],[28.96737,41.05289],[28.96688,41.05255],[28.96684,41.05226],[28.96715,41.05187],[28.96695,41.05102],[28.96611,41.05066],[28.96624,41.05017],[28.96569,41.04972],[28.96411,41.04938],[28.96425,41.04899],[28.96395,41.04868],[28.96334,41.0487],[28.96277,41.04932],[28.96257,41.04938],[28.96195,41.04917],[28.96132,41.04957],[28.96043,41.04916],[28.96029,41.04887],[28.96,41.04872],[28.95955,41.04875],[28.95912,41.04904],[28.95852,41.04892],[28.95811,41.04924],[28.95656,41.0495],[28.95634,41.0497],[28.95623,41.05016],[28.9561,41.05015],[28.95577,41.04951],[28.95586,41.04906],[28.95554,41.04881],[28.95509,41.04796],[28.95585,41.04782],[28.95605,41.04735],[28.9553,41.04663],[28.95517,41.04598],[28.95433,41.04581],[28.95465,41.0456],[28.95532,41.04551],[28.95545,41.04502],[28.95456,41.04462],[28.95445,41.04443],[28.95451,41.04381],[28.95386,41.04321],[28.95291,41.0432],[28.95217,41.0438],[28.9517,41.04379],[28.95162,41.04346],[28.95105,41.04286],[28.95041,41.0427],[28.95031,41.04227],[28.95138,41.04211],[28.9519,41.04187],[28.95208,41.04155],[28.95191,41.04123],[28.95134,41.04111],[28.95122,41.04073],[28.9505,41.04038],[28.94955,41.0404],[28.94917,41.04063],[28.94904,41.041],[28.94956,41.04149],[28.94944,41.04187],[28.94892,41.0414],[28.94827,41.04149],[28.9481,41.04189],[28.94848,41.04226],[28.94848,41.04245],[28.94769,41.04286],[28.94742,41.04333],[28.94682,41.04352],[28.94665,41.0439],[28.94552,41.04443],[28.94465,41.04401],[28.94414,41.04403],[28.94382,41.04442],[28.94414,41.04483],[28.94327,41.04517],[28.94283,41.04563],[28.94241,41.04534],[28.94191,41.04539],[28.94128,41.04608],[28.94121,41.04636],[28.94051,41.04644],[28.94036,41.0469],[28.93952,41.04791],[28.93944,41.04837],[28.93886,41.0495],[28.9391,41.05112],[28.93895,41.05137],[28.93904,41.05166],[28.93981,41.05193],[28.94022,41.05176],[28.94099,41.05236],[28.94107,41.05282],[28.94159,41.05323],[28.94225,41.05342],[28.94251,41.05384],[28.94455,41.05415],[28.94482,41.05441],[28.94566,41.05457],[28.94633,41.05446],[28.9461,41.05473],[28.94616,41.05503],[28.94761,41.05567],[28.94741,41.05601],[28.94758,41.05633],[28.94794,41.05646],[28.94885,41.05641],[28.94902,41.0567],[28.94938,41.05683],[28.95009,41.0566],[28.95024,41.05681],[28.95006,41.05727],[28.95045,41.05758],[28.95097,41.05756],[28.9513,41.05732],[28.95134,41.0565],[28.95104,41.05604],[28.95134,41.05585],[28.9514,41.05635],[28.95198,41.05663],[28.95249,41.05742],[28.95238,41.05786],[28.95167,41.05788],[28.95146,41.05814],[28.9515,41.05841],[28.95103,41.05847],[28.95077,41.0588],[28.95097,41.05919],[28.95159,41.0593],[28.95175,41.05971],[28.9524,41.05994],[28.9517,41.0605],[28.95168,41.0608],[28.95186,41.06102],[28.9523,41.06112],[28.95273,41.06093],[28.95335,41.0615],[28.95344,41.06182],[28.95376,41.062],[28.95431,41.06193],[28.95453,41.06155],[28.95491,41.06184],[28.9553,41.06188],[28.95576,41.06158],[28.95565,41.06116],[28.95675,41.06077],[28.95699,41.06025],[28.95727,41.06016],[28.95845,41.06106],[28.9584,41.06133],[28.95856,41.06156],[28.95923,41.06166],[28.95947,41.06248],[28.95905,41.06275],[28.95907,41.06313],[28.95965,41.06337],[28.96015,41.0631],[28.96025,41.06333],[28.9598,41.06402],[28.95991,41.06439],[28.95965,41.06486],[28.95925,41.06509],[28.95919,41.06541],[28.95865,41.06541],[28.95789,41.06594],[28.95796,41.06632],[28.95852,41.06652],[28.95872,41.06697],[28.95923,41.06709],[28.95986,41.06688],[28.96055,41.06702],[28.96092,41.06661],[28.96053,41.06618],[28.96119,41.06622],[28.96257,41.0658],[28.96501,41.06635],[28.96572,41.06611],[28.96634,41.0662],[28.96704,41.067],[28.96761,41.06736],[28.96815,41.06724],[28.96832,41.06682],[28.9686,41.06694],[28.96873,41.06734],[28.96833,41.06763],[28.9683,41.06801],[28.96752,41.06835],[28.96734,41.06867],[28.96755,41.06902],[28.96854,41.06943],[28.96845,41.06971],[28.96779,41.07024],[28.96711,41.07027],[28.96689,41.07066],[28.96642,41.07091],[28.96528,41.07106],[28.9651,41.07142],[28.96543,41.07193],[28.96473,41.07209],[28.96473,41.07163],[28.96453,41.07137],[28.96409,41.07127],[28.96343,41.07145],[28.96331,41.07108],[28.96252,41.07066],[28.96198,41.07078],[28.96181,41.07119],[28.96122,41.07112],[28.96085,41.07126],[28.96084,41.07102],[28.96112,41.07072],[28.96107,41.07042],[28.96059,41.07018],[28.96,41.0696],[28.95962,41.06948],[28.95808,41.06997],[28.958,41.07058],[28.95767,41.07102],[28.9582,41.07188],[28.95824,41.07222],[28.95779,41.07263],[28.95786,41.07308],[28.9576,41.07345],[28.95798,41.07446]],[[28.86768,41.06245],[28.86827,41.06204],[28.86837,41.06175],[28.86811,41.06142],[28.86748,41.06129],[28.86724,41.06062],[28.86742,41.06038],[28.86737,41.06008],[28.86685,41.05984],[28.86597,41.06003],[28.86588,41.05981],[28.86604,41.05941],[28.86563,41.0588],[28.86503,41.05881],[28.8649,41.05854],[28.86456,41.05838],[28.86367,41.05855],[28.86366,41.05816],[28.86314,41.05783],[28.86371,41.05756],[28.86362,41.05698],[28.86298,41.05658],[28.86268,41.05617],[28.86292,41.05543],[28.86267,41.05501],[28.86292,41.05473],[28.86287,41.05443],[28.86252,41.05421],[28.8616,41.05411],[28.86103,41.05431],[28.86094,41.05418],[28.86197,41.05376],[28.86201,41.0533],[28.86161,41.05307],[28.86115,41.05313],[28.86113,41.05276],[28.86079,41.0525],[28.85988,41.05243],[28.86016,41.05195],[28.86011,41.05164],[28.8597,41.05141],[28.85914,41.05155],[28.85885,41.05145],[28.85899,41.05112],[28.85878,41.05082],[28.85834,41.05071],[28.85789,41.05092],[28.85669,41.05093],[28.85614,41.05139],[28.85636,41.05099],[28.85623,41.05066],[28.85566,41.0505],[28.85521,41.05079],[28.85514,41.05026],[28.85417,41.04955],[28.85409,41.04921],[28.85385,41.04903],[28.85329,41.04902],[28.85295,41.04941],[28.85236,41.04911],[28.85179,41.04932],[28.85114,41.04929],[28.85088,41.0491],[28.85108,41.04885],[28.85115,41.04832],[28.85058,41.048],[28.85064,41.04763],[28.85039,41.04734],[28.84986,41.04729],[28.84963,41.04703],[28.84918,41.04696],[28.84873,41.04714],[28.84826,41.0476],[28.84817,41.04796],[28.84776,41.04797],[28.84763,41.04763],[28.84723,41.04746],[28.84684,41.04753],[28.84658,41.04779],[28.84652,41.04752],[28.84675,41.04728],[28.84675,41.04701],[28.84652,41.04677],[28.84608,41.04669],[28.84515,41.04694],[28.84501,41.04723],[28.84513,41.0475],[28.84482,41.04771],[28.84476,41.048],[28.84397,41.04839],[28.8436,41.04897],[28.84322,41.049],[28.84273,41.04878],[28.84135,41.04897],[28.84088,41.04933],[28.84015,41.04954],[28.83972,41.05095],[28.8394,41.05044],[28.83975,41.04969],[28.84021,41.04938],[28.8402,41.0488],[28.84068,41.04841],[28.84055,41.04808],[28.84017,41.04791],[28.84047,41.04757],[28.84023,41.04715],[28.84033,41.04661],[28.84056,41.04713],[28.84115,41.04725],[28.84209,41.04679],[28.8421,41.04645],[28.84167,41.04605],[28.84188,41.04587],[28.84229,41.04587],[28.84288,41.04612],[28.84386,41.04572],[28.84404,41.04545],[28.84394,41.04514],[28.84439,41.04515],[28.84472,41.04491],[28.84495,41.04432],[28.8448,41.04397],[28.84521,41.04414],[28.8456,41.0441],[28.84588,41.04388],[28.84589,41.04356],[28.84638,41.04329],[28.84636,41.0429],[28.84596,41.04267],[28.84655,41.0426],[28.84684,41.04234],[28.84683,41.04203],[28.84651,41.04179],[28.84647,41.04127],[28.84709,41.04109],[28.84731,41.04079],[28.84677,41.03997],[28.8479,41.04023],[28.84823,41.04005],[28.84832,41.03973],[28.8491,41.03952],[28.84944,41.03982],[28.8493,41.04015],[28.84954,41.04049],[28.85022,41.04063],[28.85052,41.041],[28.85099,41.04103],[28.85166,41.04191],[28.85272,41.04183],[28.85291,41.04161],[28.85282,41.04119],[28.8538,41.04107],[28.85422,41.04182],[28.85459,41.04201],[28.85638,41.04146],[28.85672,41.04197],[28.85663,41.04225],[28.85676,41.04249],[28.85745,41.04263],[28.85769,41.04291],[28.85842,41.04321],[28.85966,41.04309],[28.85992,41.04281],[28.85989,41.04237],[28.86007,41.04233],[28.86071,41.04236],[28.86122,41.04277],[28.8624,41.04284],[28.8622,41.04344],[28.86249,41.04388],[28.86374,41.04386],[28.86398,41.04433],[28.86521,41.04436],[28.86554,41.04476],[28.86628,41.04481],[28.86624,41.04507],[28.86644,41.04533],[28.86701,41.04542],[28.86713,41.04611],[28.86767,41.04669],[28.86777,41.04728],[28.86895,41.04786],[28.86857,41.04819],[28.86877,41.04862],[28.86915,41.04873],[28.86967,41.0486],[28.87025,41.04885],[28.87108,41.04878],[28.87154,41.04855],[28.87159,41.04888],[28.87143,41.04928],[28.87193,41.04987],[28.87281,41.04976],[28.87307,41.04999],[28.87347,41.05003],[28.87364,41.05034],[28.87403,41.05048],[28.87484,41.05014],[28.87509,41.0502],[28.87469,41.05107],[28.87494,41.05136],[28.87532,41.05143],[28.87569,41.05131],[28.87588,41.05105],[28.87632,41.05109],[28.8767,41.05082],[28.87721,41.05077],[28.87748,41.05045],[28.87791,41.05051],[28.8789,41.05019],[28.87956,41.0503],[28.88032,41.04972],[28.88063,41.05007],[28.88114,41.0501],[28.88223,41.04946],[28.88345,41.04903],[28.88354,41.0487],[28.88312,41.04805],[28.8831,41.04719],[28.88243,41.04688],[28.88203,41.04628],[28.88103,41.04618],[28.88163,41.04602],[28.88212,41.04564],[28.88279,41.04559],[28.88336,41.04514],[28.88348,41.04463],[28.88386,41.04447],[28.88398,41.04409],[28.88432,41.04382],[28.88426,41.04344],[28.88466,41.04263],[28.88454,41.04234],[28.88487,41.0419],[28.88539,41.04198],[28.8846,41.04349],[28.88436,41.0444],[28.88434,41.04534],[28.88407,41.04571],[28.88424,41.04603],[28.8846,41.04616],[28.88499,41.04609],[28.88524,41.04585],[28.88522,41.04555],[28.88494,41.04531],[28.88492,41.04492],[28.8853,41.04485],[28.88554,41.04461],[28.88552,41.04431],[28.88531,41.0441],[28.88593,41.04277],[28.88671,41.04269],[28.88699,41.04205],[28.88691,41.04271],[28.88755,41.04333],[28.88909,41.04431],[28.88961,41.04433],[28.89046,41.04469],[28.89104,41.0447],[28.89181,41.04444],[28.8922,41.04382],[28.89278,41.04385],[28.89364,41.04288],[28.89398,41.04283],[28.89347,41.04312],[28.89301,41.04372],[28.89285,41.04429],[28.89303,41.04462],[28.89274,41.04482],[28.89269,41.04514],[28.89163,41.04549],[28.89156,41.04511],[28.89113,41.04491],[28.89053,41.04515],[28.88872,41.04515],[28.88751,41.04564],[28.8866,41.04564],[28.88531,41.04597],[28.88491,41.04625],[28.8848,41.04654],[28.88501,41.04685],[28.88539,41.04695],[28.88648,41.0465],[28.88715,41.04648],[28.88687,41.04685],[28.88701,41.04719],[28.88687,41.04752],[28.88703,41.04779],[28.88691,41.04827],[28.88734,41.04854],[28.88831,41.04845],[28.88839,41.05014],[28.88816,41.05034],[28.88814,41.05064],[28.88858,41.05096],[28.88947,41.05081],[28.88934,41.05113],[28.88952,41.05141],[28.88903,41.05311],[28.88878,41.05332],[28.88874,41.05358],[28.88899,41.05387],[28.88944,41.05397],[28.88952,41.05463],[28.88991,41.05512],[28.89,41.05587],[28.89043,41.05626],[28.8905,41.05695],[28.89085,41.05724],[28.89092,41.05771],[28.89161,41.05784],[28.89188,41.05768],[28.89198,41.0574],[28.89384,41.05767],[28.89422,41.05741],[28.89448,41.05666],[28.89533,41.05643],[28.89532,41.05658],[28.89499,41.05682],[28.89496,41.05726],[28.89464,41.05749],[28.89467,41.05789],[28.89447,41.05815],[28.89399,41.05833],[28.8929,41.05777],[28.89231,41.058],[28.89221,41.05832],[28.89237,41.05859],[28.89357,41.05877],[28.89341,41.05894],[28.89304,41.0588],[28.89261,41.0589],[28.89228,41.05967],[28.89188,41.05943],[28.89145,41.05942],[28.89109,41.05905],[28.89048,41.05912],[28.89002,41.05991],[28.89011,41.06026],[28.88968,41.06056],[28.88976,41.06095],[28.88922,41.06078],[28.88878,41.06088],[28.88857,41.06114],[28.88869,41.06151],[28.88842,41.06203],[28.88753,41.06192],[28.88668,41.0628],[28.88613,41.06299],[28.886,41.06362],[28.88617,41.06394],[28.8868,41.06417],[28.88735,41.06399],[28.88759,41.0641],[28.8874,41.06439],[28.88687,41.06462],[28.88682,41.06515],[28.88579,41.06472],[28.88522,41.06427],[28.88482,41.06425],[28.8845,41.06443],[28.88446,41.06489],[28.88525,41.06559],[28.88427,41.06538],[28.88394,41.06555],[28.88384,41.06585],[28.88405,41.06615],[28.88472,41.06643],[28.8846,41.06678],[28.88487,41.06708],[28.88449,41.06715],[28.88424,41.06741],[28.88256,41.06725],[28.88189,41.06746],[28.88132,41.0674],[28.88008,41.06859],[28.87949,41.06878],[28.87948,41.06927],[28.87922,41.06963],[28.87887,41.06972],[28.87866,41.06998],[28.87881,41.07039],[28.87866,41.07123],[28.87911,41.07149],[28.87956,41.07146],[28.87992,41.07184],[28.88046,41.07181],[28.88082,41.07219],[28.88132,41.07218],[28.88149,41.07245],[28.8821,41.07273],[28.88111,41.07389],[28.88183,41.07498],[28.88083,41.07529],[28.8797,41.07596],[28.87946,41.07636],[28.87913,41.07642],[28.8796,41.07592],[28.87939,41.07547],[28.87975,41.07532],[28.87993,41.07504],[28.87987,41.07479],[28.87946,41.07455],[28.87944,41.07426],[28.8792,41.07405],[28.87956,41.07352],[28.8795,41.07292],[28.87921,41.07265],[28.87881,41.0726],[28.8785,41.07215],[28.8778,41.07222],[28.87732,41.07304],[28.87703,41.07327],[28.87698,41.07381],[28.87645,41.07408],[28.87653,41.07459],[28.8761,41.07478],[28.87601,41.07514],[28.8757,41.07531],[28.8756,41.07561],[28.87585,41.07594],[28.87636,41.076],[28.87671,41.07578],[28.87677,41.07546],[28.87786,41.07514],[28.87787,41.0761],[28.87762,41.07631],[28.87759,41.07657],[28.87779,41.07683],[28.87825,41.07702],[28.87789,41.07763],[28.87761,41.07763],[28.87748,41.07736],[28.87714,41.0772],[28.87653,41.07739],[28.87645,41.07777],[28.87691,41.07809],[28.87683,41.07833],[28.87579,41.07953],[28.87538,41.07957],[28.87481,41.07992],[28.87429,41.07951],[28.87432,41.07783],[28.87528,41.07635],[28.87476,41.07594],[28.87486,41.07574],[28.87466,41.07541],[28.87515,41.07487],[28.87535,41.07412],[28.87513,41.07331],[28.87513,41.07249],[28.87483,41.07215],[28.8762,41.0725],[28.8766,41.07234],[28.87673,41.07197],[28.87638,41.07164],[28.87593,41.07163],[28.87563,41.07142],[28.87488,41.07126],[28.87433,41.07134],[28.87391,41.07103],[28.8736,41.06962],[28.87377,41.06922],[28.87348,41.06891],[28.87422,41.06896],[28.87449,41.06874],[28.87453,41.06847],[28.87507,41.06832],[28.87522,41.0678],[28.87507,41.06761],[28.87534,41.06714],[28.87509,41.06685],[28.87443,41.06671],[28.87428,41.06619],[28.87385,41.06599],[28.87329,41.06618],[28.87291,41.06699],[28.8728,41.06654],[28.87318,41.06617],[28.87306,41.06557],[28.87282,41.06528],[28.87242,41.06521],[28.87229,41.06488],[28.87259,41.06443],[28.87304,41.06468],[28.87375,41.06459],[28.87416,41.0642],[28.87416,41.06386],[28.87375,41.06359],[28.87381,41.06322],[28.87348,41.06293],[28.87241,41.06272],[28.87204,41.06284],[28.87187,41.06311],[28.87148,41.06302],[28.87156,41.06244],[28.87113,41.06216],[28.87075,41.06161],[28.86995,41.06174],[28.86945,41.06164],[28.86898,41.06186],[28.86888,41.06219],[28.86933,41.06255],[28.86918,41.06293],[28.86939,41.06324],[28.86856,41.06317],[28.86815,41.06348],[28.86764,41.06359],[28.86805,41.06293],[28.86768,41.06245]],[[28.87337,41.02774],[28.87351,41.02739],[28.87387,41.02726],[28.87405,41.02698],[28.8745,41.027],[28.87474,41.02738],[28.87566,41.02779],[28.87633,41.02762],[28.87639,41.0272],[28.87581,41.02672],[28.87625,41.02679],[28.87663,41.0266],[28.87671,41.02622],[28.87638,41.02593],[28.8766,41.02536],[28.87692,41.02506],[28.87745,41.02498],[28.87767,41.02468],[28.87751,41.02432],[28.87683,41.02404],[28.87692,41.02381],[28.8771,41.02375],[28.87759,41.02404],[28.8781,41.02389],[28.87839,41.0242],[28.87884,41.02423],[28.87923,41.02398],[28.87956,41.02319],[28.87952,41.02292],[28.87974,41.02283],[28.88028,41.02296],[28.88075,41.02332],[28.88135,41.02321],[28.88151,41.02298],[28.88166,41.02201],[28.88232,41.02237],[28.88328,41.0222],[28.8836,41.02186],[28.88416,41.0221],[28.88464,41.02197],[28.88479,41.02153],[28.88416,41.02069],[28.8849,41.02074],[28.88556,41.02037],[28.88625,41.02044],[28.88696,41.01963],[28.88691,41.01933],[28.88651,41.0191],[28.88626,41.01863],[28.88575,41.01845],[28.88582,41.01823],[28.88619,41.01791],[28.88698,41.01798],[28.88739,41.01775],[28.88792,41.01771],[28.88838,41.01795],[28.88895,41.01774],[28.88916,41.01786],[28.88931,41.01803],[28.88922,41.0181],[28.88834,41.01834],[28.88828,41.01876],[28.8888,41.01909],[28.88981,41.01913],[28.88987,41.01956],[28.89027,41.01998],[28.89012,41.02047],[28.89028,41.02088],[28.88928,41.02123],[28.88905,41.02158],[28.88927,41.02193],[28.88971,41.02203],[28.89001,41.02236],[28.89042,41.0224],[28.8899,41.0228],[28.88931,41.02287],[28.88904,41.0232],[28.8892,41.02356],[28.88978,41.02372],[28.88979,41.02386],[28.88932,41.02417],[28.88942,41.02459],[28.88982,41.02476],[28.8904,41.02453],[28.89055,41.02465],[28.88995,41.02499],[28.88996,41.02551],[28.89043,41.02577],[28.89102,41.02567],[28.89192,41.026],[28.89188,41.02633],[28.89215,41.02671],[28.89257,41.02684],[28.89317,41.02671],[28.89353,41.02732],[28.89393,41.02751],[28.89391,41.02762],[28.89322,41.0277],[28.89288,41.02823],[28.89245,41.02771],[28.89154,41.02754],[28.89087,41.02801],[28.89047,41.02792],[28.8901,41.02804],[28.88992,41.02836],[28.89012,41.0287],[28.8899,41.02881],[28.88962,41.0288],[28.88982,41.02855],[28.8898,41.02815],[28.88949,41.02779],[28.88903,41.02771],[28.88859,41.02791],[28.88821,41.02781],[28.88783,41.02791],[28.88763,41.02837],[28.88698,41.02862],[28.88662,41.02934],[28.88666,41.02982],[28.88691,41.03008],[28.88683,41.03041],[28.8871,41.03094],[28.88747,41.03146],[28.88801,41.03159],[28.88716,41.03221],[28.88663,41.03222],[28.88609,41.03184],[28.88521,41.03155],[28.88496,41.03116],[28.88447,41.0311],[28.88414,41.03062],[28.88371,41.03049],[28.88363,41.03002],[28.88318,41.02985],[28.88217,41.03038],[28.88199,41.03068],[28.88158,41.03043],[28.88104,41.03055],[28.88086,41.03082],[28.88094,41.0311],[28.88046,41.03105],[28.88008,41.0313],[28.88018,41.03178],[28.88003,41.03214],[28.87902,41.03189],[28.87901,41.03147],[28.87878,41.03122],[28.87817,41.03116],[28.87781,41.03133],[28.87767,41.0312],[28.87806,41.03108],[28.87824,41.03076],[28.87771,41.02985],[28.87683,41.02967],[28.87649,41.02983],[28.87635,41.03014],[28.87623,41.03004],[28.87635,41.02945],[28.87614,41.02897],[28.87585,41.02877],[28.87539,41.02876],[28.87509,41.02896],[28.87501,41.02945],[28.87525,41.02996],[28.87466,41.03032],[28.87391,41.02804],[28.87337,41.02774]],[[28.85409,41.00931],[28.85474,41.01066],[28.85416,41.01064],[28.85387,41.01043],[28.85347,41.01041],[28.85275,41.01097],[28.85289,41.01169],[28.85344,41.01248],[28.85301,41.01245],[28.85269,41.01263],[28.85244,41.01364],[28.85181,41.01361],[28.85138,41.01392],[28.85116,41.01452],[28.85137,41.01478],[28.85176,41.01489],[28.85184,41.01541],[28.85132,41.01559],[28.85015,41.01529],[28.84968,41.01552],[28.84963,41.01586],[28.8499,41.01613],[28.85004,41.01639],[28.84999,41.01672],[28.85032,41.01715],[28.85011,41.01739],[28.84959,41.0175],[28.84914,41.01736],[28.84945,41.01694],[28.84986,41.01674],[28.84996,41.0164],[28.84945,41.01581],[28.84851,41.01524],[28.84789,41.01551],[28.84789,41.01585],[28.84819,41.01614],[28.84789,41.01644],[28.84716,41.01634],[28.84671,41.01664],[28.8459,41.01676],[28.8459,41.01649],[28.84567,41.01625],[28.84496,41.01627],[28.84435,41.01679],[28.84443,41.01724],[28.84391,41.01747],[28.84355,41.01804],[28.84303,41.0182],[28.84289,41.01855],[28.84231,41.01774],[28.84253,41.01694],[28.84227,41.01671],[28.84182,41.01667],[28.84146,41.01689],[28.84125,41.01762],[28.84092,41.0179],[28.84103,41.01831],[28.8409,41.01857],[28.84005,41.01844],[28.83962,41.01857],[28.83945,41.01884],[28.83957,41.01917],[28.839,41.01936],[28.83864,41.02031],[28.83835,41.02003],[28.8379,41.01999],[28.83754,41.02021],[28.83739,41.02063],[28.83695,41.02052],[28.83651,41.02072],[28.83645,41.02114],[28.83698,41.02161],[28.8368,41.02184],[28.8362,41.02199],[28.83607,41.02236],[28.83632,41.02265],[28.83712,41.02287],[28.83684,41.02343],[28.83735,41.02371],[28.83716,41.02392],[28.8368,41.02369],[28.83635,41.02372],[28.83603,41.02412],[28.8355,41.02435],[28.83556,41.02485],[28.83619,41.025],[28.83586,41.02546],[28.83592,41.02577],[28.83556,41.02599],[28.83519,41.02691],[28.83509,41.02701],[28.83455,41.02682],[28.83419,41.02695],[28.83401,41.02722],[28.83409,41.02767],[28.83283,41.02754],[28.83248,41.02769],[28.83234,41.028],[28.83137,41.02801],[28.83069,41.0285],[28.8305,41.02891],[28.83011,41.02871],[28.82962,41.0288],[28.82904,41.0297],[28.82921,41.03002],[28.8296,41.03015],[28.82957,41.03041],[28.82915,41.03044],[28.82828,41.03094],[28.82833,41.03136],[28.82902,41.03174],[28.82936,41.03219],[28.82895,41.03245],[28.82897,41.03283],[28.82969,41.03322],[28.82916,41.03352],[28.82904,41.03392],[28.82862,41.03414],[28.82855,41.03479],[28.82782,41.0348],[28.82747,41.03502],[28.82743,41.0354],[28.82781,41.03567],[28.82743,41.03589],[28.82737,41.03625],[28.82693,41.03603],[28.82653,41.03604],[28.82563,41.03679],[28.82559,41.03705],[28.82597,41.03788],[28.82627,41.03821],[28.82663,41.03832],[28.82676,41.0387],[28.82555,41.03877],[28.82391,41.03651],[28.82346,41.03631],[28.82331,41.03599],[28.82348,41.03576],[28.82346,41.03536],[28.82314,41.03503],[28.8234,41.0347],[28.82345,41.03405],[28.82329,41.03377],[28.82293,41.03364],[28.82241,41.03379],[28.82064,41.03354],[28.82083,41.03285],[28.82152,41.0329],[28.8219,41.03271],[28.822,41.03247],[28.82187,41.03218],[28.82089,41.03196],[28.82089,41.03163],[28.82043,41.03135],[28.82046,41.03104],[28.82017,41.03077],[28.81967,41.03074],[28.81931,41.03104],[28.81876,41.03077],[28.81943,41.03013],[28.82017,41.03014],[28.82061,41.02986],[28.8207,41.03018],[28.8214,41.03074],[28.82186,41.03075],[28.82246,41.03046],[28.82298,41.0311],[28.82268,41.03174],[28.82306,41.03216],[28.82361,41.03224],[28.82437,41.03199],[28.82444,41.03149],[28.82389,41.03097],[28.82349,41.03086],[28.8228,41.03003],[28.82266,41.02943],[28.82332,41.02942],[28.82359,41.0298],[28.82357,41.03016],[28.82389,41.03041],[28.82471,41.03037],[28.82503,41.03019],[28.82514,41.02994],[28.82504,41.02969],[28.82467,41.02949],[28.82409,41.02955],[28.82385,41.02921],[28.82394,41.02903],[28.82449,41.0291],[28.82571,41.02862],[28.8257,41.02807],[28.82508,41.02783],[28.82497,41.02759],[28.82553,41.02761],[28.82605,41.02785],[28.82657,41.02762],[28.82666,41.02724],[28.82647,41.02664],[28.82743,41.02622],[28.8276,41.02582],[28.82678,41.02524],[28.82614,41.02533],[28.82604,41.02487],[28.82721,41.02454],[28.82732,41.02374],[28.82715,41.02314],[28.82747,41.02333],[28.82792,41.0233],[28.82817,41.02312],[28.82824,41.02284],[28.82867,41.02272],[28.82888,41.02246],[28.82877,41.02208],[28.82799,41.02163],[28.82611,41.02183],[28.82674,41.02163],[28.82697,41.02129],[28.82634,41.02035],[28.82659,41.01989],[28.82595,41.01928],[28.82605,41.01888],[28.82652,41.01897],[28.82759,41.01866],[28.82791,41.01822],[28.82778,41.01798],[28.82744,41.01782],[28.8266,41.018],[28.82566,41.01717],[28.82609,41.01685],[28.82712,41.01664],[28.8276,41.01678],[28.82838,41.01655],[28.82889,41.01657],[28.82916,41.01641],[28.82926,41.01612],[28.82891,41.01574],[28.82828,41.01582],[28.82819,41.01519],[28.82788,41.01498],[28.82818,41.01457],[28.82801,41.01394],[28.82762,41.01343],[28.82705,41.0133],[28.82675,41.01302],[28.82702,41.01273],[28.8269,41.01236],[28.82656,41.0122],[28.82613,41.01225],[28.82609,41.01213],[28.82607,41.01171],[28.82634,41.01152],[28.82662,41.01094],[28.8273,41.01038],[28.82733,41.01],[28.82707,41.00977],[28.82615,41.00953],[28.82576,41.0096],[28.82552,41.00984],[28.82538,41.00949],[28.82492,41.00947],[28.82473,41.00928],[28.82484,41.00865],[28.82518,41.00837],[28.82582,41.00827],[28.8261,41.00897],[28.82646,41.0091],[28.82688,41.00901],[28.82703,41.00945],[28.82762,41.00957],[28.82803,41.00923],[28.82803,41.00826],[28.8287,41.00815],[28.82935,41.00826],[28.82966,41.00806],[28.82972,41.00777],[28.83025,41.00765],[28.83047,41.00688],[28.8303,41.0066],[28.82999,41.00647],[28.83023,41.00575],[28.83014,41.00545],[28.82965,41.00525],[28.82915,41.00545],[28.82795,41.00538],[28.82737,41.00461],[28.82894,41.0049],[28.82931,41.00453],[28.82905,41.0041],[28.83037,41.00419],[28.83084,41.00457],[28.83133,41.00448],[28.83155,41.00418],[28.83145,41.0037],[28.83185,41.00381],[28.83223,41.00371],[28.83244,41.00346],[28.83241,41.00287],[28.83288,41.00284],[28.83335,41.00257],[28.83358,41.00134],[28.83431,41.00163],[28.83467,41.00151],[28.83485,41.00124],[28.83541,41.00116],[28.8356,41.00095],[28.83559,41.00066],[28.83643,41.00046],[28.83653,41.00017],[28.83633,40.99969],[28.83695,40.99959],[28.83709,40.99911],[28.83796,40.99905],[28.83812,40.99978],[28.83852,40.99994],[28.83891,40.99987],[28.83956,40.99923],[28.83947,40.99864],[28.83909,40.99834],[28.83907,40.99808],[28.83948,40.998],[28.84007,40.99818],[28.84001,40.99927],[28.84022,40.99958],[28.84065,40.99968],[28.84113,40.99944],[28.84194,40.9995],[28.84177,41.00069],[28.84203,41.00103],[28.84247,41.0011],[28.84288,41.00087],[28.84357,41.00086],[28.84419,41.00107],[28.84491,41.00082],[28.84512,41.00115],[28.84593,41.00141],[28.84648,41.00114],[28.84634,41.0003],[28.84665,40.99998],[28.84664,41.0008],[28.84741,41.00111],[28.84792,41.00079],[28.84786,41.00017],[28.84913,41.00037],[28.84945,41.00013],[28.84947,40.99982],[28.8502,40.99983],[28.85052,40.99945],[28.85215,40.99961],[28.85276,40.99923],[28.85312,40.99948],[28.854,40.99954],[28.85462,40.99989],[28.85505,40.99976],[28.85556,40.99988],[28.85599,40.99963],[28.8566,40.9996],[28.85627,40.99989],[28.85458,41.00002],[28.85393,40.99985],[28.85358,41.00007],[28.85352,41.00037],[28.85381,41.00068],[28.85435,41.00069],[28.85452,41.0013],[28.85483,41.00154],[28.85645,41.00121],[28.85657,41.00212],[28.85691,41.00241],[28.85731,41.00243],[28.85771,41.00213],[28.85871,41.00195],[28.85913,41.00272],[28.85889,41.00296],[28.85889,41.00322],[28.85928,41.00352],[28.85983,41.00345],[28.86005,41.00305],[28.86041,41.00296],[28.86063,41.00268],[28.86112,41.00277],[28.8616,41.00251],[28.86188,41.00259],[28.86137,41.00303],[28.86158,41.00353],[28.86127,41.00371],[28.86117,41.004],[28.86145,41.00435],[28.86113,41.00448],[28.86054,41.00413],[28.85994,41.00424],[28.85956,41.00393],[28.859,41.00397],[28.85856,41.00463],[28.8585,41.00547],[28.85805,41.00537],[28.85767,41.00547],[28.85745,41.00577],[28.85758,41.0062],[28.85712,41.00619],[28.85679,41.00643],[28.85695,41.00722],[28.85609,41.00744],[28.85554,41.0073],[28.85515,41.00749],[28.85509,41.00791],[28.8559,41.00912],[28.85535,41.00931],[28.85513,41.0089],[28.85473,41.00874],[28.85418,41.00893],[28.85409,41.00931]],[[28.78679,41.08891],[28.78685,41.08894],[28.78684,41.08898],[28.78679,41.08891]],[[28.78589,41.09308],[28.7861,41.09361],[28.78598,41.09371],[28.7853,41.0936],[28.78541,41.09309],[28.78589,41.09308]],[[28.78366,41.09799],[28.78469,41.09739],[28.78498,41.09742],[28.78524,41.09772],[28.78516,41.09856],[28.78483,41.09893],[28.78363,41.09883],[28.78328,41.09898],[28.78314,41.09925],[28.78287,41.09924],[28.78366,41.09799]],[[28.78684,41.10476],[28.78684,41.10503],[28.78654,41.10538],[28.78664,41.10578],[28.78588,41.1059],[28.78541,41.10582],[28.78506,41.10597],[28.78492,41.10623],[28.78398,41.10625],[28.78376,41.10644],[28.78352,41.10717],[28.7826,41.10734],[28.78184,41.10711],[28.78136,41.10724],[28.78119,41.10751],[28.78125,41.10777],[28.78223,41.10847],[28.78161,41.10853],[28.78081,41.10799],[28.78158,41.10568],[28.7821,41.10552],[28.78223,41.10513],[28.78379,41.10453],[28.78407,41.10398],[28.7839,41.10362],[28.78416,41.10327],[28.78423,41.10374],[28.78504,41.10445],[28.78663,41.1046],[28.78684,41.10476]],[[28.80198,41.0922],[28.80071,41.09209],[28.80069,41.09173],[28.80166,41.09067],[28.80212,41.09128],[28.80198,41.0922]],[[28.78812,41.10572],[28.78803,41.10543],[28.78743,41.10499],[28.78823,41.10514],[28.78827,41.10547],[28.78865,41.10573],[28.78798,41.10597],[28.78812,41.10572]],[[28.77275,41.09978],[28.77345,41.10008],[28.77335,41.10064],[28.77318,41.10073],[28.77277,41.10027],[28.77275,41.09978]],[[28.77482,41.09994],[28.77466,41.10124],[28.77487,41.10159],[28.77483,41.10235],[28.77455,41.10266],[28.7736,41.10306],[28.77323,41.10348],[28.77311,41.10589],[28.77277,41.10695],[28.77287,41.10555],[28.77305,41.10524],[28.77304,41.10343],[28.77334,41.10313],[28.77326,41.10239],[28.77347,41.10205],[28.77319,41.10146],[28.77376,41.10148],[28.77414,41.10123],[28.77417,41.10092],[28.77394,41.10068],[28.77412,41.09978],[28.77467,41.09974],[28.77482,41.09994]],[[28.82709,40.99053],[28.8282,40.99001],[28.82857,40.9902],[28.82775,40.99039],[28.82749,40.9906],[28.82709,40.99053]],[[28.85271,40.98854],[28.85309,40.98828],[28.85309,40.98788],[28.85424,40.98798],[28.85467,40.98826],[28.85517,40.98817],[28.85539,40.98787],[28.85517,40.98747],[28.85526,40.98702],[28.8555,40.98689],[28.85549,40.98742],[28.85564,40.98765],[28.8566,40.98777],[28.85692,40.98742],[28.85675,40.98705],[28.85823,40.98679],[28.85858,40.9865],[28.85901,40.98644],[28.85968,40.98561],[28.86114,40.98497],[28.86171,40.98499],[28.86284,40.9845],[28.86305,40.98422],[28.86336,40.98465],[28.86397,40.98463],[28.86424,40.9843],[28.86409,40.98396],[28.86446,40.98373],[28.86487,40.98365],[28.86534,40.98393],[28.86516,40.98418],[28.86494,40.98536],[28.86463,40.98551],[28.86449,40.98579],[28.86474,40.98617],[28.8653,40.98622],[28.86566,40.98589],[28.86551,40.98549],[28.86576,40.98426],[28.86654,40.98376],[28.86694,40.9837],[28.86627,40.98537],[28.86587,40.98566],[28.86602,40.98612],[28.86559,40.98651],[28.86575,40.98687],[28.86537,40.98712],[28.8647,40.98711],[28.86428,40.98755],[28.86435,40.98794],[28.86476,40.98814],[28.86466,40.98852],[28.86416,40.98854],[28.86386,40.9888],[28.86401,40.98925],[28.86388,40.98961],[28.86371,40.99007],[28.86329,40.99037],[28.86344,40.99082],[28.86294,40.99133],[28.86308,40.99178],[28.86299,40.99204],[28.86256,40.99238],[28.86268,40.99291],[28.86186,40.99284],[28.86146,40.99314],[28.86147,40.99344],[28.86169,40.99365],[28.86239,40.99363],[28.86283,40.99379],[28.86338,40.99352],[28.8633,40.993],[28.86365,40.99315],[28.86375,40.9934],[28.86407,40.99359],[28.86382,40.99384],[28.86317,40.99397],[28.863,40.99448],[28.86033,40.99364],[28.8598,40.99319],[28.85886,40.99302],[28.85874,40.99266],[28.85935,40.9922],[28.85976,40.99124],[28.85956,40.99094],[28.85972,40.9905],[28.85938,40.99021],[28.85887,40.99022],[28.85863,40.99041],[28.85856,40.99068],[28.8579,40.99082],[28.85772,40.99113],[28.85785,40.99142],[28.8573,40.99126],[28.85681,40.99153],[28.85678,40.99183],[28.85697,40.99205],[28.85757,40.99212],[28.8581,40.99241],[28.85813,40.99262],[28.85787,40.99273],[28.85687,40.99263],[28.85646,40.99226],[28.85594,40.99232],[28.85487,40.99207],[28.85447,40.99175],[28.85396,40.9918],[28.85231,40.99095],[28.85212,40.99079],[28.85246,40.99058],[28.8525,40.99021],[28.85321,40.99035],[28.85363,40.98997],[28.85354,40.98968],[28.8532,40.98949],[28.85354,40.98925],[28.85352,40.98886],[28.85271,40.98854]],[[28.8457,40.98283],[28.84584,40.98308],[28.84572,40.98315],[28.84552,40.98282],[28.8457,40.98283]],[[28.83162,40.98896],[28.83182,40.98825],[28.83131,40.98782],[28.83202,40.9878],[28.8331,40.98815],[28.83468,40.9875],[28.83489,40.98777],[28.8335,40.98839],[28.8332,40.98898],[28.83404,40.98963],[28.83502,40.98972],[28.83481,40.98989],[28.83434,40.98971],[28.83384,40.98991],[28.83264,40.9896],[28.83187,40.9897],[28.83131,40.98931],[28.83029,40.98955],[28.8304,40.98935],[28.83162,40.98896]],[[28.83526,40.985],[28.83527,40.98504],[28.83518,40.98505],[28.83526,40.985]],[[28.8209,41.05952],[28.82091,41.05951],[28.8211,41.05947],[28.8209,41.05952]],[[28.82722,41.06181],[28.82736,41.06152],[28.82722,41.0609],[28.82737,41.06085],[28.82782,41.06121],[28.82832,41.06112],[28.82854,41.06082],[28.82843,41.06],[28.82916,41.05982],[28.8297,41.06002],[28.8297,41.06017],[28.82907,41.06057],[28.829,41.06091],[28.82913,41.06115],[28.82962,41.06132],[28.83042,41.062],[28.83088,41.06201],[28.83122,41.06174],[28.83149,41.06184],[28.83026,41.06267],[28.82945,41.06265],[28.8293,41.06253],[28.82957,41.06228],[28.82953,41.06193],[28.82924,41.06173],[28.82884,41.06171],[28.82842,41.06205],[28.82865,41.0625],[28.82782,41.06268],[28.82753,41.06208],[28.82722,41.06181]],[[28.85565,41.05167],[28.85578,41.05159],[28.8557,41.05173],[28.85565,41.05167]],[[28.87504,40.99034],[28.87389,40.99041],[28.87357,40.99032],[28.87495,40.99014],[28.87504,40.99034]],[[28.86648,40.9877],[28.86618,40.9878],[28.86645,40.98752],[28.86648,40.9877]],[[28.81965,41.03175],[28.81985,41.03205],[28.81983,41.03207],[28.81965,41.03195],[28.81965,41.03175]],[[28.83357,41.00034],[28.83366,41.00089],[28.83357,41.00088],[28.83357,41.00034]],[[28.85296,40.99684],[28.85359,40.99687],[28.85394,40.99671],[28.85405,40.99681],[28.85403,40.99803],[28.8538,40.99819],[28.85354,40.99816],[28.85362,40.99753],[28.85334,40.99701],[28.85296,40.99684]],[[28.85451,40.99513],[28.85395,40.99497],[28.85366,40.99465],[28.85311,40.99464],[28.85279,40.99443],[28.85292,40.9942],[28.85352,40.99416],[28.8538,40.99442],[28.85447,40.99458],[28.85449,40.99489],[28.85477,40.99514],[28.85532,40.99519],[28.8558,40.99467],[28.85578,40.99428],[28.85544,40.99406],[28.85497,40.99409],[28.85476,40.99379],[28.85404,40.99344],[28.85491,40.99308],[28.85603,40.99339],[28.85564,40.99366],[28.85558,40.99395],[28.85582,40.99424],[28.85628,40.99431],[28.85643,40.99471],[28.85583,40.99514],[28.85583,40.99554],[28.8564,40.996],[28.85698,40.99615],[28.85706,40.99653],[28.85813,40.99764],[28.85889,40.99769],[28.85797,40.99795],[28.85728,40.99756],[28.8567,40.99748],[28.85643,40.99731],[28.85627,40.99693],[28.85562,40.99682],[28.85498,40.99619],[28.85518,40.9957],[28.85464,40.99538],[28.85451,40.99513]],[[28.85301,40.99854],[28.85301,40.99866],[28.85292,40.99854],[28.85301,40.99854]],[[28.81324,41.02002],[28.81317,41.02076],[28.81373,41.02108],[28.81375,41.02123],[28.81338,41.0215],[28.81323,41.0214],[28.81303,41.02049],[28.81303,41.02002],[28.81324,41.02002]],[[28.81433,41.02057],[28.81471,41.02078],[28.81465,41.02106],[28.81441,41.02122],[28.81433,41.02057]],[[28.82524,41.02057],[28.82571,41.02036],[28.82546,41.02064],[28.82524,41.02057]],[[28.8245,41.01247],[28.82477,41.01241],[28.82486,41.01292],[28.82454,41.01286],[28.8245,41.01247]],[[28.80979,41.04038],[28.8099,41.04],[28.80993,41.04],[28.80979,41.04038]],[[28.80948,41.04099],[28.80947,41.041],[28.80947,41.04098],[28.80948,41.04099]],[[28.80901,41.04202],[28.80886,41.04266],[28.80898,41.04295],[28.80876,41.04317],[28.80862,41.04294],[28.80899,41.04204],[28.80901,41.04202]],[[28.80985,41.04353],[28.8098,41.04304],[28.81015,41.04294],[28.8105,41.04317],[28.81109,41.04313],[28.81156,41.04339],[28.81194,41.04332],[28.81275,41.04365],[28.81276,41.04386],[28.81234,41.0438],[28.81196,41.04399],[28.8119,41.04459],[28.81208,41.04487],[28.81174,41.04503],[28.81137,41.04471],[28.81165,41.04426],[28.81164,41.04372],[28.81148,41.04349],[28.81056,41.04326],[28.81017,41.04333],[28.80975,41.04381],[28.80973,41.04433],[28.80949,41.04448],[28.80956,41.04373],[28.80985,41.04353]],[[28.82383,41.04055],[28.82383,41.04006],[28.82446,41.04004],[28.8244,41.04054],[28.82383,41.04055]],[[28.84447,41.04208],[28.84493,41.04218],[28.84498,41.04241],[28.8444,41.04245],[28.84447,41.04208]],[[28.84564,41.04269],[28.84573,41.04264],[28.84582,41.04266],[28.84564,41.04269]],[[28.79478,41.06337],[28.79569,41.06335],[28.79604,41.06353],[28.79644,41.06349],[28.79675,41.06317],[28.7983,41.06263],[28.79906,41.0619],[28.79961,41.06165],[28.80079,41.06169],[28.80132,41.06204],[28.80184,41.06188],[28.80367,41.06186],[28.80332,41.06204],[28.80314,41.06249],[28.80246,41.0625],[28.80141,41.06306],[28.80103,41.06308],[28.80022,41.06345],[28.79644,41.06408],[28.79562,41.06398],[28.79523,41.06412],[28.79512,41.06362],[28.79478,41.06337]],[[28.87701,40.99101],[28.87698,40.99104],[28.87697,40.99101],[28.87701,40.99101]],[[28.90529,40.99463],[28.90593,40.99472],[28.90623,40.99514],[28.90677,40.99519],[28.9064,40.99558],[28.90574,40.99547],[28.90521,40.99595],[28.90483,40.99604],[28.90485,40.99572],[28.90518,40.99528],[28.90466,40.99478],[28.90529,40.99463]],[[28.91616,40.98865],[28.91625,40.98859],[28.91629,40.98863],[28.91616,40.98865]],[[28.90173,41.07814],[28.90118,41.07814],[28.90122,41.07782],[28.90087,41.07729],[28.90196,41.07646],[28.90189,41.07608],[28.9015,41.07588],[28.90191,41.07542],[28.90189,41.07507],[28.90233,41.07552],[28.9034,41.07553],[28.90367,41.0752],[28.90334,41.07459],[28.90359,41.07395],[28.90487,41.07408],[28.90545,41.07331],[28.90692,41.07251],[28.90705,41.07214],[28.90665,41.07164],[28.90735,41.071],[28.90719,41.07053],[28.90792,41.07007],[28.90794,41.06976],[28.9077,41.06951],[28.9078,41.06941],[28.90797,41.06973],[28.90839,41.06987],[28.90885,41.06971],[28.90901,41.06929],[28.9091,41.06954],[28.90942,41.06973],[28.90982,41.06972],[28.91012,41.06952],[28.91019,41.06922],[28.90997,41.06894],[28.91034,41.06882],[28.91052,41.06854],[28.91013,41.068],[28.91048,41.06764],[28.91036,41.06675],[28.91103,41.06659],[28.91125,41.06624],[28.91099,41.06587],[28.91042,41.06583],[28.91039,41.06553],[28.91112,41.06552],[28.91133,41.06526],[28.91127,41.06485],[28.91179,41.06488],[28.91227,41.06457],[28.91234,41.06431],[28.9122,41.06405],[28.91323,41.06387],[28.91334,41.06345],[28.9129,41.06293],[28.91363,41.06282],[28.91376,41.06214],[28.91517,41.06174],[28.91526,41.06111],[28.9157,41.06108],[28.91598,41.06086],[28.91598,41.0602],[28.91634,41.06038],[28.91679,41.06031],[28.91703,41.06007],[28.91702,41.05971],[28.91738,41.05966],[28.91766,41.05943],[28.91803,41.0597],[28.91859,41.05962],[28.9188,41.0592],[28.91937,41.05893],[28.9193,41.05849],[28.91995,41.05825],[28.92007,41.0577],[28.9205,41.05772],[28.92085,41.0575],[28.9209,41.05716],[28.92062,41.05687],[28.92139,41.05621],[28.92137,41.05575],[28.92105,41.05557],[28.92048,41.05553],[28.92057,41.05514],[28.92023,41.05485],[28.91963,41.05491],[28.91929,41.05537],[28.91888,41.05496],[28.91997,41.05461],[28.92129,41.0538],[28.92194,41.0537],[28.92254,41.05382],[28.92364,41.05336],[28.92385,41.05308],[28.92448,41.05298],[28.92465,41.05258],[28.92413,41.05205],[28.92414,41.05187],[28.92495,41.05172],[28.92565,41.05094],[28.92599,41.05085],[28.92631,41.05051],[28.92636,41.05017],[28.92606,41.04989],[28.92624,41.04965],[28.92617,41.04934],[28.92654,41.04944],[28.92695,41.04933],[28.92747,41.04986],[28.92718,41.05011],[28.92696,41.0508],[28.92654,41.05067],[28.92612,41.0508],[28.92594,41.05111],[28.92608,41.05156],[28.9256,41.05162],[28.92533,41.05194],[28.92558,41.05237],[28.9262,41.05239],[28.92606,41.0537],[28.92643,41.05408],[28.92605,41.05446],[28.92632,41.05489],[28.92601,41.05631],[28.92558,41.05632],[28.92528,41.05652],[28.92527,41.05726],[28.92462,41.05765],[28.92455,41.05822],[28.9248,41.05851],[28.92573,41.05869],[28.92606,41.05896],[28.92661,41.05893],[28.92641,41.05922],[28.9265,41.05951],[28.92688,41.05971],[28.92731,41.05965],[28.92763,41.06023],[28.92833,41.06022],[28.92868,41.06136],[28.92896,41.06163],[28.9303,41.06152],[28.93048,41.06213],[28.93105,41.06229],[28.93152,41.06194],[28.93136,41.06122],[28.93147,41.06089],[28.93209,41.06108],[28.93183,41.06149],[28.93215,41.06185],[28.93203,41.06211],[28.93216,41.0624],[28.93268,41.06257],[28.93345,41.06234],[28.93343,41.0627],[28.93276,41.06285],[28.93249,41.06307],[28.93246,41.06337],[28.9327,41.06362],[28.93325,41.06366],[28.93355,41.06346],[28.93361,41.06313],[28.93419,41.06314],[28.93438,41.06392],[28.93471,41.06423],[28.93451,41.06448],[28.93456,41.06478],[28.93403,41.0649],[28.93385,41.06526],[28.93405,41.06556],[28.93405,41.06604],[28.93511,41.06671],[28.93472,41.06728],[28.93478,41.06764],[28.93427,41.06769],[28.93401,41.06812],[28.93345,41.06823],[28.93329,41.06868],[28.93259,41.06884],[28.93237,41.06924],[28.93191,41.06937],[28.93173,41.06969],[28.9319,41.07001],[28.93283,41.07031],[28.93319,41.07074],[28.93326,41.07103],[28.93264,41.07153],[28.93279,41.07193],[28.93339,41.07205],[28.93405,41.07155],[28.9343,41.07164],[28.93396,41.07199],[28.93409,41.07232],[28.93446,41.07249],[28.93412,41.07291],[28.93385,41.07314],[28.93325,41.07322],[28.93287,41.07354],[28.93268,41.07317],[28.93274,41.07275],[28.93218,41.07232],[28.93261,41.07189],[28.93254,41.07151],[28.93222,41.07132],[28.93118,41.07118],[28.93076,41.07033],[28.93019,41.07017],[28.92972,41.07052],[28.9299,41.07102],[28.92941,41.07111],[28.92909,41.07151],[28.92869,41.07142],[28.92829,41.07158],[28.9277,41.07141],[28.92722,41.07176],[28.92654,41.07189],[28.92641,41.07222],[28.92665,41.0726],[28.9261,41.07352],[28.92563,41.074],[28.92506,41.07395],[28.92426,41.07347],[28.92364,41.07365],[28.9236,41.07412],[28.92456,41.07466],[28.92464,41.07508],[28.92497,41.07533],[28.92485,41.07552],[28.92442,41.07542],[28.92401,41.07557],[28.92304,41.07536],[28.92288,41.07499],[28.92225,41.07475],[28.92228,41.07437],[28.92196,41.07413],[28.92156,41.07411],[28.92105,41.07434],[28.92154,41.07368],[28.92141,41.07313],[28.92106,41.07291],[28.92066,41.07292],[28.92035,41.07312],[28.91998,41.07293],[28.91953,41.07299],[28.91927,41.07328],[28.91936,41.07364],[28.9188,41.07396],[28.91838,41.07381],[28.91852,41.0733],[28.91807,41.07298],[28.91749,41.07313],[28.91735,41.07346],[28.91754,41.07375],[28.91733,41.07369],[28.91721,41.07289],[28.91684,41.07263],[28.91644,41.07264],[28.91588,41.07295],[28.91523,41.073],[28.91502,41.07326],[28.91507,41.07354],[28.91475,41.07384],[28.91481,41.07351],[28.91459,41.07306],[28.91398,41.07286],[28.91363,41.07302],[28.91315,41.07359],[28.91337,41.07447],[28.91316,41.07468],[28.91111,41.0748],[28.91035,41.0747],[28.90958,41.07521],[28.90962,41.07555],[28.90999,41.07578],[28.90984,41.07594],[28.90923,41.07607],[28.90825,41.0758],[28.90772,41.07614],[28.90732,41.07606],[28.90694,41.0762],[28.90636,41.07612],[28.90623,41.0756],[28.90597,41.07537],[28.90526,41.07545],[28.90509,41.07572],[28.90519,41.07621],[28.9047,41.07637],[28.90457,41.07675],[28.90498,41.07709],[28.90561,41.07701],[28.90497,41.0772],[28.90472,41.07744],[28.90492,41.07819],[28.90517,41.07841],[28.90454,41.0792],[28.90429,41.07988],[28.9038,41.07934],[28.90412,41.07914],[28.90423,41.07857],[28.90412,41.07827],[28.90446,41.07796],[28.90426,41.07752],[28.9026,41.07704],[28.90193,41.07734],[28.90164,41.07779],[28.90173,41.07814]],[[28.90405,41.04533],[28.90196,41.04582],[28.90105,41.04576],[28.90055,41.04604],[28.90053,41.04558],[28.90073,41.04516],[28.90032,41.04481],[28.90022,41.04451],[28.90038,41.04417],[28.90005,41.04326],[28.90037,41.04313],[28.90075,41.04257],[28.90222,41.04286],[28.90309,41.04239],[28.90257,41.04283],[28.90262,41.04325],[28.90212,41.04352],[28.90218,41.04396],[28.90189,41.04446],[28.90219,41.04477],[28.90405,41.04533]],[[28.90066,41.04232],[28.90019,41.04206],[28.90176,41.04168],[28.90178,41.04186],[28.90113,41.04191],[28.90066,41.04232]],[[28.90973,41.03249],[28.90918,41.03096],[28.90967,41.03111],[28.91015,41.03086],[28.91068,41.0314],[28.91062,41.03189],[28.91137,41.03223],[28.91145,41.03271],[28.91184,41.03319],[28.91156,41.03361],[28.91101,41.03374],[28.91062,41.03359],[28.91054,41.03324],[28.90973,41.03249]],[[28.91022,41.03065],[28.90975,41.03022],[28.90914,41.0304],[28.90841,41.03008],[28.90787,41.03015],[28.90718,41.02972],[28.90721,41.02902],[28.90763,41.02849],[28.90843,41.02854],[28.90885,41.02832],[28.90896,41.02789],[28.90879,41.02761],[28.90782,41.02742],[28.90735,41.02754],[28.90571,41.02706],[28.90654,41.02685],[28.90722,41.02613],[28.90728,41.02583],[28.90788,41.02555],[28.9079,41.02525],[28.90764,41.02499],[28.90765,41.02374],[28.90796,41.02386],[28.90807,41.02475],[28.90861,41.02484],[28.90906,41.02469],[28.90905,41.02518],[28.90942,41.02545],[28.91009,41.02527],[28.91019,41.02458],[28.91082,41.02474],[28.91124,41.02437],[28.91131,41.02462],[28.91155,41.02474],[28.91148,41.02505],[28.91219,41.0263],[28.91208,41.02655],[28.91218,41.02681],[28.91109,41.02702],[28.91036,41.02696],[28.91009,41.02729],[28.91028,41.02771],[28.91087,41.02783],[28.91128,41.0275],[28.91257,41.02726],[28.91245,41.02799],[28.91263,41.02827],[28.91194,41.02848],[28.91172,41.02887],[28.91203,41.02923],[28.9128,41.0293],[28.91281,41.02957],[28.91259,41.02964],[28.91226,41.02938],[28.91085,41.02914],[28.91042,41.02927],[28.91025,41.02954],[28.91055,41.02999],[28.91165,41.03014],[28.91153,41.03075],[28.91189,41.03131],[28.91173,41.03147],[28.91124,41.03124],[28.91133,41.03077],[28.91104,41.03046],[28.91058,41.03042],[28.91022,41.03065]],[[28.92071,41.0319],[28.92168,41.03097],[28.92162,41.03054],[28.92176,41.03028],[28.9223,41.02997],[28.92211,41.02946],[28.92256,41.02838],[28.923,41.02804],[28.92287,41.02765],[28.92301,41.02681],[28.92315,41.02685],[28.92377,41.02823],[28.9233,41.02858],[28.92351,41.02902],[28.92283,41.02926],[28.92282,41.02968],[28.92317,41.0299],[28.92363,41.02987],[28.92419,41.02912],[28.9243,41.02958],[28.92457,41.02981],[28.92579,41.02978],[28.92561,41.0301],[28.92591,41.03049],[28.92584,41.03093],[28.92697,41.03191],[28.92701,41.03215],[28.92663,41.03256],[28.92697,41.03297],[28.9267,41.03327],[28.92668,41.03357],[28.92623,41.0338],[28.92618,41.03415],[28.92553,41.03441],[28.92525,41.03487],[28.92384,41.03541],[28.92302,41.03442],[28.92227,41.03419],[28.92187,41.03386],[28.92419,41.03388],[28.92519,41.0334],[28.92579,41.03329],[28.92596,41.03302],[28.92587,41.03273],[28.92555,41.03254],[28.9251,41.03257],[28.92483,41.03279],[28.92479,41.03306],[28.92403,41.03344],[28.92155,41.03337],[28.92119,41.03313],[28.9207,41.03316],[28.92097,41.0327],[28.92048,41.03234],[28.92071,41.0319]],[[28.92667,41.02916],[28.92631,41.02898],[28.92624,41.02805],[28.92646,41.02737],[28.92712,41.0269],[28.92722,41.0266],[28.92761,41.0265],[28.92781,41.02627],[28.92834,41.02641],[28.9279,41.02661],[28.92703,41.02792],[28.92714,41.02814],[28.92777,41.02834],[28.92734,41.02885],[28.92692,41.02891],[28.92667,41.02916]],[[28.94257,41.02687],[28.943,41.02645],[28.94288,41.02608],[28.943,41.0258],[28.9435,41.02586],[28.94388,41.02561],[28.94389,41.02526],[28.94362,41.02503],[28.94374,41.02499],[28.94408,41.02496],[28.94429,41.0253],[28.94479,41.0254],[28.94522,41.02513],[28.94518,41.02471],[28.94595,41.02462],[28.946,41.02492],[28.94662,41.02558],[28.9462,41.02547],[28.94532,41.02559],[28.94508,41.02583],[28.94512,41.02626],[28.94499,41.02632],[28.94461,41.02577],[28.944,41.0257],[28.9437,41.0259],[28.94364,41.0262],[28.94326,41.02639],[28.94317,41.02671],[28.94257,41.02687]],[[28.94922,41.02218],[28.9488,41.02206],[28.94886,41.02164],[28.9484,41.0213],[28.94908,41.02115],[28.9492,41.02128],[28.94908,41.02188],[28.94922,41.02218]],[[28.94925,41.02047],[28.95037,41.01937],[28.95072,41.0196],[28.95151,41.01968],[28.95187,41.01947],[28.95193,41.01905],[28.95274,41.01952],[28.95317,41.01956],[28.95281,41.01982],[28.95292,41.02031],[28.95276,41.0204],[28.95213,41.02026],[28.9514,41.02068],[28.95065,41.02044],[28.95019,41.02073],[28.94925,41.02047]],[[28.95346,41.01943],[28.95349,41.01946],[28.95341,41.01947],[28.95346,41.01943]],[[28.89732,41.07663],[28.89719,41.07621],[28.89744,41.07609],[28.89761,41.07568],[28.89806,41.07582],[28.89829,41.07611],[28.89817,41.07658],[28.89871,41.07693],[28.89837,41.07719],[28.89804,41.07718],[28.89732,41.07663]],[[28.90072,41.07617],[28.90042,41.07606],[28.90082,41.07613],[28.90072,41.07617]],[[28.91503,41.00478],[28.91501,41.004],[28.91522,41.00388],[28.91559,41.00394],[28.91564,41.00425],[28.91594,41.00446],[28.91652,41.00441],[28.917,41.00468],[28.91739,41.00461],[28.91763,41.00436],[28.91766,41.00392],[28.91753,41.00363],[28.91717,41.00347],[28.91738,41.00303],[28.91865,41.00315],[28.91894,41.00301],[28.91908,41.00272],[28.91895,41.00244],[28.91822,41.00188],[28.91763,41.00198],[28.91745,41.00226],[28.91753,41.00257],[28.91726,41.00259],[28.91719,41.00248],[28.91745,41.00207],[28.91715,41.00171],[28.91623,41.00147],[28.9156,41.00155],[28.91521,41.00178],[28.91448,41.00153],[28.91522,41.00131],[28.91598,41.00085],[28.91667,41.00092],[28.91698,41.00062],[28.91696,41.00009],[28.91647,40.99975],[28.91631,40.99913],[28.91602,40.9989],[28.91617,40.99846],[28.91582,40.99816],[28.91577,40.99795],[28.91602,40.99758],[28.91575,40.99673],[28.91578,40.99616],[28.91605,40.99639],[28.91612,40.99676],[28.91648,40.99706],[28.91662,40.99783],[28.91695,40.99849],[28.91789,40.99848],[28.91824,40.99807],[28.91791,40.99659],[28.91739,40.99641],[28.91706,40.99606],[28.91697,40.99528],[28.91665,40.99509],[28.91625,40.99511],[28.91595,40.99531],[28.91589,40.99559],[28.91563,40.99538],[28.91561,40.99507],[28.91652,40.99486],[28.91708,40.99495],[28.9175,40.99462],[28.9194,40.99434],[28.91954,40.99497],[28.92014,40.9954],[28.92021,40.99574],[28.92003,40.99634],[28.92024,40.99664],[28.91956,40.99927],[28.91883,40.99959],[28.91877,41.00024],[28.91957,41.00067],[28.91996,41.00063],[28.92024,41.0004],[28.92053,40.99976],[28.92031,40.99941],[28.92101,40.99671],[28.92129,40.99642],[28.92128,40.99604],[28.92163,40.99679],[28.92195,40.99701],[28.92185,40.99735],[28.92232,40.99838],[28.92283,40.99855],[28.92388,40.99833],[28.92387,40.99902],[28.92357,40.99941],[28.92381,40.99977],[28.92308,40.9998],[28.92265,41.0001],[28.92206,41.00003],[28.92176,41.00023],[28.92169,41.00049],[28.92186,41.00076],[28.92241,41.00108],[28.92215,41.00137],[28.92221,41.00172],[28.92303,41.00233],[28.92305,41.00259],[28.92271,41.00318],[28.9228,41.00348],[28.92312,41.00375],[28.92415,41.00385],[28.92463,41.00428],[28.92468,41.00456],[28.92441,41.00494],[28.9247,41.00542],[28.92445,41.00574],[28.92443,41.00616],[28.92462,41.00642],[28.92441,41.00667],[28.92444,41.00693],[28.92482,41.0072],[28.92532,41.00714],[28.92558,41.00686],[28.92538,41.00643],[28.92559,41.00618],[28.92659,41.0059],[28.9269,41.00624],[28.92639,41.00629],[28.92612,41.00662],[28.92643,41.00722],[28.92705,41.00744],[28.92769,41.00721],[28.92806,41.00743],[28.92821,41.00797],[28.92773,41.00788],[28.92735,41.00807],[28.92728,41.00849],[28.92673,41.0088],[28.92687,41.00934],[28.92653,41.00918],[28.92613,41.00922],[28.92581,41.0096],[28.92541,41.0097],[28.92506,41.01006],[28.9248,41.0097],[28.9243,41.00964],[28.92392,41.00989],[28.92392,41.01026],[28.92353,41.01049],[28.92286,41.01036],[28.92244,41.01049],[28.92216,41.01122],[28.92218,41.01213],[28.92196,41.01284],[28.92154,41.01317],[28.9212,41.0131],[28.92096,41.01281],[28.92041,41.0127],[28.9204,41.01226],[28.91988,41.01202],[28.91964,41.0117],[28.91969,41.01112],[28.91929,41.01082],[28.9189,41.00982],[28.91912,41.0095],[28.91898,41.00888],[28.91869,41.00867],[28.91797,41.00855],[28.91885,41.0065],[28.9193,41.00615],[28.92009,41.00609],[28.92026,41.00586],[28.92021,41.00556],[28.91974,41.00532],[28.91911,41.0055],[28.9174,41.00535],[28.91517,41.00495],[28.91503,41.00478]],[[28.86187,41.00441],[28.86187,41.00442],[28.86185,41.00441],[28.86187,41.00441]],[[28.89026,41.01346],[28.89041,41.01396],[28.88998,41.01408],[28.8898,41.01445],[28.89006,41.01478],[28.8905,41.01485],[28.89091,41.01462],[28.89103,41.01389],[28.89139,41.01365],[28.89148,41.01393],[28.89175,41.0141],[28.89244,41.01398],[28.89282,41.01327],[28.89271,41.01291],[28.89293,41.01274],[28.89352,41.01268],[28.89379,41.01306],[28.89377,41.01335],[28.89341,41.01371],[28.89362,41.0141],[28.89355,41.01438],[28.8932,41.01458],[28.89264,41.01434],[28.89146,41.01441],[28.89124,41.01471],[28.89143,41.0151],[28.89133,41.01549],[28.89091,41.01543],[28.89056,41.01558],[28.89042,41.01587],[28.89055,41.01616],[28.89042,41.01627],[28.88991,41.01626],[28.88945,41.01602],[28.88901,41.01611],[28.88903,41.01575],[28.88865,41.01549],[28.88768,41.01537],[28.88719,41.01563],[28.88697,41.01548],[28.88717,41.01519],[28.88717,41.014],[28.88753,41.01379],[28.88792,41.01303],[28.88818,41.01335],[28.88926,41.01384],[28.8899,41.01361],[28.88997,41.01336],[28.88984,41.01311],[28.89026,41.01346]],[[28.90282,41.01341],[28.90247,41.01299],[28.90305,41.0128],[28.90312,41.01355],[28.90282,41.01341]],[[28.89961,41.00828],[28.89932,41.00811],[28.90037,41.00784],[28.90093,41.00793],[28.90136,41.00762],[28.90182,41.0077],[28.90266,41.00749],[28.90384,41.00815],[28.90337,41.00838],[28.90334,41.00876],[28.90377,41.00904],[28.90452,41.00894],[28.9043,41.00929],[28.90455,41.00966],[28.90506,41.00972],[28.90541,41.00951],[28.90552,41.00887],[28.90532,41.00861],[28.90587,41.00899],[28.90593,41.00925],[28.90502,41.0099],[28.90517,41.01079],[28.90486,41.01104],[28.90372,41.01106],[28.9027,41.01067],[28.90261,41.01041],[28.90216,41.01009],[28.90144,41.00987],[28.8997,41.0086],[28.89961,41.00828]],[[28.88783,41.01691],[28.88743,41.01689],[28.88722,41.01659],[28.88811,41.01627],[28.88884,41.01627],[28.88883,41.01716],[28.88813,41.01712],[28.88783,41.01691]],[[28.89203,41.04346],[28.89204,41.04344],[28.89204,41.04346],[28.89203,41.04346]],[[28.89256,41.04234],[28.89234,41.04291],[28.89215,41.04323],[28.89256,41.04234]],[[28.87961,41.03293],[28.87946,41.03321],[28.87936,41.03299],[28.87961,41.03293]],[[28.87929,41.03361],[28.87926,41.03358],[28.87928,41.03357],[28.87929,41.03361]],[[28.90614,41.06924],[28.90668,41.06913],[28.90627,41.06991],[28.90571,41.0698],[28.90614,41.06924]],[[28.8795,41.08785],[28.87937,41.08805],[28.87914,41.08798],[28.87922,41.08779],[28.8795,41.08785]],[[28.90842,40.99617],[28.90817,40.99576],[28.90849,40.99544],[28.90837,40.99506],[28.90866,40.9951],[28.90871,40.99601],[28.90956,40.99636],[28.90891,40.9972],[28.90922,40.99646],[28.90889,40.99617],[28.90842,40.99617]],[[28.94908,41.0845],[28.94901,41.08419],[28.94949,41.08378],[28.94946,41.08443],[28.94908,41.0845]],[[28.93006,41.04289],[28.93055,41.04294],[28.93029,41.04331],[28.93006,41.04289]],[[28.92773,41.04633],[28.92761,41.04618],[28.92783,41.04578],[28.92822,41.04566],[28.92852,41.04588],[28.92846,41.04617],[28.92773,41.04633]],[[28.94911,41.07142],[28.94915,41.07155],[28.94925,41.07168],[28.94899,41.07168],[28.94911,41.07142]],[[28.94957,41.07068],[28.9497,41.07054],[28.95015,41.07052],[28.9505,41.07069],[28.9505,41.07101],[28.95015,41.07109],[28.94968,41.07093],[28.94957,41.07068]],[[28.9457,41.07267],[28.94616,41.07202],[28.94602,41.07173],[28.94627,41.0714],[28.94648,41.07148],[28.9476,41.07268],[28.94763,41.07314],[28.94845,41.0739],[28.9482,41.07411],[28.94781,41.07409],[28.94746,41.07429],[28.94692,41.07419],[28.94684,41.07372],[28.94648,41.07355],[28.94627,41.07318],[28.94582,41.07304],[28.9457,41.07267]],[[28.96992,41.01922],[28.97081,41.01918],[28.9712,41.0187],[28.9716,41.01871],[28.97209,41.01939],[28.97206,41.01984],[28.97264,41.02014],[28.97267,41.02065],[28.97317,41.02089],[28.97353,41.02136],[28.97309,41.02129],[28.97251,41.02152],[28.97218,41.02201],[28.97131,41.02173],[28.97044,41.02221],[28.96942,41.02224],[28.96917,41.02248],[28.96918,41.02276],[28.96854,41.02303],[28.96851,41.02333],[28.96874,41.02357],[28.96818,41.02374],[28.96803,41.02357],[28.96802,41.02318],[28.96697,41.02207],[28.96655,41.02168],[28.96615,41.02161],[28.96519,41.02064],[28.96591,41.0203],[28.96624,41.01984],[28.96654,41.01974],[28.96722,41.01989],[28.96811,41.01975],[28.96898,41.01996],[28.96974,41.01967],[28.96992,41.01922]],[[29.00942,41.07164],[29.00994,41.07179],[29.01034,41.07263],[29.01101,41.07291],[29.01157,41.07288],[29.01164,41.07313],[29.01193,41.07334],[29.0107,41.07351],[29.01014,41.07307],[29.01003,41.07267],[29.00963,41.07251],[29.00942,41.07164]],[[28.9979,41.05579],[28.99745,41.05585],[28.99723,41.05564],[28.99673,41.05551],[28.99666,41.05496],[28.99688,41.05456],[28.99663,41.05423],[28.99607,41.05418],[28.99559,41.05466],[28.9953,41.05464],[28.9953,41.05435],[28.99596,41.05412],[28.99606,41.05369],[28.9963,41.05348],[28.99691,41.05361],[28.99733,41.05327],[28.99721,41.05289],[28.99676,41.05259],[28.99619,41.05248],[28.99612,41.05218],[28.99683,41.05169],[28.99735,41.05166],[28.99795,41.05185],[28.99945,41.05133],[28.9992,41.05184],[28.99955,41.05221],[28.99862,41.05222],[28.99808,41.05203],[28.99757,41.05234],[28.99749,41.0529],[28.99774,41.05319],[28.99839,41.05331],[28.99883,41.05296],[28.99853,41.05351],[28.99876,41.05387],[28.99885,41.05449],[28.9979,41.05579]],[[28.99836,41.05117],[28.99773,41.05097],[28.99731,41.05121],[28.99686,41.05123],[28.99713,41.05091],[28.99761,41.05075],[28.99775,41.05051],[28.99819,41.05048],[28.99871,41.05009],[28.99977,41.04978],[28.99975,41.05016],[28.99905,41.05049],[28.99903,41.05101],[28.99836,41.05117]],[[28.98065,41.06061],[28.98068,41.06021],[28.98069,41.06061],[28.98065,41.06061]],[[28.96574,41.07211],[28.96635,41.07229],[28.96641,41.0727],[28.96706,41.07319],[28.96769,41.07335],[28.96783,41.07389],[28.96826,41.07413],[28.96826,41.07454],[28.96882,41.07485],[28.969,41.07521],[28.96887,41.07569],[28.96904,41.07613],[28.96854,41.07653],[28.96849,41.07687],[28.96807,41.07653],[28.96812,41.07619],[28.96783,41.07592],[28.96809,41.07546],[28.96796,41.07513],[28.96756,41.07496],[28.96713,41.07506],[28.96691,41.07545],[28.96723,41.07581],[28.96687,41.07577],[28.96636,41.07491],[28.96575,41.07433],[28.96524,41.0735],[28.96521,41.07305],[28.96489,41.07287],[28.96436,41.07287],[28.96466,41.07254],[28.96507,41.07279],[28.96552,41.07276],[28.96583,41.07245],[28.96574,41.07211]],[[28.98991,41.07601],[28.98994,41.07589],[28.98996,41.07609],[28.98991,41.07601]],[[28.96967,41.07723],[28.97069,41.07796],[28.97076,41.07821],[28.97038,41.07823],[28.96982,41.07851],[28.96945,41.07834],[28.96881,41.07763],[28.96882,41.07726],[28.96967,41.07723]],[[28.99975,41.05488],[28.99964,41.05462],[29.00021,41.05415],[29.00052,41.05349],[29.00118,41.05373],[29.00112,41.05403],[29.00132,41.05429],[29.00188,41.05438],[29.00126,41.05469],[29.00123,41.05499],[29.00146,41.05523],[29.00133,41.05545],[29.00094,41.05533],[29.00029,41.05541],[28.99958,41.05598],[28.99947,41.05549],[28.99975,41.05488]],[[28.99622,41.10887],[28.99594,41.10883],[28.99565,41.10851],[28.99624,41.10873],[28.99622,41.10887]],[[28.99548,41.10833],[28.99418,41.10741],[28.99374,41.1073],[28.9925,41.1077],[28.99188,41.10865],[28.99019,41.10896],[28.98939,41.1088],[28.98918,41.10859],[28.98945,41.10822],[28.9892,41.10777],[28.98949,41.10754],[28.98968,41.10694],[28.99059,41.10668],[28.99107,41.10632],[28.99095,41.10658],[28.9904,41.1068],[28.98992,41.10729],[28.98996,41.10763],[28.99037,41.10793],[28.99163,41.10791],[28.99196,41.10773],[28.99222,41.10725],[28.99285,41.10746],[28.99385,41.10698],[28.99435,41.10704],[28.99471,41.10681],[28.99524,41.10694],[28.99562,41.10726],[28.99546,41.10758],[28.99548,41.10833]],[[28.99097,41.10439],[28.99058,41.10431],[28.99033,41.1038],[28.98991,41.10363],[28.98957,41.10327],[28.98984,41.10279],[28.99025,41.10252],[28.99096,41.10237],[28.99161,41.10263],[28.99179,41.10281],[28.99164,41.10305],[28.99171,41.10331],[28.99224,41.10355],[28.99195,41.10401],[28.99144,41.10402],[28.99097,41.10439]],[[29.04457,41.079],[29.04427,41.08014],[29.04368,41.0809],[29.0439,41.08039],[29.04375,41.08014],[29.04385,41.07966],[29.04445,41.07908],[29.04413,41.07863],[29.04449,41.0786],[29.04457,41.079]],[[29.04238,41.07956],[29.04208,41.079],[29.04154,41.07887],[29.04101,41.07928],[29.04111,41.08],[29.04092,41.07966],[29.04056,41.07953],[29.03926,41.0799],[29.0389,41.07947],[29.03826,41.07956],[29.03822,41.07873],[29.03897,41.07866],[29.03928,41.07834],[29.04067,41.07818],[29.04107,41.07789],[29.04155,41.07794],[29.04261,41.07759],[29.04287,41.07804],[29.04274,41.07853],[29.04334,41.07881],[29.04282,41.0792],[29.0428,41.07958],[29.04238,41.07956]],[[29.04554,41.07949],[29.04553,41.07912],[29.04578,41.07909],[29.04647,41.07947],[29.04604,41.07967],[29.04554,41.07949]],[[29.04768,41.07978],[29.04757,41.08058],[29.04741,41.08025],[29.04706,41.08013],[29.04711,41.07979],[29.04682,41.07952],[29.04747,41.07958],[29.04768,41.07978]],[[29.0479,41.08315],[29.04788,41.0827],[29.04821,41.08249],[29.0483,41.08207],[29.04891,41.08289],[29.04924,41.08296],[29.04952,41.08281],[29.04955,41.08156],[29.04937,41.08084],[29.0492,41.0807],[29.04948,41.08045],[29.04951,41.08015],[29.04968,41.0802],[29.04965,41.08038],[29.04938,41.0808],[29.04963,41.08113],[29.05025,41.08116],[29.05057,41.08076],[29.05098,41.08098],[29.05106,41.08114],[29.05066,41.08158],[29.05082,41.08194],[29.05042,41.08232],[29.04971,41.08243],[29.04957,41.08267],[29.04967,41.08297],[29.04926,41.08309],[29.04906,41.08332],[29.04829,41.08326],[29.04767,41.0837],[29.04748,41.08338],[29.0479,41.08315]],[[29.0525,41.08953],[29.05209,41.08996],[29.05041,41.08995],[29.05127,41.08977],[29.05233,41.0892],[29.0525,41.08953]]],[[[28.76338,41.07134],[28.76295,41.07172],[28.7632,41.07246],[28.76236,41.07332],[28.76203,41.07449],[28.76146,41.0748],[28.76168,41.07571],[28.7611,41.07605],[28.76028,41.07495],[28.7595,41.0747],[28.75899,41.07501],[28.75909,41.07543],[28.75967,41.07571],[28.75972,41.07629],[28.75946,41.07665],[28.75973,41.07735],[28.75947,41.07777],[28.75981,41.07813],[28.75998,41.07966],[28.75971,41.07953],[28.75947,41.07861],[28.75913,41.07845],[28.75873,41.07849],[28.75842,41.0788],[28.75854,41.07917],[28.75777,41.07911],[28.75745,41.07929],[28.75735,41.07962],[28.75691,41.07951],[28.75647,41.0797],[28.75637,41.07999],[28.75655,41.0811],[28.75706,41.08127],[28.75756,41.08103],[28.75788,41.08145],[28.75837,41.08155],[28.75885,41.08121],[28.75931,41.08112],[28.75953,41.08072],[28.75986,41.08058],[28.75946,41.08115],[28.75952,41.08162],[28.75976,41.08187],[28.76031,41.08192],[28.76088,41.08156],[28.76101,41.082],[28.76136,41.08222],[28.76181,41.0822],[28.76215,41.08192],[28.76325,41.0822],[28.76348,41.08208],[28.76413,41.08089],[28.76397,41.08042],[28.76501,41.07974],[28.7656,41.0797],[28.76557,41.08016],[28.76604,41.0804],[28.76694,41.08025],[28.76751,41.08042],[28.76793,41.08019],[28.76852,41.08026],[28.76884,41.08004],[28.7694,41.08053],[28.76939,41.08081],[28.76963,41.08115],[28.77084,41.08177],[28.76826,41.08204],[28.76656,41.0824],[28.76551,41.08308],[28.76491,41.08327],[28.76481,41.08356],[28.76497,41.08383],[28.76478,41.08439],[28.76523,41.08471],[28.76577,41.08459],[28.76612,41.08403],[28.76596,41.08338],[28.76684,41.0828],[28.76837,41.08248],[28.7707,41.08224],[28.77077,41.08233],[28.77019,41.08277],[28.76959,41.08292],[28.76917,41.08372],[28.76942,41.08392],[28.77025,41.08388],[28.7706,41.08429],[28.77116,41.08574],[28.77125,41.08632],[28.77104,41.08654],[28.77103,41.0868],[28.7715,41.08718],[28.77213,41.08719],[28.77253,41.08675],[28.77362,41.08649],[28.77391,41.08669],[28.77436,41.0867],[28.77463,41.08653],[28.77474,41.08625],[28.77515,41.08618],[28.77539,41.08594],[28.77525,41.08549],[28.77489,41.08535],[28.7745,41.08542],[28.77431,41.08508],[28.77489,41.08489],[28.77485,41.08405],[28.77431,41.08381],[28.77409,41.08324],[28.77348,41.0829],[28.774,41.08304],[28.77446,41.08288],[28.77471,41.08239],[28.77461,41.08192],[28.77416,41.0816],[28.77351,41.08184],[28.77306,41.08172],[28.77362,41.0814],[28.77435,41.08117],[28.7753,41.0811],[28.7757,41.08209],[28.77685,41.08354],[28.7769,41.08396],[28.77739,41.08416],[28.77789,41.08397],[28.77793,41.0835],[28.77732,41.08327],[28.77624,41.0819],[28.7757,41.08077],[28.77521,41.08063],[28.77421,41.08073],[28.77264,41.08139],[28.77304,41.08012],[28.77256,41.07936],[28.77212,41.07902],[28.77097,41.07893],[28.77052,41.07867],[28.77103,41.07836],[28.77077,41.07748],[28.77109,41.07711],[28.77098,41.07666],[28.77158,41.07542],[28.77148,41.07363],[28.77134,41.07338],[28.77147,41.07301],[28.77132,41.07254],[28.77086,41.07233],[28.7704,41.07073],[28.77008,41.0691],[28.77035,41.06858],[28.77023,41.06825],[28.76971,41.06808],[28.76924,41.06831],[28.76918,41.06861],[28.76938,41.06888],[28.76924,41.06966],[28.76899,41.0702],[28.76849,41.07057],[28.768,41.07073],[28.76681,41.07048],[28.76558,41.07048],[28.76523,41.07077],[28.76501,41.07171],[28.76465,41.07184],[28.76416,41.07175],[28.76383,41.07138],[28.76338,41.07134]]],[[[28.6694,41.07808],[28.6691,41.07828],[28.66907,41.07867],[28.66882,41.07895],[28.66898,41.07936],[28.6689,41.07956],[28.66856,41.07974],[28.66846,41.08003],[28.66876,41.08039],[28.66945,41.08033],[28.66996,41.08068],[28.66961,41.08123],[28.66985,41.08182],[28.66906,41.08157],[28.66865,41.08117],[28.66798,41.08134],[28.66788,41.08164],[28.66806,41.08192],[28.66768,41.08219],[28.66767,41.08253],[28.66884,41.08314],[28.66909,41.08371],[28.66887,41.08382],[28.66857,41.08358],[28.66812,41.08354],[28.66779,41.08372],[28.66769,41.08401],[28.66794,41.08434],[28.66842,41.08441],[28.66818,41.08468],[28.66826,41.08502],[28.6689,41.08532],[28.66855,41.08548],[28.66841,41.08576],[28.66854,41.08605],[28.66894,41.08621],[28.66874,41.0865],[28.66883,41.08679],[28.66915,41.08698],[28.66969,41.08691],[28.67052,41.08718],[28.67006,41.08793],[28.66959,41.08824],[28.66962,41.08859],[28.66992,41.08879],[28.67032,41.08881],[28.67064,41.08863],[28.67075,41.08839],[28.67062,41.0881],[28.67101,41.08757],[28.6716,41.08738],[28.67161,41.08689],[28.67232,41.08619],[28.67416,41.08793],[28.67487,41.08796],[28.67513,41.08768],[28.67504,41.08734],[28.67467,41.08714],[28.67423,41.0872],[28.673,41.086],[28.67345,41.08587],[28.67362,41.08549],[28.67447,41.08494],[28.67548,41.08537],[28.67584,41.08587],[28.67645,41.0859],[28.67675,41.08564],[28.67668,41.08526],[28.67562,41.08486],[28.67563,41.08471],[28.67609,41.08446],[28.6762,41.08405],[28.67658,41.08396],[28.67679,41.0837],[28.67718,41.08374],[28.67818,41.08469],[28.67898,41.08482],[28.67954,41.08447],[28.67988,41.0838],[28.68039,41.08349],[28.6804,41.08315],[28.68009,41.08291],[28.68064,41.08274],[28.68115,41.08296],[28.68172,41.08249],[28.68142,41.0821],[28.68154,41.08181],[28.68119,41.0815],[28.68089,41.08149],[28.68002,41.08204],[28.67998,41.0816],[28.67943,41.0814],[28.68029,41.08067],[28.68098,41.08056],[28.68136,41.08018],[28.68112,41.07968],[28.68036,41.07962],[28.67948,41.07889],[28.67968,41.0785],[28.68008,41.0784],[28.68051,41.07803],[28.68052,41.07768],[28.6802,41.07743],[28.6797,41.07745],[28.67915,41.07789],[28.67853,41.07751],[28.67788,41.07768],[28.67708,41.07726],[28.67724,41.07697],[28.67707,41.07665],[28.67629,41.07643],[28.67566,41.07675],[28.67514,41.07679],[28.67488,41.07726],[28.67408,41.0775],[28.67385,41.07724],[28.67346,41.07716],[28.67237,41.07753],[28.67068,41.07776],[28.67032,41.07797],[28.67021,41.07843],[28.66991,41.0781],[28.6694,41.07808]]],[[[28.78645,41.12969],[28.78556,41.12982],[28.78543,41.13019],[28.78564,41.13045],[28.786,41.13057],[28.78625,41.13183],[28.7867,41.13214],[28.78734,41.13381],[28.78645,41.13385],[28.78625,41.13424],[28.78631,41.13464],[28.78588,41.1348],[28.78575,41.13517],[28.7861,41.13587],[28.7867,41.13599],[28.7873,41.13645],[28.78753,41.13712],[28.78687,41.13752],[28.78678,41.13716],[28.78695,41.13681],[28.78678,41.13653],[28.78625,41.1364],[28.78579,41.13671],[28.7858,41.13701],[28.7862,41.13728],[28.78638,41.13784],[28.7873,41.138],[28.78715,41.13887],[28.78684,41.13856],[28.78645,41.13848],[28.78559,41.13902],[28.78542,41.13959],[28.78584,41.14062],[28.78632,41.1409],[28.78648,41.14128],[28.7869,41.14142],[28.78736,41.14126],[28.78758,41.14068],[28.78788,41.14056],[28.7877,41.14118],[28.78799,41.14198],[28.78785,41.14241],[28.78827,41.14272],[28.78876,41.1435],[28.78908,41.14365],[28.78937,41.14432],[28.78995,41.14441],[28.79093,41.14403],[28.79183,41.14419],[28.79225,41.14395],[28.79331,41.14424],[28.79336,41.14455],[28.7938,41.14479],[28.794,41.14515],[28.79329,41.14543],[28.79312,41.14566],[28.79317,41.14596],[28.79073,41.14768],[28.78945,41.14801],[28.78927,41.14833],[28.7894,41.14861],[28.78991,41.14878],[28.79087,41.14851],[28.79113,41.14829],[28.79115,41.14799],[28.79352,41.14632],[28.79421,41.14646],[28.79477,41.14597],[28.79592,41.14561],[28.79649,41.14573],[28.79629,41.14739],[28.79669,41.14763],[28.79714,41.14756],[28.79741,41.14719],[28.79696,41.14651],[28.79709,41.14573],[28.79761,41.145],[28.79775,41.1442],[28.79892,41.14353],[28.79918,41.14356],[28.79914,41.14388],[28.79937,41.14413],[28.80003,41.14414],[28.8003,41.14372],[28.80014,41.14344],[28.79977,41.14331],[28.79996,41.1432],[28.80029,41.14317],[28.80053,41.14332],[28.8005,41.14399],[28.80027,41.1442],[28.80025,41.1445],[28.80048,41.14475],[28.80091,41.14482],[28.80115,41.14529],[28.80181,41.14529],[28.80204,41.14509],[28.80207,41.14482],[28.80262,41.1445],[28.80271,41.14416],[28.80242,41.14385],[28.8024,41.14351],[28.80262,41.14317],[28.8033,41.14315],[28.80362,41.1428],[28.8035,41.14247],[28.80312,41.14231],[28.80309,41.14186],[28.80274,41.14167],[28.80313,41.14142],[28.80309,41.141],[28.80347,41.14096],[28.80375,41.14074],[28.80377,41.14044],[28.80349,41.14017],[28.80283,41.14021],[28.80258,41.14067],[28.80184,41.14068],[28.80163,41.14112],[28.80072,41.14173],[28.79966,41.14177],[28.79939,41.14211],[28.79896,41.14231],[28.79878,41.14269],[28.79798,41.14285],[28.79771,41.14322],[28.79745,41.14322],[28.79747,41.14286],[28.79705,41.14259],[28.79683,41.1421],[28.79692,41.14178],[28.79747,41.1415],[28.79819,41.14056],[28.79912,41.13974],[28.79999,41.13965],[28.80024,41.13994],[28.80082,41.14007],[28.8012,41.13988],[28.80149,41.13932],[28.80215,41.13944],[28.80259,41.13918],[28.8026,41.13883],[28.80228,41.13859],[28.80183,41.13858],[28.8013,41.13889],[28.80079,41.13871],[28.80074,41.13851],[28.80108,41.13836],[28.80122,41.13801],[28.8015,41.13781],[28.80154,41.13743],[28.80194,41.13742],[28.80224,41.13722],[28.80229,41.13688],[28.80203,41.13662],[28.80258,41.13613],[28.8026,41.13534],[28.80131,41.13476],[28.80128,41.13454],[28.80184,41.13406],[28.80185,41.13372],[28.80158,41.13349],[28.80119,41.13344],[28.80021,41.13411],[28.79987,41.13406],[28.80086,41.13319],[28.80128,41.13321],[28.80161,41.13304],[28.80198,41.13246],[28.80186,41.13209],[28.80095,41.13168],[28.8004,41.13176],[28.80021,41.13197],[28.80021,41.13224],[28.79814,41.1338],[28.798,41.13409],[28.79677,41.13518],[28.79603,41.13541],[28.79595,41.1359],[28.7956,41.13605],[28.79546,41.13633],[28.79491,41.13648],[28.79479,41.1369],[28.79378,41.13757],[28.79335,41.13764],[28.79255,41.13723],[28.79234,41.13682],[28.79192,41.13671],[28.79158,41.13629],[28.79172,41.13601],[28.79159,41.13572],[28.79099,41.13557],[28.79118,41.13524],[28.79093,41.13487],[28.79111,41.13233],[28.79174,41.13255],[28.79204,41.13243],[28.79222,41.13216],[28.79195,41.13173],[28.79209,41.1311],[28.79188,41.13055],[28.7915,41.13036],[28.79102,41.13043],[28.79067,41.13026],[28.79027,41.1303],[28.78996,41.13061],[28.79013,41.13102],[28.78992,41.13133],[28.78973,41.13106],[28.78892,41.13062],[28.78778,41.13051],[28.78723,41.13077],[28.78678,41.13068],[28.78665,41.13041],[28.7868,41.13015],[28.78674,41.12989],[28.78645,41.12969]]],[[[28.7382,41.17917],[28.73806,41.17946],[28.73727,41.17962],[28.7373,41.18012],[28.73681,41.18039],[28.73677,41.18065],[28.73706,41.18095],[28.73707,41.18132],[28.73657,41.18166],[28.7365,41.18191],[28.73664,41.18217],[28.7363,41.18232],[28.73616,41.1826],[28.73629,41.18289],[28.73665,41.18305],[28.73611,41.18326],[28.73597,41.1836],[28.73557,41.18379],[28.73535,41.18424],[28.73584,41.18503],[28.73626,41.18517],[28.73668,41.18505],[28.73741,41.18585],[28.73851,41.18581],[28.73795,41.18605],[28.73783,41.18646],[28.73909,41.18746],[28.73996,41.18754],[28.74035,41.18739],[28.74088,41.18775],[28.74176,41.18778],[28.74219,41.18807],[28.74299,41.18808],[28.74308,41.18836],[28.74354,41.18869],[28.74393,41.18877],[28.74431,41.18863],[28.74488,41.18904],[28.74545,41.1889],[28.746,41.18908],[28.74692,41.1889],[28.74731,41.18922],[28.74771,41.18921],[28.74801,41.18901],[28.74829,41.18923],[28.74868,41.18928],[28.74903,41.18913],[28.74925,41.18879],[28.74989,41.18904],[28.75143,41.18871],[28.7516,41.1883],[28.75124,41.18797],[28.75117,41.18732],[28.75136,41.1873],[28.75121,41.18759],[28.75134,41.18787],[28.75186,41.18804],[28.75384,41.18712],[28.75402,41.18684],[28.75395,41.18657],[28.75424,41.18656],[28.75472,41.18699],[28.75518,41.18699],[28.75579,41.18635],[28.75708,41.18629],[28.7573,41.1859],[28.75692,41.18552],[28.75698,41.18539],[28.75778,41.18535],[28.75814,41.18503],[28.75803,41.18429],[28.75736,41.18349],[28.75759,41.18332],[28.7582,41.18335],[28.7585,41.18309],[28.75843,41.18271],[28.75793,41.1824],[28.75874,41.18154],[28.75855,41.18106],[28.75779,41.18095],[28.75738,41.18107],[28.75685,41.18061],[28.7563,41.18056],[28.7557,41.18104],[28.75582,41.18142],[28.75623,41.18158],[28.75577,41.18211],[28.75532,41.18224],[28.75511,41.18261],[28.75425,41.18237],[28.75364,41.18209],[28.75298,41.18103],[28.75169,41.18048],[28.75134,41.18004],[28.75127,41.17991],[28.7517,41.17902],[28.75125,41.17866],[28.75123,41.17823],[28.75082,41.17788],[28.75,41.1777],[28.74927,41.17801],[28.74803,41.17802],[28.74871,41.17696],[28.7488,41.17643],[28.75055,41.17552],[28.75102,41.17546],[28.75166,41.17487],[28.75205,41.17472],[28.75249,41.17482],[28.75324,41.17464],[28.75345,41.17494],[28.75394,41.17504],[28.75515,41.17583],[28.75523,41.17648],[28.75543,41.17674],[28.75592,41.17684],[28.75633,41.17661],[28.7564,41.17631],[28.75616,41.17573],[28.75564,41.17556],[28.7544,41.17474],[28.75436,41.17407],[28.75417,41.17375],[28.75324,41.17347],[28.75261,41.17364],[28.7523,41.17328],[28.75229,41.17288],[28.752,41.17268],[28.75135,41.17277],[28.75085,41.17353],[28.75058,41.17352],[28.75071,41.17321],[28.7505,41.1729],[28.74979,41.17287],[28.74904,41.17345],[28.74898,41.17377],[28.74854,41.17424],[28.74873,41.17457],[28.74836,41.17497],[28.74768,41.17484],[28.74675,41.17512],[28.74612,41.17558],[28.74579,41.17549],[28.74578,41.17517],[28.74546,41.17492],[28.74538,41.17411],[28.74565,41.17385],[28.74561,41.17351],[28.74429,41.17218],[28.74358,41.17214],[28.74331,41.17247],[28.74344,41.1728],[28.74378,41.17296],[28.74421,41.1729],[28.74477,41.17334],[28.74449,41.17376],[28.74478,41.1741],[28.74487,41.17498],[28.74463,41.17539],[28.7438,41.17547],[28.74334,41.17529],[28.74291,41.17542],[28.74273,41.17573],[28.74292,41.17623],[28.74254,41.17639],[28.7424,41.17672],[28.74293,41.17728],[28.74368,41.17741],[28.74398,41.1773],[28.74403,41.1775],[28.74348,41.17758],[28.74326,41.17797],[28.74262,41.17802],[28.74242,41.17824],[28.74242,41.17854],[28.74196,41.1785],[28.74137,41.17886],[28.74086,41.17884],[28.74024,41.17925],[28.73867,41.17901],[28.7382,41.17917]]],[[[28.71053,41.19796],[28.7103,41.19831],[28.71047,41.1987],[28.7101,41.19888],[28.71,41.19918],[28.71017,41.19945],[28.71078,41.1998],[28.71019,41.1998],[28.70987,41.20019],[28.71033,41.20077],[28.70969,41.20112],[28.70888,41.20113],[28.70857,41.20143],[28.70896,41.20258],[28.70848,41.20275],[28.70835,41.20312],[28.70865,41.20343],[28.70914,41.20346],[28.70911,41.20384],[28.70819,41.20373],[28.70777,41.20411],[28.70786,41.2044],[28.70835,41.20482],[28.70831,41.20528],[28.70909,41.20602],[28.70879,41.20618],[28.70862,41.20588],[28.70826,41.20574],[28.7077,41.20593],[28.70764,41.20635],[28.70825,41.20693],[28.7076,41.20711],[28.70752,41.20749],[28.70784,41.20777],[28.70725,41.20783],[28.70698,41.2082],[28.70719,41.20855],[28.70849,41.2092],[28.70939,41.20898],[28.70963,41.20846],[28.71078,41.20822],[28.71076,41.20946],[28.71033,41.20962],[28.7102,41.20999],[28.71072,41.21055],[28.71078,41.21107],[28.71112,41.21123],[28.71153,41.21119],[28.71146,41.21149],[28.71164,41.21174],[28.71145,41.21189],[28.71055,41.21184],[28.71023,41.21228],[28.71039,41.21256],[28.71076,41.21269],[28.71115,41.21262],[28.71144,41.21234],[28.71154,41.21283],[28.71035,41.21494],[28.70987,41.21521],[28.70995,41.21567],[28.71047,41.21583],[28.71091,41.21564],[28.71101,41.21539],[28.7109,41.21512],[28.71166,41.21375],[28.71198,41.214],[28.71242,41.21401],[28.71246,41.21435],[28.71275,41.21456],[28.71315,41.21458],[28.71348,41.2144],[28.71358,41.21415],[28.71349,41.2139],[28.71283,41.21362],[28.71294,41.21322],[28.71259,41.21291],[28.71278,41.21251],[28.71315,41.21264],[28.71312,41.21309],[28.71359,41.21333],[28.71455,41.21323],[28.71496,41.21296],[28.71517,41.21334],[28.71572,41.21343],[28.71612,41.21313],[28.71605,41.21274],[28.71639,41.21267],[28.71692,41.21308],[28.71752,41.21297],[28.7177,41.2127],[28.71757,41.21237],[28.7166,41.21209],[28.71663,41.21196],[28.71726,41.21195],[28.71753,41.21162],[28.71737,41.21126],[28.71694,41.21112],[28.7169,41.21057],[28.71854,41.21075],[28.71853,41.21101],[28.71886,41.21129],[28.71893,41.21183],[28.71958,41.2133],[28.71943,41.21363],[28.71967,41.21396],[28.71968,41.21427],[28.72078,41.21485],[28.72122,41.21475],[28.72144,41.21442],[28.7219,41.21433],[28.72212,41.21398],[28.72199,41.21369],[28.72073,41.2127],[28.72081,41.21257],[28.72191,41.21299],[28.72204,41.21326],[28.72238,41.21342],[28.72283,41.21335],[28.7231,41.21303],[28.72279,41.21258],[28.72219,41.21259],[28.72085,41.21211],[28.72115,41.21194],[28.72125,41.21165],[28.723,41.21224],[28.72321,41.21257],[28.72364,41.21268],[28.72439,41.21218],[28.72447,41.21179],[28.72466,41.21163],[28.72528,41.21145],[28.72538,41.2112],[28.72528,41.21095],[28.72592,41.21051],[28.72582,41.2101],[28.72642,41.20993],[28.72666,41.20969],[28.72654,41.20925],[28.72683,41.20899],[28.72687,41.2084],[28.72664,41.20804],[28.72705,41.20748],[28.7268,41.20715],[28.72608,41.20693],[28.72663,41.20645],[28.72655,41.20611],[28.72612,41.20591],[28.72645,41.20563],[28.72651,41.20534],[28.72608,41.2049],[28.72562,41.2048],[28.72629,41.20398],[28.72635,41.20369],[28.72607,41.20319],[28.72568,41.20302],[28.72544,41.20256],[28.72552,41.20212],[28.72505,41.20184],[28.72489,41.20154],[28.72499,41.20114],[28.72449,41.20061],[28.72438,41.20022],[28.72381,41.20006],[28.72336,41.20033],[28.72326,41.20013],[28.72346,41.19975],[28.72325,41.19945],[28.72179,41.19891],[28.72076,41.19907],[28.72016,41.19839],[28.71981,41.19823],[28.71932,41.19832],[28.7191,41.19873],[28.7185,41.19879],[28.71775,41.19937],[28.71749,41.19927],[28.71712,41.19894],[28.71843,41.19822],[28.71877,41.19791],[28.71879,41.1976],[28.71781,41.19675],[28.7169,41.19671],[28.71679,41.19625],[28.71638,41.19602],[28.71598,41.19606],[28.71527,41.19646],[28.71509,41.19703],[28.71451,41.19658],[28.71395,41.19662],[28.7134,41.19711],[28.71335,41.19747],[28.71298,41.19761],[28.71251,41.19726],[28.7123,41.19687],[28.7117,41.19679],[28.71137,41.19703],[28.71136,41.19738],[28.71168,41.19762],[28.71215,41.19762],[28.71244,41.19784],[28.71238,41.19794],[28.7121,41.19807],[28.71166,41.19786],[28.71053,41.19796]],[[28.7255,41.20573],[28.72524,41.2059],[28.72528,41.20571],[28.7255,41.20573]]],[[[28.7387,41.25096],[28.73837,41.25114],[28.73826,41.25139],[28.73829,41.25228],[28.73857,41.25259],[28.73827,41.25303],[28.73849,41.25338],[28.73839,41.25367],[28.73855,41.25394],[28.73851,41.25673],[28.73823,41.25703],[28.7384,41.25745],[28.73812,41.25833],[28.73841,41.25878],[28.73935,41.25933],[28.7392,41.25957],[28.73923,41.26069],[28.73971,41.26097],[28.74233,41.261],[28.74183,41.26145],[28.74129,41.26122],[28.74077,41.26138],[28.74065,41.26179],[28.74105,41.2621],[28.74145,41.26209],[28.74174,41.2619],[28.74228,41.26212],[28.7431,41.26211],[28.74345,41.2619],[28.74428,41.26212],[28.74468,41.26205],[28.74494,41.26172],[28.74474,41.26133],[28.7443,41.26123],[28.74345,41.26145],[28.74293,41.26101],[28.74591,41.26094],[28.74614,41.26059],[28.74615,41.25964],[28.74601,41.25939],[28.74648,41.25927],[28.74709,41.25855],[28.74694,41.25777],[28.74709,41.25751],[28.74704,41.25699],[28.74675,41.25664],[28.74675,41.25603],[28.74676,41.25532],[28.74693,41.25501],[28.74679,41.25446],[28.74709,41.25376],[28.74693,41.25344],[28.7471,41.25308],[28.74688,41.25277],[28.74688,41.25241],[28.74721,41.25196],[28.74714,41.25095],[28.74639,41.25024],[28.746,41.25019],[28.74565,41.25034],[28.74507,41.2512],[28.74518,41.25162],[28.74492,41.25213],[28.74445,41.25244],[28.74455,41.25286],[28.74416,41.25324],[28.74414,41.25361],[28.74377,41.25389],[28.74366,41.2545],[28.74266,41.25494],[28.74239,41.25547],[28.74145,41.25563],[28.73977,41.25552],[28.73968,41.25529],[28.73984,41.2549],[28.73963,41.25431],[28.73934,41.2541],[28.73958,41.25368],[28.73936,41.25328],[28.73945,41.25295],[28.73917,41.25265],[28.73947,41.25225],[28.73945,41.25131],[28.7392,41.25103],[28.7387,41.25096]]],[[[28.7104,41.25236],[28.71121,41.25202],[28.7113,41.25171],[28.71162,41.25175],[28.71197,41.2522],[28.71267,41.25216],[28.71293,41.25188],[28.71291,41.25119],[28.71253,41.25093],[28.71144,41.25086],[28.7111,41.25101],[28.71089,41.25138],[28.70994,41.25154],[28.70967,41.25196],[28.70805,41.253],[28.70744,41.25297],[28.70681,41.25336],[28.70672,41.25372],[28.70554,41.25399],[28.70536,41.25427],[28.70538,41.25476],[28.70493,41.2551],[28.70438,41.25525],[28.70421,41.25565],[28.70461,41.256],[28.70529,41.25594],[28.70561,41.25554],[28.7067,41.25487],[28.7073,41.25476],[28.70748,41.25442],[28.70793,41.25442],[28.70818,41.25474],[28.70884,41.25495],[28.70942,41.2556],[28.71027,41.25609],[28.71045,41.25642],[28.71037,41.25679],[28.71068,41.25726],[28.71124,41.25747],[28.71238,41.25983],[28.71198,41.26024],[28.71205,41.26062],[28.71252,41.26096],[28.71359,41.26113],[28.71423,41.26061],[28.71404,41.2598],[28.71457,41.25964],[28.7149,41.25985],[28.71531,41.25984],[28.71561,41.25964],[28.71566,41.2593],[28.71515,41.25898],[28.71426,41.25919],[28.71425,41.25838],[28.71386,41.25807],[28.71301,41.25809],[28.71275,41.25837],[28.71287,41.25874],[28.71269,41.2587],[28.71193,41.25725],[28.71224,41.2568],[28.71266,41.25694],[28.71401,41.25683],[28.71441,41.25706],[28.71512,41.25697],[28.71642,41.25715],[28.71728,41.25716],[28.71763,41.257],[28.71777,41.25672],[28.71767,41.25626],[28.7173,41.25607],[28.7168,41.25613],[28.71682,41.25546],[28.71746,41.25556],[28.71783,41.25519],[28.71771,41.25486],[28.71733,41.2547],[28.71736,41.25263],[28.71701,41.25228],[28.71631,41.25223],[28.71587,41.25249],[28.71593,41.25311],[28.71571,41.25327],[28.71512,41.25327],[28.71457,41.25305],[28.71362,41.25326],[28.71311,41.25303],[28.71259,41.25325],[28.71132,41.25325],[28.71105,41.25358],[28.71102,41.25485],[28.71147,41.25525],[28.71147,41.25562],[28.71045,41.25528],[28.71014,41.25489],[28.70971,41.25485],[28.70944,41.25462],[28.70933,41.25422],[28.70867,41.25389],[28.70872,41.25361],[28.70932,41.25342],[28.70941,41.25305],[28.7104,41.25236]]],[[[28.81647,40.95607],[28.8161,40.95644],[28.81634,40.95715],[28.81593,40.95722],[28.81547,40.95758],[28.8147,40.95756],[28.8144,40.95783],[28.8147,40.95869],[28.81506,40.95895],[28.81389,40.95965],[28.81399,40.96006],[28.81445,40.96023],[28.81411,40.96044],[28.81404,40.96074],[28.81336,40.96054],[28.81289,40.96089],[28.81294,40.96119],[28.81338,40.96143],[28.81354,40.96182],[28.81428,40.96189],[28.81453,40.96212],[28.81483,40.96274],[28.81468,40.96301],[28.81371,40.96309],[28.8135,40.9627],[28.81296,40.96261],[28.81231,40.96305],[28.81222,40.96348],[28.81251,40.96379],[28.81318,40.96389],[28.81373,40.96363],[28.81502,40.96354],[28.81555,40.96373],[28.81605,40.96346],[28.81697,40.96337],[28.81711,40.96346],[28.8168,40.96376],[28.81612,40.96416],[28.8149,40.96373],[28.81447,40.96385],[28.8143,40.96413],[28.81439,40.96442],[28.81465,40.96459],[28.81529,40.96451],[28.81671,40.96492],[28.8197,40.96386],[28.82042,40.96397],[28.82091,40.96379],[28.82173,40.96386],[28.82226,40.96359],[28.82218,40.9639],[28.82178,40.96427],[28.82204,40.96501],[28.82169,40.96533],[28.82189,40.96577],[28.82148,40.96624],[28.82169,40.96669],[28.82146,40.96696],[28.82137,40.9678],[28.8211,40.96786],[28.81952,40.96706],[28.81963,40.96671],[28.81938,40.96642],[28.81872,40.96641],[28.81848,40.96665],[28.81849,40.96696],[28.81926,40.96748],[28.82085,40.96827],[28.82139,40.96831],[28.82184,40.96809],[28.82199,40.96751],[28.8225,40.96734],[28.82286,40.9668],[28.82347,40.96688],[28.82384,40.96675],[28.824,40.96652],[28.82395,40.96622],[28.82355,40.96599],[28.82356,40.96572],[28.82328,40.96537],[28.82266,40.96509],[28.82313,40.96499],[28.82362,40.96529],[28.8241,40.96516],[28.82441,40.96451],[28.82422,40.96412],[28.82448,40.96391],[28.82451,40.96363],[28.82492,40.96353],[28.82565,40.96354],[28.82545,40.96406],[28.82552,40.96449],[28.82583,40.96494],[28.8263,40.96509],[28.826,40.96557],[28.82631,40.96597],[28.82671,40.96602],[28.82706,40.96586],[28.82946,40.96604],[28.83037,40.96586],[28.83042,40.96566],[28.83003,40.96503],[28.83014,40.96462],[28.82981,40.96433],[28.82935,40.96433],[28.82889,40.96464],[28.82845,40.96443],[28.82793,40.96459],[28.82786,40.96508],[28.82854,40.96556],[28.82715,40.96541],[28.82689,40.96519],[28.82679,40.9648],[28.82632,40.96462],[28.82607,40.96408],[28.82664,40.96397],[28.82681,40.96374],[28.82677,40.96347],[28.82718,40.9632],[28.82779,40.96324],[28.82951,40.96369],[28.82995,40.96409],[28.83281,40.96446],[28.83307,40.96501],[28.8334,40.96519],[28.83326,40.96552],[28.83341,40.96579],[28.83352,40.96748],[28.8327,40.96769],[28.83254,40.96814],[28.83282,40.96841],[28.83334,40.96844],[28.8337,40.96985],[28.83346,40.97009],[28.83347,40.97039],[28.83385,40.97065],[28.83438,40.97059],[28.83539,40.97254],[28.83595,40.97258],[28.83631,40.97226],[28.83623,40.97192],[28.8357,40.97172],[28.83523,40.97091],[28.83556,40.97071],[28.83623,40.9709],[28.83661,40.97065],[28.83663,40.97035],[28.83635,40.97008],[28.8359,40.97004],[28.83554,40.97026],[28.83535,40.97016],[28.83559,40.96996],[28.8358,40.96933],[28.83618,40.96899],[28.83671,40.96925],[28.83808,40.96947],[28.83852,40.96927],[28.83949,40.96987],[28.84259,40.97063],[28.84318,40.97104],[28.84358,40.97103],[28.84391,40.97079],[28.84383,40.97033],[28.84349,40.97018],[28.84304,40.97021],[28.84279,40.96975],[28.84214,40.96974],[28.84118,40.96934],[28.84077,40.96885],[28.84111,40.96798],[28.84003,40.96767],[28.83948,40.96679],[28.84036,40.96647],[28.84051,40.966],[28.84152,40.96572],[28.842,40.96576],[28.84274,40.96543],[28.84298,40.96575],[28.84347,40.96585],[28.84381,40.9657],[28.84395,40.96541],[28.84345,40.96472],[28.84352,40.9643],[28.84298,40.96401],[28.84253,40.96339],[28.8426,40.96308],[28.84233,40.96268],[28.84181,40.96248],[28.84179,40.96203],[28.84115,40.96168],[28.84114,40.96138],[28.84073,40.96098],[28.84015,40.96082],[28.84017,40.96026],[28.84,40.95997],[28.83915,40.95955],[28.83846,40.95966],[28.83842,40.95953],[28.83876,40.95918],[28.83937,40.95892],[28.83939,40.95861],[28.83916,40.95837],[28.83845,40.95839],[28.83825,40.9586],[28.83826,40.95888],[28.8381,40.95857],[28.83829,40.95815],[28.83794,40.95782],[28.83754,40.9578],[28.83716,40.95806],[28.83667,40.95811],[28.83564,40.95792],[28.83521,40.95757],[28.83503,40.95673],[28.83468,40.95651],[28.83413,40.95658],[28.83391,40.957],[28.83322,40.95708],[28.83299,40.95772],[28.83204,40.95679],[28.83161,40.95668],[28.8312,40.95685],[28.83089,40.95631],[28.8304,40.95603],[28.82926,40.95618],[28.82872,40.95591],[28.82813,40.95608],[28.82736,40.95566],[28.82705,40.95579],[28.82714,40.95641],[28.82665,40.95679],[28.82655,40.95706],[28.82509,40.95747],[28.8248,40.9572],[28.82441,40.95716],[28.8246,40.95677],[28.82505,40.95651],[28.82497,40.95605],[28.82451,40.95588],[28.82405,40.95604],[28.82391,40.95632],[28.82404,40.95662],[28.82386,40.95699],[28.82306,40.95673],[28.823,40.95635],[28.82275,40.95613],[28.82285,40.95588],[28.82275,40.95554],[28.82237,40.95527],[28.82256,40.95503],[28.82253,40.95477],[28.82204,40.95449],[28.82139,40.95458],[28.82067,40.95493],[28.8202,40.95501],[28.81972,40.95487],[28.81931,40.95503],[28.81919,40.95564],[28.81939,40.95594],[28.81994,40.95603],[28.82046,40.95567],[28.82059,40.95589],[28.82044,40.95633],[28.81923,40.95721],[28.819,40.95702],[28.81912,40.95676],[28.81902,40.95651],[28.81834,40.95633],[28.81836,40.95602],[28.81808,40.95575],[28.81768,40.9557],[28.8173,40.95589],[28.8172,40.95619],[28.81738,40.95647],[28.81697,40.95609],[28.81647,40.95607]]],[[[28.80679,41.23485],[28.80637,41.23498],[28.80619,41.23525],[28.80625,41.23551],[28.80657,41.23575],[28.80638,41.23701],[28.80662,41.23751],[28.80784,41.23851],[28.80832,41.23951],[28.80826,41.23972],[28.80791,41.2397],[28.80797,41.23934],[28.8078,41.23906],[28.80721,41.23894],[28.80688,41.23912],[28.80678,41.23941],[28.80695,41.23969],[28.80733,41.23982],[28.80728,41.24012],[28.8066,41.2404],[28.806,41.24037],[28.80559,41.24074],[28.80513,41.24062],[28.80471,41.24079],[28.80436,41.24078],[28.8044,41.24041],[28.80424,41.24018],[28.80371,41.24005],[28.80329,41.24027],[28.80326,41.24066],[28.80379,41.24094],[28.80398,41.24142],[28.80422,41.24161],[28.80513,41.24152],[28.80518,41.24212],[28.80561,41.2424],[28.80601,41.24236],[28.8063,41.24209],[28.80624,41.24171],[28.80567,41.24133],[28.80576,41.24118],[28.8061,41.2412],[28.80647,41.24204],[28.80688,41.24232],[28.80663,41.2425],[28.80608,41.24254],[28.80582,41.24281],[28.80515,41.24294],[28.80502,41.24331],[28.80539,41.24372],[28.80595,41.24372],[28.80627,41.24335],[28.80738,41.24313],[28.80774,41.24282],[28.80825,41.24269],[28.80756,41.24331],[28.80773,41.24374],[28.80802,41.24394],[28.80863,41.24388],[28.80964,41.24302],[28.81012,41.24331],[28.81047,41.24491],[28.80945,41.24565],[28.80931,41.24594],[28.80944,41.24622],[28.80976,41.24638],[28.80995,41.24713],[28.81104,41.24793],[28.81154,41.24792],[28.81265,41.24829],[28.8132,41.24803],[28.81369,41.24826],[28.814,41.24867],[28.81466,41.24862],[28.81488,41.24832],[28.81475,41.24799],[28.81351,41.24764],[28.81424,41.24689],[28.81419,41.24647],[28.81381,41.24628],[28.81341,41.24632],[28.81142,41.24537],[28.81136,41.24506],[28.81107,41.24486],[28.81067,41.24314],[28.81078,41.24279],[28.81036,41.24243],[28.81064,41.24174],[28.81146,41.24119],[28.81201,41.24108],[28.81215,41.24059],[28.81183,41.24034],[28.81127,41.2403],[28.81084,41.2407],[28.80986,41.24099],[28.80993,41.24069],[28.80963,41.24037],[28.80974,41.24012],[28.80963,41.23985],[28.81013,41.23964],[28.81023,41.23934],[28.81008,41.23908],[28.81061,41.23877],[28.81038,41.2379],[28.81008,41.23746],[28.80958,41.23736],[28.80915,41.23762],[28.80848,41.23769],[28.80821,41.23815],[28.80729,41.23744],[28.80694,41.23671],[28.80737,41.23522],[28.80717,41.23496],[28.80679,41.23485]]],[[[28.88052,41.1742],[28.88025,41.17436],[28.88001,41.1748],[28.87851,41.17539],[28.87831,41.17578],[28.87842,41.17636],[28.87784,41.17681],[28.87728,41.17696],[28.87717,41.17746],[28.8768,41.17791],[28.87633,41.17807],[28.87619,41.1784],[28.87681,41.17917],[28.8774,41.17929],[28.87769,41.17915],[28.87783,41.17887],[28.8777,41.17858],[28.87737,41.17842],[28.87731,41.17815],[28.87745,41.17798],[28.87814,41.17795],[28.87876,41.17746],[28.87884,41.17706],[28.87905,41.17704],[28.87987,41.17761],[28.87985,41.17781],[28.8793,41.17804],[28.87928,41.17845],[28.87789,41.18023],[28.87737,41.18046],[28.87739,41.18092],[28.87679,41.18188],[28.877,41.18218],[28.87785,41.18249],[28.87838,41.18242],[28.88078,41.18288],[28.88095,41.18308],[28.88094,41.18331],[28.88063,41.18361],[28.8807,41.1842],[28.88031,41.18448],[28.88027,41.18485],[28.87969,41.18512],[28.87978,41.18572],[28.87901,41.18588],[28.87879,41.18627],[28.87905,41.1866],[28.87949,41.18667],[28.87984,41.18652],[28.88018,41.18605],[28.88064,41.18602],[28.88086,41.18658],[28.88135,41.18678],[28.88191,41.18651],[28.88183,41.18606],[28.88214,41.18594],[28.88232,41.18567],[28.88212,41.1851],[28.88248,41.18497],[28.88266,41.18467],[28.88292,41.18465],[28.88339,41.18496],[28.88324,41.18546],[28.88354,41.18577],[28.88394,41.18582],[28.88428,41.18566],[28.88442,41.18533],[28.8842,41.18502],[28.88468,41.18483],[28.88479,41.18523],[28.88524,41.1854],[28.88545,41.18579],[28.88588,41.18589],[28.8864,41.18558],[28.8868,41.18567],[28.88721,41.18551],[28.88734,41.18527],[28.88727,41.185],[28.88793,41.18414],[28.88841,41.18426],[28.88858,41.18479],[28.88909,41.18496],[28.89008,41.18439],[28.89021,41.18401],[28.89046,41.18384],[28.89103,41.18376],[28.89111,41.18411],[28.89155,41.18431],[28.89269,41.18396],[28.89282,41.18347],[28.89223,41.18319],[28.89224,41.18301],[28.89296,41.18323],[28.8934,41.18313],[28.89362,41.18283],[28.89348,41.18245],[28.89427,41.18173],[28.89422,41.18128],[28.89453,41.18113],[28.89467,41.18085],[28.89434,41.18015],[28.89525,41.17977],[28.89532,41.17951],[28.89515,41.17913],[28.89572,41.17892],[28.89593,41.17866],[28.89572,41.17797],[28.8963,41.17761],[28.89587,41.1769],[28.89617,41.1767],[28.89622,41.17636],[28.89567,41.17573],[28.89604,41.17541],[28.89592,41.17499],[28.89674,41.1748],[28.89701,41.17443],[28.8968,41.17408],[28.89631,41.17398],[28.89596,41.17414],[28.89583,41.17449],[28.89557,41.17462],[28.89555,41.17403],[28.89539,41.1738],[28.89439,41.17363],[28.89402,41.17405],[28.89455,41.17482],[28.89429,41.1754],[28.89258,41.17591],[28.89218,41.1758],[28.89174,41.17589],[28.89167,41.17553],[28.89208,41.17515],[28.8919,41.17477],[28.89251,41.1736],[28.89247,41.17329],[28.89218,41.17304],[28.89235,41.17296],[28.89267,41.17324],[28.89318,41.17327],[28.8935,41.17302],[28.89351,41.17268],[28.89308,41.17241],[28.89251,41.17252],[28.89163,41.17165],[28.89063,41.17141],[28.88956,41.1716],[28.88938,41.17148],[28.88935,41.17123],[28.89008,41.17041],[28.88891,41.16979],[28.88809,41.17041],[28.88754,41.17056],[28.88743,41.17101],[28.8869,41.17149],[28.88642,41.17109],[28.88583,41.17119],[28.88569,41.17168],[28.88624,41.17209],[28.88571,41.17256],[28.88487,41.17239],[28.88388,41.17323],[28.88265,41.17356],[28.88245,41.17378],[28.88246,41.17407],[28.88151,41.17492],[28.8808,41.17527],[28.88064,41.17596],[28.88035,41.17624],[28.87978,41.17643],[28.87969,41.17612],[28.8804,41.17573],[28.88031,41.17533],[28.88065,41.17506],[28.88111,41.17497],[28.88132,41.17471],[28.88112,41.17427],[28.88052,41.1742]]],[[[28.94099,41.11686],[28.94042,41.11718],[28.9406,41.11766],[28.94128,41.1177],[28.9449,41.1194],[28.94585,41.1197],[28.94597,41.1199],[28.94573,41.1203],[28.94613,41.1208],[28.94574,41.12255],[28.94536,41.12288],[28.94556,41.12332],[28.94486,41.12654],[28.9445,41.12686],[28.94472,41.12731],[28.94465,41.12772],[28.94431,41.128],[28.94434,41.12835],[28.94481,41.12859],[28.94542,41.12831],[28.94583,41.12854],[28.94756,41.12854],[28.94803,41.12878],[28.94846,41.12869],[28.94869,41.12834],[28.94843,41.12797],[28.94804,41.12789],[28.9476,41.12809],[28.94654,41.12809],[28.94638,41.12778],[28.94547,41.12729],[28.94568,41.127],[28.94545,41.1266],[28.94615,41.12339],[28.94653,41.12302],[28.9464,41.12268],[28.9466,41.12225],[28.94715,41.12213],[28.94776,41.12146],[28.9476,41.12099],[28.94765,41.12058],[28.9471,41.12016],[28.94706,41.11928],[28.94731,41.119],[28.94726,41.1187],[28.94696,41.11849],[28.94651,41.11849],[28.94616,41.11877],[28.94626,41.11918],[28.94575,41.1192],[28.94179,41.11745],[28.94141,41.117],[28.94099,41.11686]]],[[[28.90778,41.15174],[28.90746,41.15213],[28.90776,41.15282],[28.90702,41.15371],[28.90652,41.15474],[28.90588,41.15521],[28.90577,41.1555],[28.90594,41.15578],[28.90624,41.15591],[28.90669,41.15584],[28.90711,41.15549],[28.90801,41.15564],[28.90889,41.15605],[28.91065,41.15626],[28.91037,41.15717],[28.91004,41.1574],[28.90922,41.15754],[28.90879,41.15823],[28.90802,41.15885],[28.90804,41.15915],[28.90838,41.15947],[28.90843,41.16048],[28.90878,41.16087],[28.90823,41.16099],[28.90731,41.16076],[28.90761,41.16056],[28.90767,41.16026],[28.90747,41.16],[28.90709,41.15989],[28.90656,41.16013],[28.90649,41.16038],[28.90665,41.16065],[28.90624,41.16106],[28.90574,41.16089],[28.90569,41.1606],[28.90546,41.16041],[28.90555,41.15996],[28.90519,41.1597],[28.90556,41.15974],[28.90619,41.15952],[28.90638,41.1593],[28.90637,41.159],[28.9061,41.15877],[28.90571,41.15873],[28.90532,41.15891],[28.90523,41.15925],[28.90481,41.15919],[28.9044,41.15849],[28.9046,41.15828],[28.90459,41.15798],[28.90398,41.15769],[28.90362,41.15782],[28.90344,41.15809],[28.90385,41.15876],[28.90374,41.15885],[28.90342,41.15866],[28.90302,41.15868],[28.90264,41.15909],[28.903,41.15951],[28.90365,41.15941],[28.90385,41.15975],[28.90377,41.16034],[28.90341,41.16059],[28.90246,41.16044],[28.90197,41.16071],[28.90089,41.16082],[28.9002,41.16068],[28.89984,41.161],[28.89999,41.16141],[28.90053,41.16154],[28.90097,41.16127],[28.90204,41.16116],[28.90246,41.1616],[28.90293,41.16168],[28.90226,41.16265],[28.90236,41.16305],[28.90279,41.16326],[28.90338,41.16303],[28.90344,41.16262],[28.90316,41.16232],[28.90321,41.16219],[28.90348,41.16187],[28.9039,41.16171],[28.904,41.16127],[28.90436,41.1611],[28.90608,41.1615],[28.90632,41.16217],[28.90585,41.1623],[28.90567,41.16262],[28.90581,41.1629],[28.90609,41.16305],[28.90669,41.16294],[28.90686,41.16258],[28.90758,41.16205],[28.90802,41.1619],[28.90841,41.16197],[28.90876,41.16226],[28.90894,41.16266],[28.90843,41.16311],[28.9084,41.1635],[28.90747,41.16485],[28.90715,41.16504],[28.90629,41.16458],[28.90624,41.16432],[28.90672,41.16417],[28.90694,41.16387],[28.90681,41.16354],[28.90641,41.16337],[28.90589,41.16353],[28.90579,41.16402],[28.90515,41.16425],[28.90497,41.16457],[28.90528,41.16497],[28.90591,41.16494],[28.90678,41.1654],[28.90682,41.16574],[28.90721,41.16597],[28.9074,41.1664],[28.90781,41.16665],[28.90802,41.16699],[28.9084,41.16709],[28.90882,41.16697],[28.90958,41.16622],[28.90964,41.1658],[28.91154,41.16594],[28.91259,41.16669],[28.91322,41.16655],[28.91335,41.16617],[28.91375,41.16584],[28.9136,41.16543],[28.91318,41.16529],[28.91246,41.16542],[28.91215,41.16506],[28.91131,41.16492],[28.91153,41.16456],[28.91133,41.16422],[28.91152,41.16389],[28.91199,41.16363],[28.91371,41.16364],[28.91404,41.16346],[28.91413,41.16314],[28.91553,41.16383],[28.91593,41.16387],[28.91623,41.16375],[28.91641,41.16348],[28.91635,41.16322],[28.91605,41.16302],[28.91694,41.16294],[28.91669,41.16321],[28.91675,41.16351],[28.91704,41.16372],[28.91744,41.16374],[28.91782,41.16348],[28.91783,41.16314],[28.91828,41.16301],[28.91846,41.16265],[28.9181,41.16227],[28.91708,41.16225],[28.91727,41.16204],[28.91831,41.16177],[28.91892,41.1619],[28.91929,41.16166],[28.91965,41.16211],[28.92038,41.1624],[28.92074,41.16227],[28.92093,41.16196],[28.9214,41.16204],[28.92181,41.16182],[28.92182,41.16139],[28.92115,41.16114],[28.92117,41.16068],[28.92073,41.16027],[28.92129,41.15999],[28.9211,41.15923],[28.92126,41.15889],[28.92094,41.15853],[28.92099,41.15813],[28.92057,41.15774],[28.9211,41.1577],[28.92137,41.15733],[28.92124,41.15704],[28.92083,41.15686],[28.92059,41.15653],[28.92059,41.15584],[28.92022,41.15558],[28.92004,41.15521],[28.91966,41.15505],[28.91942,41.15462],[28.91952,41.15437],[28.91943,41.15412],[28.91899,41.15392],[28.91872,41.15346],[28.91893,41.15317],[28.91884,41.15287],[28.91846,41.15268],[28.91794,41.15276],[28.91785,41.15259],[28.91803,41.15196],[28.9179,41.15167],[28.91733,41.15151],[28.91677,41.15184],[28.9159,41.15154],[28.91639,41.15152],[28.91718,41.15112],[28.91732,41.15083],[28.91715,41.15051],[28.91626,41.15043],[28.91568,41.15068],[28.9155,41.15099],[28.91466,41.15095],[28.91434,41.15136],[28.91384,41.15155],[28.91363,41.15182],[28.91296,41.15203],[28.91256,41.15165],[28.9125,41.15125],[28.91209,41.15105],[28.91211,41.15071],[28.91191,41.15045],[28.91148,41.15034],[28.91104,41.15054],[28.91048,41.15053],[28.91016,41.15088],[28.91037,41.15128],[28.91081,41.15138],[28.91125,41.15119],[28.91151,41.15124],[28.91131,41.15151],[28.91133,41.15177],[28.91076,41.15161],[28.91031,41.15192],[28.91041,41.15234],[28.91088,41.1525],[28.91082,41.15276],[28.90864,41.15205],[28.90829,41.15173],[28.90778,41.15174]]],[[[29.01948,40.98097],[29.01968,40.98162],[29.02015,40.98188],[29.01996,40.98216],[29.02015,40.98254],[29.01997,40.983],[29.02052,40.98332],[29.02005,40.98359],[29.02011,40.98453],[29.01894,40.98649],[29.01899,40.98679],[29.01926,40.98699],[29.0191,40.98724],[29.01863,40.98747],[29.01858,40.98781],[29.01824,40.98813],[29.01832,40.98847],[29.01792,40.98863],[29.01744,40.98926],[29.01691,40.99013],[29.0169,40.99039],[29.01719,40.99066],[29.01789,40.99082],[29.01767,40.99108],[29.01765,40.99172],[29.01796,40.99208],[29.01841,40.99211],[29.01873,40.99194],[29.01885,40.99115],[29.01972,40.99131],[29.01998,40.99168],[29.02032,40.99184],[29.02077,40.99177],[29.02102,40.9915],[29.02098,40.99195],[29.02126,40.99222],[29.02171,40.99226],[29.02221,40.99201],[29.02248,40.99225],[29.023,40.99237],[29.02245,40.99243],[29.02204,40.99281],[29.02195,40.99315],[29.02215,40.99341],[29.02314,40.99346],[29.02357,40.99307],[29.02376,40.99329],[29.02331,40.99363],[29.02336,40.99402],[29.02372,40.99425],[29.02368,40.9945],[29.02313,40.99482],[29.02329,40.99528],[29.0228,40.99534],[29.02253,40.99566],[29.02284,40.99611],[29.02348,40.99607],[29.02337,40.99653],[29.02314,40.99665],[29.02246,40.99652],[29.02209,40.99689],[29.02234,40.99731],[29.02285,40.99737],[29.02309,40.99764],[29.02372,40.99777],[29.02324,40.99981],[29.02286,41.00024],[29.02227,41.00003],[29.0221,40.99976],[29.02165,40.99955],[29.02096,40.99968],[29.02063,41.00031],[29.02076,41.0006],[29.02109,41.00075],[29.0209,41.001],[29.02093,41.00126],[29.0213,41.00152],[29.02183,41.00145],[29.02213,41.00176],[29.02201,41.00201],[29.02168,41.00211],[29.02147,41.00237],[29.02152,41.00267],[29.02177,41.00286],[29.02168,41.00303],[29.02118,41.00268],[29.02022,41.00246],[29.01984,41.00256],[29.01963,41.00282],[29.01969,41.00312],[29.02014,41.00336],[29.02016,41.00365],[29.02042,41.00387],[29.02103,41.00386],[29.0213,41.0034],[29.0217,41.0037],[29.0215,41.00412],[29.02106,41.00439],[29.02115,41.00485],[29.02056,41.0054],[29.02061,41.00583],[29.02105,41.00603],[29.02223,41.00595],[29.02288,41.00635],[29.02467,41.00619],[29.02418,41.00678],[29.02422,41.00713],[29.02349,41.00762],[29.02364,41.00803],[29.02418,41.00816],[29.02456,41.00797],[29.0246,41.00751],[29.02517,41.00724],[29.02534,41.00692],[29.02589,41.0069],[29.02667,41.00643],[29.02697,41.00605],[29.02692,41.0057],[29.02705,41.00553],[29.02761,41.00561],[29.0285,41.00531],[29.02911,41.00545],[29.02943,41.00527],[29.02953,41.00494],[29.03106,41.00466],[29.03115,41.00496],[29.03149,41.00514],[29.03111,41.00554],[29.03034,41.0058],[29.02977,41.00624],[29.02935,41.00583],[29.02884,41.00581],[29.0285,41.00609],[29.02853,41.00644],[29.02915,41.00668],[29.02913,41.00704],[29.02945,41.00729],[29.03001,41.00725],[29.03028,41.00691],[29.03047,41.00703],[29.03069,41.00763],[29.03041,41.00788],[29.03038,41.00826],[29.03063,41.00859],[29.03102,41.00867],[29.0315,41.00853],[29.03168,41.00822],[29.03154,41.00789],[29.03236,41.00817],[29.03238,41.00846],[29.0326,41.00866],[29.03299,41.00874],[29.03336,41.00861],[29.03353,41.00895],[29.03394,41.00908],[29.03494,41.00885],[29.03588,41.00833],[29.03581,41.00861],[29.03597,41.0089],[29.0366,41.00905],[29.0374,41.0088],[29.03762,41.00844],[29.03816,41.00811],[29.0388,41.00828],[29.03925,41.00785],[29.03949,41.00784],[29.03961,41.00797],[29.03942,41.00834],[29.03959,41.00862],[29.04011,41.00875],[29.04044,41.00903],[29.04095,41.00902],[29.04148,41.00831],[29.04067,41.00738],[29.04072,41.0071],[29.04057,41.00688],[29.04082,41.00666],[29.04091,41.00699],[29.04122,41.00718],[29.0413,41.00754],[29.04178,41.00774],[29.04204,41.0081],[29.04175,41.00865],[29.04187,41.00896],[29.04155,41.00946],[29.04095,41.00969],[29.0405,41.01028],[29.04057,41.01067],[29.041,41.01087],[29.04208,41.01063],[29.04234,41.01018],[29.04421,41.01007],[29.04453,41.00978],[29.04449,41.0094],[29.04481,41.00929],[29.04518,41.0097],[29.04578,41.00964],[29.046,41.00934],[29.04587,41.00901],[29.04501,41.00884],[29.04626,41.00796],[29.04639,41.00824],[29.04673,41.0084],[29.0468,41.00885],[29.04654,41.00926],[29.04689,41.00975],[29.04634,41.01023],[29.04642,41.01069],[29.04682,41.01086],[29.04726,41.01076],[29.04775,41.0102],[29.04747,41.00959],[29.04794,41.0097],[29.04835,41.00953],[29.04839,41.01009],[29.04924,41.01073],[29.04908,41.01102],[29.04843,41.01115],[29.04832,41.01159],[29.04752,41.01119],[29.04715,41.01129],[29.04694,41.01155],[29.04729,41.01239],[29.04693,41.01257],[29.04684,41.01291],[29.04783,41.01373],[29.04808,41.01469],[29.04787,41.01499],[29.04798,41.0153],[29.04756,41.01504],[29.0471,41.01507],[29.04683,41.01529],[29.04686,41.01569],[29.04669,41.01589],[29.04619,41.01602],[29.04582,41.01577],[29.04511,41.01458],[29.04459,41.01442],[29.04413,41.01465],[29.04376,41.0144],[29.04328,41.01444],[29.04285,41.01412],[29.04285,41.01379],[29.04254,41.01354],[29.04189,41.01364],[29.04171,41.01391],[29.04184,41.01424],[29.04153,41.01438],[29.04139,41.01466],[29.04068,41.01482],[29.04011,41.01402],[29.04008,41.01365],[29.03984,41.01347],[29.03928,41.01346],[29.03901,41.01368],[29.03897,41.01396],[29.03789,41.01419],[29.03773,41.01404],[29.0381,41.01363],[29.03789,41.01328],[29.03626,41.01305],[29.03577,41.01333],[29.0357,41.01403],[29.03604,41.01441],[29.036,41.01469],[29.03636,41.01543],[29.03637,41.01583],[29.0373,41.01656],[29.03644,41.0165],[29.0359,41.01621],[29.03493,41.01635],[29.03448,41.01659],[29.03407,41.01629],[29.03503,41.01582],[29.03562,41.01579],[29.03589,41.01546],[29.03568,41.01507],[29.03513,41.01498],[29.03481,41.01516],[29.0347,41.01544],[29.03356,41.01595],[29.03368,41.01564],[29.03347,41.01534],[29.03428,41.01477],[29.03441,41.01445],[29.03503,41.01409],[29.03506,41.01383],[29.03486,41.01357],[29.03416,41.01354],[29.03379,41.01403],[29.03328,41.01427],[29.03267,41.01356],[29.03201,41.01351],[29.03169,41.01395],[29.0321,41.01435],[29.03141,41.01445],[29.03115,41.01488],[29.0296,41.01563],[29.02859,41.01475],[29.02919,41.01425],[29.0295,41.01363],[29.02933,41.01327],[29.0288,41.01314],[29.02812,41.01362],[29.02769,41.01428],[29.02726,41.01451],[29.02719,41.01481],[29.02738,41.01506],[29.02702,41.01525],[29.02692,41.01553],[29.02639,41.01554],[29.02607,41.01577],[29.02511,41.01573],[29.02476,41.01611],[29.02489,41.0165],[29.02415,41.01661],[29.0238,41.01682],[29.0237,41.01711],[29.02383,41.01735],[29.02465,41.01761],[29.02431,41.01785],[29.02388,41.01782],[29.02356,41.018],[29.02348,41.01838],[29.02377,41.01868],[29.02299,41.01933],[29.02255,41.01909],[29.02288,41.01885],[29.02289,41.0185],[29.02214,41.01797],[29.02215,41.01755],[29.02192,41.01731],[29.02125,41.0173],[29.02085,41.0176],[29.0208,41.01792],[29.02024,41.01809],[29.02001,41.01727],[29.01975,41.01701],[29.01977,41.01671],[29.01938,41.01614],[29.01813,41.01599],[29.01783,41.01619],[29.01763,41.01672],[29.01699,41.01682],[29.01664,41.01642],[29.01684,41.016],[29.01679,41.0157],[29.01615,41.01547],[29.01581,41.01562],[29.01567,41.01586],[29.01605,41.01647],[29.0148,41.01777],[29.01474,41.01737],[29.01425,41.01717],[29.01375,41.01736],[29.0137,41.01781],[29.01333,41.01783],[29.01284,41.01754],[29.01233,41.0177],[29.0122,41.01758],[29.01256,41.01751],[29.0129,41.01721],[29.01272,41.01673],[29.01222,41.01663],[29.01179,41.01684],[29.01124,41.01654],[29.01082,41.01667],[29.01064,41.01698],[29.0109,41.01736],[29.01087,41.01766],[29.01054,41.0174],[29.01004,41.01742],[29.00952,41.01817],[29.00907,41.01821],[29.0089,41.01846],[29.00832,41.01859],[29.00814,41.0189],[29.00831,41.01922],[29.0077,41.01938],[29.00757,41.01976],[29.00687,41.02061],[29.00649,41.02074],[29.00605,41.02121],[29.00595,41.02146],[29.00611,41.02178],[29.00609,41.02231],[29.00687,41.02377],[29.00715,41.02403],[29.00728,41.02458],[29.00782,41.02479],[29.00816,41.0253],[29.00936,41.02608],[29.01081,41.02655],[29.01174,41.02643],[29.01208,41.02617],[29.01409,41.02653],[29.01442,41.02709],[29.01411,41.02744],[29.01429,41.02785],[29.01471,41.02805],[29.01495,41.02851],[29.01563,41.02855],[29.01591,41.02911],[29.01689,41.02971],[29.01691,41.02999],[29.01722,41.03029],[29.0187,41.03036],[29.01955,41.03087],[29.01973,41.0313],[29.01968,41.03164],[29.01991,41.03189],[29.02088,41.032],[29.02128,41.03189],[29.02184,41.03249],[29.02316,41.03308],[29.02325,41.03334],[29.02368,41.03363],[29.02412,41.0337],[29.02452,41.03349],[29.02498,41.03366],[29.02725,41.03538],[29.02722,41.03569],[29.02738,41.03592],[29.02787,41.03605],[29.02823,41.0364],[29.02879,41.03642],[29.0291,41.03681],[29.02902,41.03708],[29.02919,41.03736],[29.02961,41.03749],[29.03005,41.03734],[29.0305,41.03765],[29.03089,41.0376],[29.03117,41.03738],[29.03105,41.03689],[29.03116,41.03658],[29.03188,41.03704],[29.03252,41.0369],[29.03266,41.03662],[29.03253,41.03634],[29.03282,41.03597],[29.03356,41.03556],[29.03354,41.03526],[29.03324,41.0349],[29.03349,41.03461],[29.0334,41.03427],[29.03352,41.03408],[29.0346,41.0334],[29.03454,41.03267],[29.03502,41.03239],[29.03563,41.03229],[29.03578,41.03181],[29.03691,41.03111],[29.03721,41.03053],[29.03793,41.03052],[29.03814,41.03026],[29.03809,41.02997],[29.03894,41.0298],[29.03937,41.02938],[29.03947,41.02906],[29.04009,41.0289],[29.04138,41.02915],[29.04166,41.02955],[29.04207,41.02975],[29.04288,41.02961],[29.04329,41.02984],[29.04383,41.02972],[29.04425,41.02981],[29.04461,41.02968],[29.04489,41.0293],[29.04494,41.02836],[29.04559,41.02822],[29.04637,41.02863],[29.04698,41.02918],[29.04621,41.02909],[29.04593,41.02932],[29.0459,41.02958],[29.04655,41.03005],[29.0466,41.03038],[29.04704,41.03084],[29.04697,41.03109],[29.04715,41.03155],[29.04653,41.03161],[29.04633,41.03208],[29.04678,41.0324],[29.04774,41.03235],[29.04836,41.03327],[29.04832,41.03334],[29.04803,41.03304],[29.04752,41.03302],[29.04722,41.03322],[29.04717,41.03357],[29.04677,41.03406],[29.04633,41.03375],[29.04588,41.03371],[29.04547,41.03405],[29.04564,41.03446],[29.04505,41.03438],[29.04468,41.03451],[29.04451,41.03478],[29.04467,41.03514],[29.04438,41.03625],[29.04393,41.03595],[29.04408,41.03559],[29.04398,41.0353],[29.04366,41.03511],[29.04281,41.03504],[29.04237,41.0341],[29.04251,41.0334],[29.04326,41.0325],[29.04316,41.032],[29.04267,41.03151],[29.04218,41.03141],[29.04151,41.03188],[29.04129,41.03226],[29.04073,41.03217],[29.04034,41.03245],[29.0404,41.03169],[29.04016,41.03137],[29.04058,41.03058],[29.04028,41.03027],[29.03972,41.03026],[29.0394,41.03061],[29.03963,41.03102],[29.03958,41.03131],[29.03921,41.03174],[29.03843,41.03177],[29.03818,41.03149],[29.0378,41.03141],[29.03743,41.03154],[29.03726,41.03181],[29.03746,41.0322],[29.03821,41.03221],[29.03831,41.03244],[29.03828,41.03312],[29.03764,41.03336],[29.0375,41.03357],[29.03774,41.03446],[29.03752,41.03491],[29.03777,41.03524],[29.03759,41.03651],[29.03792,41.0368],[29.03842,41.03679],[29.03864,41.03708],[29.03768,41.03778],[29.0378,41.03864],[29.0381,41.0389],[29.03767,41.03908],[29.03718,41.03888],[29.03635,41.03904],[29.03476,41.03897],[29.03442,41.03912],[29.03428,41.03936],[29.03441,41.03969],[29.03495,41.04005],[29.03604,41.04022],[29.03652,41.04009],[29.03673,41.03969],[29.03779,41.03979],[29.03827,41.03967],[29.03858,41.04022],[29.03897,41.04029],[29.03933,41.04017],[29.03981,41.04059],[29.04052,41.04075],[29.04066,41.04126],[29.04097,41.04147],[29.0407,41.04247],[29.04023,41.04227],[29.03987,41.04189],[29.039,41.04188],[29.03858,41.04222],[29.03875,41.04291],[29.03907,41.04309],[29.03949,41.04307],[29.03977,41.0435],[29.04027,41.04363],[29.0409,41.04408],[29.04135,41.04401],[29.04213,41.04342],[29.04275,41.04408],[29.04363,41.0441],[29.0436,41.04448],[29.04403,41.04476],[29.04513,41.04447],[29.04544,41.04416],[29.04507,41.0432],[29.0447,41.04294],[29.04488,41.04254],[29.04481,41.04228],[29.04411,41.04201],[29.04451,41.04197],[29.04479,41.04172],[29.04549,41.04196],[29.04592,41.04169],[29.04596,41.04143],[29.04577,41.04117],[29.04586,41.04025],[29.04553,41.0398],[29.04508,41.03964],[29.04565,41.03891],[29.04609,41.03868],[29.04606,41.03822],[29.04638,41.03785],[29.04675,41.03775],[29.04744,41.03801],[29.04788,41.03847],[29.04785,41.03879],[29.0482,41.03947],[29.04856,41.03963],[29.04759,41.03976],[29.04733,41.04022],[29.04768,41.04055],[29.04827,41.04049],[29.04821,41.04092],[29.0487,41.0412],[29.0493,41.04094],[29.05035,41.04107],[29.05065,41.04077],[29.05041,41.04031],[29.0506,41.04013],[29.05118,41.04031],[29.05168,41.04012],[29.05178,41.03987],[29.05166,41.03928],[29.05084,41.03906],[29.0511,41.03833],[29.05189,41.03858],[29.05264,41.03839],[29.05281,41.03867],[29.05317,41.03881],[29.05376,41.03858],[29.05385,41.038],[29.05323,41.03765],[29.05325,41.03749],[29.05372,41.03726],[29.05397,41.03657],[29.05376,41.03627],[29.05336,41.03616],[29.05373,41.03579],[29.0543,41.03567],[29.05447,41.03531],[29.05422,41.03498],[29.05354,41.03498],[29.05341,41.03479],[29.05394,41.03475],[29.05423,41.03455],[29.05428,41.03421],[29.05401,41.03395],[29.05418,41.03374],[29.05506,41.03372],[29.0553,41.03348],[29.05529,41.0332],[29.05591,41.03297],[29.05596,41.03263],[29.05555,41.03232],[29.05546,41.03195],[29.05585,41.03175],[29.05622,41.03199],[29.05662,41.032],[29.05704,41.03162],[29.05698,41.03136],[29.05669,41.03116],[29.05597,41.03131],[29.05526,41.03105],[29.05537,41.0307],[29.05505,41.0302],[29.05528,41.02996],[29.05525,41.02963],[29.05561,41.0293],[29.05621,41.02938],[29.05643,41.0298],[29.05691,41.02993],[29.05731,41.02977],[29.05744,41.02942],[29.05775,41.02924],[29.05775,41.02957],[29.05802,41.02979],[29.05853,41.02982],[29.05888,41.02951],[29.05918,41.02998],[29.05972,41.0301],[29.0601,41.02992],[29.06019,41.02958],[29.06048,41.02932],[29.06046,41.02901],[29.06021,41.02879],[29.06033,41.02869],[29.06161,41.02863],[29.0614,41.02889],[29.06145,41.02919],[29.06193,41.02943],[29.06283,41.03025],[29.063,41.03063],[29.06347,41.03077],[29.06389,41.0306],[29.06456,41.03138],[29.06566,41.03152],[29.06606,41.03122],[29.06598,41.03083],[29.06614,41.0303],[29.06629,41.0304],[29.06627,41.03078],[29.06648,41.03098],[29.06693,41.03105],[29.06731,41.03086],[29.0674,41.03052],[29.06713,41.03022],[29.06719,41.02993],[29.06703,41.0297],[29.06748,41.02958],[29.06766,41.02926],[29.06729,41.02884],[29.06672,41.02889],[29.0657,41.02869],[29.06577,41.02839],[29.06564,41.02815],[29.06503,41.028],[29.06505,41.02749],[29.06545,41.02737],[29.06561,41.02795],[29.06582,41.02815],[29.06633,41.02821],[29.06668,41.028],[29.06671,41.02761],[29.06645,41.02739],[29.06607,41.02734],[29.06591,41.02662],[29.06685,41.02722],[29.06734,41.02731],[29.0675,41.02793],[29.06779,41.02829],[29.06827,41.02857],[29.06875,41.02856],[29.06962,41.02916],[29.07014,41.029],[29.07026,41.02859],[29.06992,41.0283],[29.06926,41.02828],[29.07016,41.02792],[29.07045,41.02743],[29.07044,41.02708],[29.07096,41.02715],[29.07133,41.02692],[29.07139,41.02719],[29.07168,41.0274],[29.07281,41.02737],[29.0726,41.02759],[29.0726,41.02785],[29.07316,41.02818],[29.07373,41.02786],[29.07354,41.02729],[29.0743,41.02709],[29.07452,41.02734],[29.07449,41.02758],[29.07427,41.02801],[29.0738,41.0284],[29.07382,41.02879],[29.07408,41.0292],[29.07448,41.02944],[29.07542,41.02942],[29.07537,41.02976],[29.07571,41.03005],[29.07567,41.03039],[29.07606,41.03069],[29.0761,41.03101],[29.07685,41.03135],[29.07666,41.0316],[29.07671,41.0319],[29.07752,41.03231],[29.07778,41.03267],[29.07839,41.0327],[29.0788,41.03236],[29.0789,41.03193],[29.07928,41.03204],[29.07911,41.03266],[29.0787,41.03279],[29.07852,41.03311],[29.07905,41.03382],[29.07937,41.034],[29.08031,41.03408],[29.08113,41.03378],[29.08145,41.03343],[29.08124,41.03302],[29.0823,41.03314],[29.08263,41.0329],[29.08261,41.03252],[29.08372,41.03242],[29.08408,41.03209],[29.08478,41.03223],[29.08543,41.03215],[29.08533,41.03287],[29.0855,41.03315],[29.08713,41.03352],[29.08771,41.0332],[29.08753,41.03243],[29.08804,41.03254],[29.08902,41.03216],[29.0893,41.03224],[29.08951,41.03249],[29.08921,41.03272],[29.08918,41.03303],[29.08975,41.03335],[29.0903,41.03308],[29.09032,41.03277],[29.0901,41.03253],[29.09032,41.03236],[29.0911,41.03266],[29.09216,41.03237],[29.09256,41.03254],[29.09302,41.03243],[29.09302,41.0327],[29.09269,41.03306],[29.09287,41.03343],[29.0927,41.03435],[29.09226,41.03513],[29.09257,41.03549],[29.09336,41.03559],[29.09383,41.03536],[29.09385,41.03495],[29.09442,41.03501],[29.0948,41.03456],[29.09513,41.03461],[29.09534,41.03447],[29.09576,41.0346],[29.09628,41.03437],[29.09703,41.03447],[29.09729,41.03487],[29.09769,41.03504],[29.09901,41.03471],[29.09928,41.03433],[29.09915,41.034],[29.09807,41.03372],[29.09773,41.03327],[29.09728,41.03314],[29.09722,41.03285],[29.09692,41.03262],[29.09693,41.03175],[29.09732,41.0314],[29.09788,41.03121],[29.09841,41.03125],[29.0988,41.03146],[29.09941,41.0314],[29.09945,41.03189],[29.1,41.0321],[29.10041,41.03194],[29.10055,41.03164],[29.10097,41.03191],[29.10147,41.03182],[29.10168,41.03139],[29.1013,41.03105],[29.10156,41.03111],[29.10268,41.03197],[29.10203,41.03258],[29.10157,41.03258],[29.10123,41.03295],[29.10153,41.03348],[29.10224,41.03409],[29.10291,41.0341],[29.10375,41.03387],[29.10407,41.03344],[29.10447,41.03356],[29.10485,41.03346],[29.10506,41.0332],[29.10503,41.03294],[29.10536,41.03258],[29.10509,41.03205],[29.10572,41.03143],[29.10546,41.03096],[29.1066,41.03112],[29.10693,41.03094],[29.10703,41.03065],[29.1073,41.03118],[29.10803,41.03132],[29.10844,41.03109],[29.1087,41.03042],[29.10863,41.03018],[29.10832,41.03003],[29.1076,41.03028],[29.1072,41.02948],[29.1064,41.0294],[29.10543,41.02872],[29.10647,41.02871],[29.10655,41.02907],[29.10698,41.02927],[29.10746,41.02914],[29.10764,41.02877],[29.1084,41.02892],[29.10888,41.02921],[29.10985,41.02918],[29.10988,41.02934],[29.10962,41.02957],[29.10909,41.02969],[29.10891,41.03001],[29.10912,41.03036],[29.10979,41.03052],[29.11023,41.03033],[29.11025,41.02985],[29.1105,41.02965],[29.11148,41.02979],[29.11214,41.02919],[29.11268,41.02928],[29.11306,41.02902],[29.1131,41.02876],[29.11289,41.0285],[29.1124,41.0284],[29.11199,41.02863],[29.11186,41.02851],[29.11201,41.02838],[29.1143,41.02807],[29.11469,41.02779],[29.11559,41.02767],[29.11586,41.02789],[29.11558,41.02816],[29.11559,41.0285],[29.11607,41.02883],[29.11614,41.0291],[29.11594,41.02935],[29.11597,41.02961],[29.11635,41.02987],[29.11685,41.02982],[29.11712,41.0294],[29.11672,41.02902],[29.11666,41.02875],[29.11693,41.02847],[29.11746,41.02837],[29.11833,41.02862],[29.11899,41.02857],[29.1194,41.02823],[29.11996,41.02813],[29.1206,41.02772],[29.12067,41.02735],[29.12035,41.02703],[29.12006,41.02577],[29.12026,41.02534],[29.1199,41.025],[29.11974,41.02403],[29.12031,41.02419],[29.12074,41.02392],[29.12075,41.02357],[29.12043,41.02324],[29.12049,41.02236],[29.12071,41.02197],[29.12031,41.02151],[29.12132,41.02113],[29.12151,41.0212],[29.1215,41.02184],[29.12176,41.02214],[29.12124,41.02235],[29.12111,41.02273],[29.12197,41.02338],[29.12121,41.0234],[29.12095,41.02386],[29.12136,41.02421],[29.12216,41.02419],[29.12225,41.02462],[29.12083,41.02489],[29.12069,41.02522],[29.12092,41.02554],[29.12077,41.02593],[29.12129,41.0263],[29.12254,41.02606],[29.12261,41.02637],[29.12233,41.02657],[29.12227,41.02686],[29.12249,41.02714],[29.12254,41.02755],[29.12285,41.02776],[29.12286,41.02816],[29.12327,41.02839],[29.12388,41.0282],[29.12397,41.02787],[29.12373,41.02758],[29.12395,41.02717],[29.12439,41.02711],[29.12464,41.02682],[29.12459,41.02652],[29.1243,41.02632],[29.12423,41.02582],[29.12447,41.02546],[29.12428,41.02512],[29.12488,41.02493],[29.12556,41.02442],[29.12544,41.02589],[29.12561,41.02663],[29.1259,41.0269],[29.12646,41.0269],[29.12678,41.02646],[29.12766,41.02626],[29.12788,41.02635],[29.12768,41.0266],[29.12771,41.02686],[29.12815,41.02724],[29.12902,41.02747],[29.12946,41.02727],[29.13004,41.02733],[29.13035,41.02712],[29.13084,41.02782],[29.13142,41.02805],[29.1322,41.02801],[29.13234,41.02846],[29.13288,41.02859],[29.13322,41.02843],[29.13336,41.0281],[29.13319,41.02783],[29.13283,41.02769],[29.13272,41.02708],[29.13313,41.02712],[29.13347,41.02696],[29.13405,41.02594],[29.13594,41.02764],[29.13716,41.02845],[29.13804,41.02946],[29.13833,41.02953],[29.13864,41.02932],[29.1385,41.02896],[29.13766,41.02813],[29.13543,41.02648],[29.13513,41.02616],[29.13526,41.02597],[29.13737,41.02632],[29.13775,41.02613],[29.13783,41.02575],[29.13859,41.02552],[29.13885,41.02521],[29.13932,41.02515],[29.14041,41.02451],[29.14177,41.02443],[29.14237,41.02504],[29.14278,41.02518],[29.14321,41.02505],[29.14338,41.02473],[29.14382,41.02445],[29.14418,41.02444],[29.14382,41.02497],[29.14383,41.02528],[29.14338,41.02567],[29.14351,41.026],[29.14407,41.02626],[29.14369,41.0265],[29.14359,41.02675],[29.14372,41.02703],[29.14403,41.02719],[29.14353,41.02726],[29.14327,41.02755],[29.14333,41.02785],[29.1437,41.0282],[29.14322,41.02854],[29.14327,41.02897],[29.14365,41.02916],[29.14455,41.02917],[29.14526,41.02881],[29.1456,41.02902],[29.14738,41.02935],[29.14761,41.0296],[29.148,41.02968],[29.14785,41.02987],[29.14729,41.02995],[29.14707,41.0303],[29.14724,41.03062],[29.14771,41.03075],[29.14785,41.03181],[29.14835,41.03202],[29.14947,41.0318],[29.14977,41.03212],[29.15033,41.03213],[29.15018,41.03234],[29.14986,41.03238],[29.14888,41.03222],[29.14846,41.0326],[29.14871,41.03302],[29.14933,41.03305],[29.14911,41.0334],[29.1491,41.03389],[29.1498,41.03494],[29.15015,41.0351],[29.1506,41.03502],[29.15105,41.0343],[29.15086,41.03385],[29.15093,41.03348],[29.15059,41.03319],[29.15009,41.0332],[29.14978,41.03351],[29.14986,41.03385],[29.15045,41.03422],[29.15023,41.03462],[29.14969,41.0338],[29.1497,41.0335],[29.1499,41.03324],[29.15075,41.03308],[29.15147,41.03367],[29.15146,41.03404],[29.1518,41.03429],[29.15202,41.03507],[29.15235,41.03544],[29.15279,41.03572],[29.15443,41.03619],[29.1565,41.03575],[29.15683,41.03587],[29.15818,41.0355],[29.15842,41.03578],[29.15887,41.03585],[29.15931,41.03558],[29.15928,41.03519],[29.16019,41.03548],[29.16053,41.03533],[29.16067,41.03507],[29.16152,41.03508],[29.16214,41.0348],[29.16231,41.03439],[29.16195,41.03402],[29.16244,41.03371],[29.16226,41.03323],[29.16281,41.03338],[29.16372,41.03314],[29.164,41.03246],[29.16396,41.03219],[29.16454,41.03187],[29.16435,41.03133],[29.16503,41.03115],[29.1652,41.03092],[29.16517,41.03065],[29.16564,41.03034],[29.1658,41.02839],[29.16547,41.02794],[29.16602,41.02785],[29.16606,41.02818],[29.16642,41.0284],[29.16683,41.02911],[29.16664,41.02944],[29.16681,41.02976],[29.16728,41.02989],[29.16786,41.02966],[29.16789,41.0292],[29.16739,41.02896],[29.167,41.0283],[29.16956,41.02743],[29.16956,41.02701],[29.16912,41.02677],[29.16899,41.02652],[29.17026,41.02617],[29.17054,41.02594],[29.17054,41.0256],[29.1701,41.025],[29.17044,41.02451],[29.1704,41.02416],[29.17068,41.02386],[29.17048,41.02322],[29.17116,41.02299],[29.17138,41.02265],[29.17109,41.02225],[29.17121,41.02193],[29.17105,41.02166],[29.17069,41.02153],[29.17018,41.02167],[29.16979,41.0216],[29.16929,41.02129],[29.16868,41.02141],[29.16894,41.02119],[29.16896,41.02089],[29.16868,41.02062],[29.1682,41.02059],[29.16821,41.02037],[29.16867,41.02045],[29.16905,41.02027],[29.16993,41.0206],[29.17024,41.02097],[29.17094,41.02097],[29.17142,41.02119],[29.17147,41.02153],[29.17181,41.02175],[29.17298,41.02161],[29.17351,41.0217],[29.17345,41.022],[29.17366,41.02229],[29.17339,41.02258],[29.17351,41.02295],[29.17391,41.02312],[29.17468,41.02307],[29.1745,41.02338],[29.17465,41.02376],[29.17505,41.02393],[29.17545,41.02385],[29.17584,41.02406],[29.17681,41.024],[29.17714,41.02382],[29.17724,41.02357],[29.17714,41.02321],[29.17818,41.02232],[29.17802,41.02185],[29.17866,41.02187],[29.17903,41.02152],[29.17947,41.02154],[29.17984,41.02137],[29.17926,41.02217],[29.17884,41.02229],[29.17823,41.02288],[29.17816,41.02318],[29.17832,41.02341],[29.17874,41.02355],[29.17961,41.02344],[29.18002,41.02308],[29.18133,41.02355],[29.18169,41.02342],[29.18187,41.02314],[29.18299,41.02296],[29.18325,41.02263],[29.18298,41.02214],[29.18325,41.02181],[29.18315,41.02092],[29.18361,41.0204],[29.18462,41.02075],[29.18558,41.02131],[29.18701,41.02158],[29.18639,41.02189],[29.18586,41.02189],[29.18522,41.02225],[29.18509,41.02262],[29.18539,41.02293],[29.18606,41.02288],[29.1878,41.02348],[29.18936,41.02281],[29.18962,41.02247],[29.18972,41.02284],[29.18998,41.02296],[29.19149,41.0225],[29.19178,41.02259],[29.19202,41.023],[29.19134,41.02312],[29.1912,41.02341],[29.1913,41.02366],[29.19167,41.02385],[29.19216,41.02377],[29.19243,41.02415],[29.19312,41.02422],[29.194,41.02379],[29.19453,41.02413],[29.19514,41.02386],[29.19511,41.02346],[29.19548,41.02292],[29.19536,41.02259],[29.19587,41.02223],[29.19576,41.02187],[29.19622,41.02054],[29.19672,41.02034],[29.19679,41.01994],[29.19709,41.01974],[29.19727,41.01932],[29.19728,41.01822],[29.19702,41.01742],[29.198,41.0158],[29.19815,41.01531],[29.19793,41.015],[29.19821,41.01471],[29.1993,41.01486],[29.19947,41.01517],[29.20005,41.01541],[29.20087,41.01537],[29.20085,41.01581],[29.20131,41.01605],[29.20192,41.01578],[29.20179,41.01517],[29.20277,41.01518],[29.20391,41.0156],[29.20394,41.01573],[29.20349,41.01612],[29.20375,41.01654],[29.20425,41.0166],[29.20491,41.0163],[29.20649,41.01706],[29.20693,41.01696],[29.20715,41.01666],[29.20705,41.01637],[29.20672,41.01618],[29.20666,41.01555],[29.20736,41.01587],[29.20793,41.0165],[29.20957,41.01703],[29.20911,41.01738],[29.20931,41.01782],[29.20996,41.01787],[29.21424,41.02006],[29.21455,41.01997],[29.21509,41.01913],[29.21365,41.01777],[29.21378,41.01745],[29.21355,41.01713],[29.21389,41.01703],[29.21402,41.01733],[29.21436,41.01749],[29.2149,41.01737],[29.21507,41.01701],[29.2147,41.01626],[29.21543,41.01648],[29.21622,41.01646],[29.21683,41.01809],[29.21706,41.01834],[29.21762,41.01838],[29.21797,41.0181],[29.21836,41.01832],[29.21881,41.01825],[29.21905,41.01801],[29.21903,41.01769],[29.21949,41.01734],[29.21924,41.01688],[29.21986,41.01695],[29.22023,41.01658],[29.21997,41.01616],[29.21895,41.01593],[29.21907,41.01562],[29.2195,41.01559],[29.21979,41.01532],[29.21975,41.01498],[29.21944,41.01477],[29.22003,41.01433],[29.22089,41.01522],[29.22134,41.01526],[29.22167,41.01508],[29.2217,41.01462],[29.22062,41.01356],[29.22225,41.01256],[29.22228,41.01226],[29.22179,41.01129],[29.22268,41.01085],[29.22328,41.01083],[29.22384,41.01032],[29.22384,41.01006],[29.22361,41.00982],[29.22289,41.00984],[29.22252,41.00962],[29.22351,41.00962],[29.22383,41.00917],[29.22428,41.00897],[29.22438,41.00868],[29.22406,41.00823],[29.22407,41.00778],[29.22581,41.00815],[29.22637,41.00796],[29.22647,41.00766],[29.22627,41.00737],[29.22639,41.00692],[29.22655,41.00655],[29.2269,41.00634],[29.22696,41.00604],[29.22661,41.00571],[29.22594,41.00568],[29.22618,41.00547],[29.22663,41.00565],[29.22707,41.00556],[29.22728,41.0053],[29.22722,41.00499],[29.22749,41.0048],[29.22756,41.00452],[29.22823,41.00453],[29.22875,41.00388],[29.22832,41.00295],[29.22801,41.00274],[29.22793,41.00208],[29.22818,41.0017],[29.23019,41.00144],[29.2306,41.00117],[29.23036,40.99995],[29.2301,40.99971],[29.23001,40.99932],[29.23052,40.99912],[29.23058,40.9987],[29.23003,40.99842],[29.22965,40.99852],[29.22945,40.99875],[29.22921,40.99869],[29.22908,40.99848],[29.22914,40.99803],[29.22945,40.99783],[29.22989,40.99786],[29.23077,40.99757],[29.23099,40.99722],[29.23074,40.99685],[29.23131,40.99664],[29.23155,40.99669],[29.23199,40.99722],[29.23264,40.99702],[29.23304,40.99714],[29.23341,40.99704],[29.23369,40.99722],[29.23298,40.99758],[29.23242,40.99758],[29.232,40.99787],[29.23205,40.9983],[29.23253,40.9985],[29.23278,40.99881],[29.23328,40.99887],[29.23364,40.99865],[29.23384,40.99892],[29.23427,40.99903],[29.2346,40.99945],[29.23498,40.99956],[29.23536,40.99946],[29.23604,40.99888],[29.23616,40.99851],[29.23581,40.99818],[29.23657,40.99765],[29.23711,40.99749],[29.23725,40.99725],[29.23716,40.99695],[29.23662,40.99675],[29.23655,40.99624],[29.23564,40.99542],[29.23497,40.99559],[29.23487,40.99584],[29.23497,40.9961],[29.23458,40.99606],[29.23422,40.99622],[29.23339,40.99512],[29.2328,40.99496],[29.23243,40.9944],[29.23377,40.99392],[29.23422,40.99424],[29.23484,40.99409],[29.23469,40.99448],[29.23504,40.99481],[29.23567,40.99473],[29.23617,40.99495],[29.23663,40.99479],[29.23677,40.99446],[29.2365,40.9939],[29.23549,40.99362],[29.23527,40.9933],[29.23458,40.99305],[29.23466,40.99279],[29.23534,40.99288],[29.23585,40.99273],[29.23631,40.99306],[29.23797,40.99344],[29.23862,40.99338],[29.23903,40.99373],[29.23966,40.99359],[29.2398,40.99331],[29.23963,40.99299],[29.23921,40.99285],[29.23882,40.99296],[29.23862,40.9928],[29.23904,40.99232],[29.23927,40.99259],[29.23965,40.99269],[29.24002,40.99259],[29.24023,40.99234],[29.24011,40.99196],[29.23907,40.99134],[29.23994,40.99075],[29.23978,40.99026],[29.23939,40.98994],[29.24,40.98956],[29.23999,40.98926],[29.23973,40.98903],[29.23995,40.98884],[29.24058,40.98871],[29.24136,40.98872],[29.24174,40.9883],[29.24176,40.98794],[29.24227,40.98789],[29.24254,40.98756],[29.24241,40.98723],[29.24164,40.98676],[29.24143,40.98641],[29.24035,40.98625],[29.24105,40.98611],[29.24156,40.98622],[29.24243,40.98599],[29.24264,40.98556],[29.24223,40.98513],[29.24316,40.98495],[29.24334,40.98464],[29.24318,40.98433],[29.24379,40.98415],[29.24447,40.98351],[29.24429,40.98303],[29.24286,40.98244],[29.24402,40.98183],[29.24406,40.98157],[29.24375,40.98125],[29.24371,40.98083],[29.24316,40.98062],[29.24268,40.98086],[29.24215,40.98043],[29.24176,40.98035],[29.24126,40.98061],[29.24113,40.98098],[29.24079,40.98107],[29.24066,40.98057],[29.23999,40.97991],[29.24081,40.97957],[29.2409,40.97911],[29.24058,40.97886],[29.24013,40.97886],[29.2398,40.9791],[29.23978,40.97941],[29.23944,40.9796],[29.2392,40.97929],[29.23922,40.97898],[29.24005,40.9787],[29.2402,40.97825],[29.23968,40.97793],[29.23963,40.9776],[29.23934,40.97739],[29.23883,40.97741],[29.23853,40.9777],[29.23846,40.97742],[29.23867,40.97703],[29.23842,40.9767],[29.23788,40.97665],[29.23754,40.97627],[29.23716,40.97616],[29.2367,40.97632],[29.23655,40.97675],[29.23604,40.97647],[29.23552,40.97663],[29.2353,40.97727],[29.23543,40.9776],[29.23623,40.97791],[29.23686,40.97761],[29.2369,40.97789],[29.23659,40.97838],[29.23604,40.97829],[29.23557,40.97793],[29.235,40.97809],[29.2349,40.97854],[29.23539,40.97882],[29.23554,40.97909],[29.23513,40.97953],[29.23486,40.97953],[29.23479,40.97916],[29.23437,40.97896],[29.23441,40.97846],[29.23393,40.97819],[29.23399,40.97769],[29.23352,40.97741],[29.2333,40.97697],[29.23436,40.97645],[29.23437,40.9761],[29.23399,40.97584],[29.23255,40.9759],[29.23211,40.97618],[29.2308,40.97633],[29.23024,40.97618],[29.22978,40.97651],[29.22934,40.97659],[29.22874,40.97647],[29.22814,40.97662],[29.22789,40.9769],[29.22731,40.97682],[29.22689,40.97719],[29.22535,40.97748],[29.22525,40.97794],[29.22568,40.97821],[29.22723,40.97772],[29.22785,40.97795],[29.22781,40.9781],[29.22699,40.97846],[29.22693,40.97869],[29.22784,40.97965],[29.22883,40.97937],[29.22891,40.98006],[29.22868,40.9803],[29.22868,40.98056],[29.22895,40.98082],[29.22898,40.9814],[29.23006,40.98285],[29.22958,40.98248],[29.22888,40.98232],[29.22887,40.98192],[29.22845,40.98169],[29.22863,40.98122],[29.2282,40.98082],[29.22731,40.9803],[29.22641,40.98036],[29.22594,40.98012],[29.22584,40.97984],[29.22604,40.97946],[29.22578,40.97913],[29.22523,40.97908],[29.22477,40.97943],[29.22434,40.97906],[29.22379,40.97905],[29.22261,40.97857],[29.22194,40.97875],[29.22184,40.97904],[29.22197,40.97928],[29.22247,40.97958],[29.22289,40.97963],[29.22332,40.98015],[29.22311,40.98052],[29.22249,40.98084],[29.22219,40.98043],[29.22183,40.9803],[29.22139,40.9804],[29.22118,40.98066],[29.22079,40.98058],[29.22043,40.98071],[29.22029,40.9812],[29.22093,40.98173],[29.22054,40.98206],[29.22048,40.98236],[29.22083,40.98269],[29.22136,40.98267],[29.2212,40.98313],[29.22168,40.98428],[29.22215,40.98455],[29.22266,40.98523],[29.22266,40.98564],[29.22319,40.98588],[29.22321,40.98619],[29.22346,40.98641],[29.22267,40.98654],[29.22227,40.98693],[29.22178,40.98699],[29.22152,40.98745],[29.22198,40.9878],[29.22275,40.98763],[29.22288,40.98789],[29.22319,40.98802],[29.22464,40.98775],[29.22494,40.98905],[29.22462,40.98947],[29.22462,40.98972],[29.2237,40.99085],[29.22334,40.99103],[29.22322,40.9914],[29.22235,40.99183],[29.22228,40.99219],[29.22242,40.99244],[29.22218,40.99272],[29.2223,40.99309],[29.22201,40.99372],[29.22238,40.99414],[29.222,40.99427],[29.22191,40.9945],[29.2213,40.99424],[29.22074,40.99444],[29.22064,40.99468],[29.22074,40.99512],[29.22041,40.99574],[29.21969,40.99671],[29.21926,40.99679],[29.21901,40.99703],[29.21916,40.99748],[29.21856,40.99894],[29.2182,40.99927],[29.21822,40.99978],[29.21736,40.99981],[29.21688,41.00036],[29.21693,41.00078],[29.21671,41.00127],[29.21686,41.00157],[29.21623,41.00277],[29.21562,41.00232],[29.2158,41.00162],[29.2157,41.0012],[29.21268,40.99928],[29.21334,40.99914],[29.21355,40.9987],[29.21303,40.99834],[29.21297,40.99807],[29.21264,40.99778],[29.21215,40.99764],[29.21214,40.99718],[29.21194,40.99692],[29.21134,40.99684],[29.21037,40.99736],[29.21038,40.99798],[29.21099,40.99822],[29.21081,40.99843],[29.20959,40.99797],[29.20906,40.99804],[29.20813,40.99781],[29.20791,40.99805],[29.20796,40.99825],[29.20901,40.99874],[29.20908,40.99904],[29.20862,40.99938],[29.20877,40.99979],[29.20947,40.99988],[29.20977,40.99961],[29.20971,40.99925],[29.21011,40.99923],[29.2102,40.99943],[29.20978,40.99962],[29.20969,40.99996],[29.21001,41.00059],[29.21087,41.00082],[29.21097,41.00101],[29.21073,41.00128],[29.21067,41.00188],[29.21097,41.00223],[29.21041,41.00247],[29.2098,41.00197],[29.20892,41.00155],[29.20852,41.00153],[29.2082,41.00171],[29.20802,41.00209],[29.20818,41.00244],[29.20786,41.0022],[29.20716,41.00221],[29.20636,41.00252],[29.20618,41.00288],[29.20645,41.00322],[29.20604,41.00343],[29.20553,41.00335],[29.2054,41.00307],[29.20506,41.00291],[29.20466,41.00296],[29.20436,41.00318],[29.20323,41.00253],[29.20275,41.00265],[29.2025,41.0031],[29.20217,41.0021],[29.20157,41.0019],[29.20109,41.00225],[29.2013,41.00298],[29.20043,41.00285],[29.2,41.00312],[29.19997,41.00342],[29.20024,41.00368],[29.20022,41.00409],[29.19919,41.0038],[29.19782,41.00422],[29.19761,41.00389],[29.19718,41.00378],[29.19665,41.00413],[29.1942,41.00466],[29.19431,41.00396],[29.19469,41.0031],[29.19439,41.00278],[29.19383,41.00278],[29.19297,41.00401],[29.19302,41.00465],[29.19225,41.00458],[29.19183,41.00492],[29.19189,41.00522],[29.19213,41.00541],[29.19285,41.00532],[29.19304,41.00544],[29.19305,41.00577],[29.19105,41.00577],[29.19072,41.00557],[29.19032,41.00558],[29.18995,41.00599],[29.19008,41.00628],[29.19041,41.00644],[29.19037,41.00677],[29.18926,41.00702],[29.18836,41.00649],[29.18787,41.00654],[29.18749,41.00703],[29.18694,41.00729],[29.18686,41.0077],[29.18706,41.00796],[29.18635,41.00883],[29.1855,41.00862],[29.18283,41.00867],[29.18176,41.00953],[29.18107,41.00965],[29.18094,41.01003],[29.18136,41.01037],[29.18141,41.01076],[29.18105,41.01057],[29.18043,41.0106],[29.17996,41.01095],[29.18004,41.01129],[29.1804,41.01148],[29.18034,41.01177],[29.18055,41.01203],[29.18125,41.01206],[29.18151,41.01178],[29.18132,41.01135],[29.18143,41.01124],[29.18215,41.01125],[29.18315,41.0117],[29.18379,41.0117],[29.18419,41.01205],[29.18503,41.01203],[29.18523,41.01228],[29.18607,41.01255],[29.18649,41.01294],[29.18223,41.01357],[29.18167,41.01399],[29.18138,41.01462],[29.18099,41.01426],[29.18051,41.01423],[29.18049,41.0139],[29.18026,41.01365],[29.17943,41.01368],[29.17838,41.01287],[29.17792,41.01277],[29.17749,41.0119],[29.17763,41.01161],[29.1775,41.01127],[29.17592,41.01071],[29.17576,41.01023],[29.17541,41.00993],[29.17465,41.01002],[29.17436,41.00982],[29.17396,41.0098],[29.17359,41.00995],[29.17341,41.01021],[29.17234,41.01042],[29.17216,41.01065],[29.17192,41.0101],[29.17234,41.00987],[29.17244,41.00953],[29.17207,41.0092],[29.17217,41.00894],[29.17208,41.00829],[29.17168,41.00803],[29.17196,41.00777],[29.17267,41.00793],[29.17314,41.00769],[29.17314,41.00727],[29.17226,41.00637],[29.17231,41.00614],[29.17304,41.00613],[29.17326,41.00574],[29.17305,41.00543],[29.17257,41.00534],[29.17267,41.00505],[29.1725,41.00477],[29.17203,41.00464],[29.17172,41.00419],[29.17112,41.0042],[29.17097,41.00379],[29.17132,41.00338],[29.17232,41.0032],[29.17248,41.00297],[29.17243,41.00267],[29.17179,41.00244],[29.17087,41.00306],[29.16955,41.00299],[29.16808,41.00195],[29.16787,41.00156],[29.16732,41.00147],[29.16679,41.00108],[29.16674,41.00062],[29.16643,41.00026],[29.16605,41.00015],[29.16522,41.00028],[29.16055,40.99707],[29.16084,40.99665],[29.16131,40.99702],[29.16195,40.99679],[29.16189,40.99629],[29.16119,40.99609],[29.16247,40.9956],[29.16253,40.9953],[29.16222,40.99478],[29.16153,40.99456],[29.16096,40.99487],[29.16036,40.99475],[29.15937,40.99548],[29.15888,40.99542],[29.15853,40.99485],[29.15802,40.99479],[29.15762,40.9951],[29.15703,40.99525],[29.15687,40.99568],[29.15608,40.99598],[29.15555,40.99594],[29.15524,40.99617],[29.15468,40.99553],[29.15395,40.99545],[29.15357,40.99515],[29.15344,40.99482],[29.1531,40.99466],[29.15228,40.99486],[29.15185,40.99488],[29.15137,40.99468],[29.15074,40.99493],[29.15026,40.99495],[29.14977,40.99475],[29.1492,40.99505],[29.14882,40.99495],[29.14878,40.99431],[29.14967,40.99445],[29.15063,40.99402],[29.15209,40.99406],[29.15245,40.9943],[29.1529,40.99427],[29.15317,40.99405],[29.15336,40.99351],[29.1531,40.99309],[29.15342,40.99302],[29.15385,40.9931],[29.15472,40.99364],[29.15533,40.99349],[29.15568,40.99366],[29.15657,40.99372],[29.15697,40.99355],[29.15748,40.99373],[29.15807,40.99422],[29.16147,40.99434],[29.16191,40.99454],[29.16255,40.99451],[29.16292,40.99428],[29.16393,40.99443],[29.16439,40.99411],[29.16561,40.99389],[29.16588,40.99367],[29.16589,40.99333],[29.16521,40.99295],[29.16527,40.99267],[29.16511,40.99244],[29.16467,40.99231],[29.16518,40.99159],[29.16479,40.99101],[29.16511,40.99086],[29.16525,40.99058],[29.16481,40.98927],[29.16529,40.98916],[29.1658,40.98927],[29.16618,40.98908],[29.16622,40.98824],[29.16605,40.98796],[29.1654,40.9875],[29.16461,40.98752],[29.16462,40.98704],[29.16425,40.98678],[29.16288,40.9871],[29.16284,40.98611],[29.16244,40.98581],[29.16141,40.98576],[29.161,40.98609],[29.16003,40.98632],[29.15965,40.98495],[29.16009,40.98468],[29.16004,40.98426],[29.15877,40.98381],[29.15776,40.98424],[29.15741,40.98317],[29.157,40.98294],[29.15653,40.98301],[29.15677,40.98256],[29.15631,40.9822],[29.15425,40.98237],[29.15396,40.98263],[29.15398,40.98311],[29.15338,40.98334],[29.15296,40.98295],[29.15218,40.98277],[29.15115,40.9828],[29.15088,40.98302],[29.15091,40.98342],[29.1503,40.9841],[29.1503,40.98445],[29.15003,40.98464],[29.14997,40.98496],[29.14943,40.98518],[29.14903,40.9849],[29.14862,40.98334],[29.14881,40.98291],[29.14828,40.98224],[29.14763,40.98213],[29.14731,40.98238],[29.14729,40.98269],[29.14671,40.98277],[29.14638,40.98156],[29.14658,40.98114],[29.14611,40.98078],[29.14204,40.98132],[29.14142,40.97882],[29.14162,40.97857],[29.14156,40.97827],[29.14127,40.97806],[29.14043,40.97791],[29.13906,40.9781],[29.13913,40.97785],[29.13897,40.97758],[29.1391,40.97727],[29.13893,40.97699],[29.13904,40.97669],[29.13887,40.97642],[29.13907,40.97599],[29.13883,40.9757],[29.13838,40.97563],[29.13812,40.97493],[29.13759,40.97476],[29.13749,40.97435],[29.13703,40.97418],[29.13653,40.97438],[29.13649,40.97483],[29.13633,40.97489],[29.13573,40.97449],[29.13584,40.97414],[29.13559,40.97385],[29.13395,40.97354],[29.13425,40.97311],[29.13383,40.97272],[29.13343,40.97273],[29.13312,40.97295],[29.13118,40.97306],[29.13103,40.9729],[29.13116,40.97258],[29.13079,40.97082],[29.13044,40.97048],[29.12994,40.9705],[29.12964,40.97076],[29.12986,40.97196],[29.1284,40.97194],[29.12793,40.97171],[29.12742,40.97186],[29.12654,40.97173],[29.12672,40.97112],[29.12727,40.97097],[29.12736,40.97051],[29.12699,40.97025],[29.1257,40.97007],[29.12528,40.9702],[29.1251,40.97047],[29.1252,40.97077],[29.12555,40.97096],[29.12541,40.97205],[29.12459,40.97145],[29.12395,40.97067],[29.12359,40.97054],[29.12307,40.97069],[29.12292,40.97119],[29.12246,40.97153],[29.12221,40.97123],[29.12177,40.97116],[29.121,40.97141],[29.1203,40.97188],[29.11985,40.97121],[29.11945,40.97104],[29.11906,40.97111],[29.11882,40.97136],[29.11847,40.97113],[29.11792,40.97115],[29.1175,40.97135],[29.11724,40.97177],[29.11656,40.97185],[29.11556,40.9715],[29.11589,40.9713],[29.11621,40.97039],[29.11651,40.97019],[29.11702,40.96937],[29.11667,40.9689],[29.11695,40.96857],[29.11694,40.96826],[29.11591,40.9675],[29.11647,40.96705],[29.11652,40.96671],[29.11628,40.96646],[29.11587,40.96639],[29.11587,40.96617],[29.11719,40.96561],[29.11742,40.96489],[29.11735,40.96462],[29.1176,40.96417],[29.1173,40.96386],[29.11653,40.96375],[29.1163,40.96345],[29.11656,40.96312],[29.11639,40.96276],[29.11597,40.96262],[29.11552,40.96278],[29.11544,40.96265],[29.11597,40.9625],[29.11657,40.96257],[29.11694,40.9622],[29.11665,40.96162],[29.11581,40.96101],[29.11592,40.96075],[29.11582,40.9605],[29.11518,40.96031],[29.11512,40.96002],[29.11483,40.95981],[29.11429,40.95984],[29.11261,40.95944],[29.11238,40.95931],[29.11255,40.95899],[29.11242,40.9587],[29.11289,40.95854],[29.11299,40.9581],[29.11361,40.95753],[29.11401,40.95749],[29.11428,40.95726],[29.1143,40.95696],[29.11403,40.9567],[29.1141,40.95604],[29.11479,40.95597],[29.11494,40.95551],[29.11628,40.95442],[29.11633,40.95492],[29.1171,40.95521],[29.11729,40.95567],[29.11856,40.95599],[29.12038,40.95509],[29.12098,40.95507],[29.12151,40.95449],[29.1219,40.9547],[29.12234,40.95464],[29.12259,40.95439],[29.12256,40.95408],[29.12306,40.95422],[29.12356,40.95394],[29.12412,40.95394],[29.12439,40.95372],[29.12442,40.95342],[29.12509,40.95322],[29.12529,40.95352],[29.12611,40.95367],[29.12653,40.9535],[29.12703,40.95352],[29.12738,40.95323],[29.12856,40.95322],[29.12905,40.9529],[29.12948,40.95309],[29.12933,40.95417],[29.12898,40.95454],[29.12922,40.95495],[29.12893,40.95521],[29.12883,40.9559],[29.12908,40.95623],[29.12959,40.95629],[29.13,40.95595],[29.12994,40.95564],[29.13009,40.95531],[29.12984,40.95498],[29.13017,40.95459],[29.12992,40.95422],[29.13004,40.95249],[29.12967,40.95204],[29.13029,40.95176],[29.1305,40.95184],[29.1304,40.95209],[29.13055,40.9524],[29.13049,40.95275],[29.13093,40.95329],[29.13058,40.95358],[29.13065,40.95396],[29.13102,40.95415],[29.13155,40.95409],[29.13196,40.95445],[29.13265,40.9544],[29.13305,40.95372],[29.13282,40.95313],[29.1332,40.953],[29.13337,40.95273],[29.1329,40.95204],[29.13333,40.95177],[29.13329,40.95137],[29.13405,40.95109],[29.1341,40.95064],[29.13445,40.95046],[29.13455,40.95016],[29.13414,40.94977],[29.13368,40.94981],[29.13324,40.9496],[29.13283,40.94969],[29.13274,40.94931],[29.13291,40.9489],[29.13253,40.94856],[29.13246,40.94826],[29.13278,40.94805],[29.13283,40.94771],[29.13247,40.94725],[29.13212,40.94712],[29.13203,40.94668],[29.13151,40.94645],[29.1319,40.94611],[29.13178,40.94549],[29.13107,40.94467],[29.13068,40.94447],[29.13081,40.94405],[29.13154,40.94404],[29.13189,40.94374],[29.13239,40.94361],[29.1328,40.94386],[29.13368,40.94383],[29.13362,40.94425],[29.13405,40.94452],[29.13459,40.94441],[29.1348,40.94397],[29.13686,40.94432],[29.13716,40.9442],[29.13734,40.94393],[29.13727,40.94367],[29.137,40.94347],[29.1378,40.94331],[29.13841,40.9436],[29.13947,40.94367],[29.13916,40.94398],[29.13925,40.94432],[29.13962,40.94451],[29.14018,40.94443],[29.14039,40.94497],[29.14074,40.94519],[29.14119,40.94516],[29.14159,40.94486],[29.14276,40.94511],[29.14308,40.94487],[29.14307,40.9445],[29.14353,40.94441],[29.14436,40.9449],[29.14445,40.94518],[29.14472,40.94535],[29.14591,40.94511],[29.1462,40.94442],[29.14576,40.944],[29.14665,40.9439],[29.1471,40.94336],[29.14754,40.94343],[29.14788,40.94328],[29.14802,40.94299],[29.14791,40.94272],[29.14817,40.94247],[29.14848,40.94122],[29.14902,40.94058],[29.14908,40.94028],[29.14979,40.9401],[29.15008,40.93984],[29.15001,40.93946],[29.14927,40.93884],[29.14923,40.93869],[29.14965,40.93853],[29.14979,40.9382],[29.14916,40.93757],[29.15232,40.93565],[29.15322,40.93527],[29.1533,40.93489],[29.15291,40.93446],[29.15295,40.93358],[29.15375,40.93373],[29.15421,40.93343],[29.15468,40.93347],[29.15504,40.93324],[29.15559,40.93338],[29.15593,40.93323],[29.15633,40.93245],[29.1562,40.93216],[29.15579,40.93194],[29.1561,40.93147],[29.15581,40.93106],[29.15598,40.93076],[29.15623,40.93088],[29.15637,40.93133],[29.15691,40.93146],[29.15732,40.93123],[29.15763,40.93079],[29.15759,40.93045],[29.15787,40.93017],[29.15821,40.93055],[29.15877,40.9306],[29.15911,40.93031],[29.15905,40.92995],[29.15962,40.92996],[29.15993,40.92959],[29.16061,40.92979],[29.16096,40.93013],[29.16142,40.93013],[29.16154,40.93046],[29.162,40.93063],[29.16246,40.93047],[29.16254,40.92998],[29.16305,40.92971],[29.16388,40.92987],[29.1643,40.92974],[29.16446,40.92952],[29.16441,40.92921],[29.16365,40.92874],[29.16324,40.9287],[29.16316,40.92775],[29.16236,40.92742],[29.16254,40.92718],[29.16296,40.92748],[29.16364,40.92759],[29.1639,40.92802],[29.16446,40.92806],[29.16548,40.92865],[29.16557,40.92895],[29.16589,40.92913],[29.16748,40.9293],[29.16791,40.92916],[29.16844,40.92933],[29.16969,40.92889],[29.16983,40.92814],[29.16947,40.92769],[29.16986,40.92753],[29.17,40.9272],[29.16983,40.92692],[29.16942,40.92679],[29.16941,40.92642],[29.16958,40.92586],[29.16988,40.92569],[29.16998,40.92539],[29.16945,40.9246],[29.16969,40.92432],[29.16964,40.92403],[29.17008,40.92351],[29.16984,40.92305],[29.17024,40.92166],[29.17012,40.92102],[29.16979,40.92074],[29.17099,40.9211],[29.17226,40.92422],[29.17359,40.92425],[29.174,40.92409],[29.17412,40.92372],[29.17369,40.923],[29.17388,40.9228],[29.17416,40.92291],[29.17448,40.92373],[29.17433,40.92399],[29.17439,40.92424],[29.17497,40.92448],[29.17537,40.92433],[29.1755,40.92395],[29.17505,40.9236],[29.17473,40.92277],[29.17486,40.92234],[29.17443,40.92203],[29.17429,40.92169],[29.17446,40.92128],[29.17416,40.92097],[29.17429,40.92065],[29.17465,40.92088],[29.17515,40.92083],[29.17546,40.92037],[29.17583,40.92113],[29.17639,40.92169],[29.17653,40.92281],[29.17712,40.92333],[29.17708,40.92362],[29.17634,40.9246],[29.17506,40.9252],[29.17514,40.92566],[29.17572,40.92582],[29.17606,40.92566],[29.17619,40.9253],[29.17693,40.92475],[29.17749,40.92394],[29.17809,40.92393],[29.17855,40.92427],[29.17909,40.92414],[29.18031,40.92424],[29.18074,40.92444],[29.18113,40.92437],[29.18137,40.92413],[29.18136,40.92383],[29.18104,40.92358],[29.18059,40.92358],[29.18028,40.92379],[29.17953,40.92375],[29.17886,40.9234],[29.17915,40.92307],[29.17885,40.92263],[29.17906,40.9219],[29.17972,40.92162],[29.17985,40.92125],[29.1796,40.92096],[29.1791,40.92071],[29.17869,40.92069],[29.17769,40.92005],[29.17789,40.91991],[29.17988,40.92098],[29.18036,40.92098],[29.18286,40.92167],[29.18379,40.92172],[29.18504,40.92146],[29.18652,40.92149],[29.18699,40.92126],[29.18705,40.92087],[29.1868,40.92058],[29.18611,40.9206],[29.18543,40.92029],[29.18478,40.92033],[29.18453,40.92002],[29.18406,40.91996],[29.18308,40.91898],[29.18214,40.91857],[29.18201,40.91829],[29.18169,40.91813],[29.18135,40.91702],[29.18101,40.9169],[29.18033,40.91707],[29.18008,40.91694],[29.18024,40.9167],[29.18149,40.91633],[29.18186,40.91647],[29.1824,40.91639],[29.18275,40.91594],[29.18355,40.91569],[29.18413,40.91593],[29.18465,40.91561],[29.18486,40.91564],[29.18562,40.91678],[29.18559,40.91724],[29.18609,40.91748],[29.18632,40.91786],[29.18501,40.91833],[29.18431,40.91835],[29.18409,40.91874],[29.1844,40.9191],[29.18496,40.9191],[29.18527,40.91874],[29.18693,40.9181],[29.18698,40.91791],[29.18662,40.91727],[29.18713,40.91686],[29.18709,40.9161],[29.18737,40.9161],[29.1876,40.91716],[29.18834,40.91732],[29.1884,40.91751],[29.18807,40.91782],[29.18816,40.91816],[29.18853,40.91836],[29.18928,40.91831],[29.18933,40.91866],[29.1892,40.91881],[29.18881,40.91885],[29.18852,40.91912],[29.18853,40.91942],[29.18875,40.91962],[29.18936,40.91965],[29.18964,40.91942],[29.19017,40.9193],[29.19035,40.91897],[29.19071,40.91888],[29.1906,40.91915],[29.1907,40.91968],[29.19037,40.92008],[29.19068,40.92048],[29.19129,40.92046],[29.19169,40.92085],[29.19206,40.92096],[29.19327,40.92051],[29.19344,40.92087],[29.19412,40.92119],[29.19564,40.92093],[29.19623,40.92143],[29.19712,40.92151],[29.19786,40.9211],[29.19921,40.9213],[29.19963,40.92117],[29.19978,40.92072],[29.20017,40.92039],[29.19995,40.91994],[29.20022,40.91961],[29.20007,40.91926],[29.20076,40.91897],[29.20087,40.91844],[29.20114,40.91814],[29.20108,40.91784],[29.20071,40.91753],[29.20159,40.91746],[29.20191,40.91729],[29.202,40.91695],[29.20175,40.91666],[29.20188,40.91622],[29.20217,40.91613],[29.20236,40.91652],[29.20289,40.91665],[29.2033,40.91642],[29.20333,40.91604],[29.20377,40.91608],[29.20415,40.9159],[29.20436,40.9152],[29.2043,40.91495],[29.20338,40.9144],[29.20261,40.91343],[29.20268,40.91336],[29.20318,40.91395],[29.20354,40.91408],[29.20406,40.91392],[29.20418,40.91351],[29.20294,40.91227],[29.20429,40.91191],[29.20461,40.91151],[29.20451,40.91115],[29.20506,40.9111],[29.20553,40.91135],[29.20596,40.91125],[29.20617,40.91099],[29.20619,40.91037],[29.20768,40.91074],[29.20792,40.911],[29.20852,40.91115],[29.20897,40.91109],[29.20922,40.91082],[29.20964,40.91101],[29.21038,40.91092],[29.21051,40.91116],[29.21042,40.91147],[29.20999,40.91178],[29.21004,40.91226],[29.20948,40.91199],[29.20896,40.91215],[29.20885,40.91255],[29.20853,40.91287],[29.20872,40.9133],[29.20836,40.91348],[29.20826,40.91377],[29.20843,40.91405],[29.20879,40.91418],[29.20927,40.91406],[29.20952,40.91361],[29.21079,40.91395],[29.21149,40.91362],[29.2117,40.91336],[29.2115,40.91292],[29.21064,40.91278],[29.21058,40.91259],[29.21068,40.91242],[29.21131,40.91219],[29.21138,40.91194],[29.21125,40.91169],[29.21144,40.91142],[29.21195,40.91162],[29.21185,40.91199],[29.21215,40.9123],[29.2126,40.91233],[29.21298,40.91208],[29.21303,40.91156],[29.21207,40.91115],[29.21196,40.91048],[29.2122,40.91003],[29.21314,40.90951],[29.21323,40.90915],[29.21378,40.90906],[29.21422,40.9093],[29.21414,40.90959],[29.21351,40.90986],[29.21359,40.91032],[29.21399,40.91048],[29.21443,40.91039],[29.21472,40.90967],[29.21534,40.91017],[29.21524,40.91046],[29.21541,40.91074],[29.21509,40.91102],[29.21516,40.9114],[29.21554,40.91159],[29.21594,40.91155],[29.21666,40.91201],[29.21663,40.91233],[29.21686,40.91259],[29.21633,40.9123],[29.21588,40.91233],[29.21558,40.91263],[29.21569,40.91301],[29.21731,40.91405],[29.2185,40.91379],[29.21876,40.91352],[29.21925,40.91339],[29.21943,40.91308],[29.21929,40.91279],[29.21858,40.91223],[29.2192,40.91208],[29.22036,40.91137],[29.22046,40.91108],[29.22026,40.91078],[29.22064,40.91062],[29.22078,40.91034],[29.22038,40.90976],[29.22097,40.90976],[29.22166,40.90945],[29.22179,40.90912],[29.22155,40.9088],[29.22195,40.90823],[29.22174,40.90712],[29.22117,40.90657],[29.22119,40.90633],[29.22152,40.90605],[29.22148,40.90571],[29.22107,40.90548],[29.22024,40.90548],[29.22097,40.9048],[29.22068,40.90389],[29.22034,40.90373],[29.21946,40.90388],[29.21889,40.90417],[29.2186,40.90455],[29.21799,40.90429],[29.21773,40.90393],[29.21713,40.9039],[29.21697,40.90373],[29.21738,40.90365],[29.21761,40.90336],[29.21767,40.90306],[29.21748,40.9028],[29.21769,40.90259],[29.21777,40.90287],[29.21885,40.90345],[29.21924,40.90338],[29.21949,40.90311],[29.22055,40.90302],[29.22084,40.90275],[29.22077,40.9031],[29.2209,40.90335],[29.22135,40.90351],[29.22204,40.90334],[29.22194,40.90369],[29.22224,40.904],[29.22281,40.90402],[29.22326,40.90377],[29.22362,40.90417],[29.22447,40.9044],[29.22494,40.90429],[29.22524,40.90493],[29.22562,40.90503],[29.22602,40.90492],[29.22615,40.9052],[29.22649,40.90536],[29.22694,40.9053],[29.22718,40.90504],[29.22775,40.90501],[29.22801,40.9046],[29.22873,40.90478],[29.22956,40.90467],[29.22986,40.90436],[29.22973,40.90397],[29.2306,40.90376],[29.2311,40.9031],[29.23202,40.90335],[29.23254,40.90319],[29.23265,40.90278],[29.23243,40.90234],[29.232,40.90218],[29.23204,40.90191],[29.23248,40.90176],[29.23306,40.90193],[29.23344,40.90174],[29.23354,40.90145],[29.23335,40.90115],[29.23347,40.9008],[29.23319,40.9005],[29.23346,40.90021],[29.23394,40.90022],[29.23439,40.90045],[29.23487,40.90032],[29.23505,40.90005],[29.23503,40.89958],[29.23541,40.89912],[29.23586,40.89912],[29.23629,40.89882],[29.23629,40.89847],[29.23594,40.89821],[29.23609,40.89806],[29.23645,40.89825],[29.23685,40.89821],[29.23771,40.89747],[29.23774,40.89708],[29.23731,40.89667],[29.23824,40.89665],[29.2385,40.89623],[29.23901,40.89599],[29.23919,40.89568],[29.23989,40.89547],[29.24035,40.8956],[29.24041,40.89599],[29.24085,40.89619],[29.24123,40.89612],[29.24152,40.89588],[29.24189,40.8959],[29.24239,40.8962],[29.24295,40.896],[29.2436,40.89612],[29.24387,40.89634],[29.24447,40.89644],[29.24463,40.89681],[29.24511,40.89695],[29.24551,40.89679],[29.2458,40.89637],[29.2463,40.89626],[29.24676,40.89638],[29.24716,40.89622],[29.24729,40.89585],[29.2469,40.89551],[29.24697,40.89541],[29.24785,40.8955],[29.24825,40.89534],[29.24839,40.89505],[29.24829,40.89468],[29.24768,40.89423],[29.24853,40.89374],[29.24866,40.89337],[29.24836,40.89306],[29.24767,40.89292],[29.24806,40.89254],[29.24785,40.89209],[29.24836,40.892],[29.24864,40.8916],[29.24835,40.89117],[29.24839,40.89069],[29.24775,40.89025],[29.24829,40.89009],[29.24853,40.88985],[29.24846,40.88946],[29.24808,40.88927],[29.24824,40.88903],[29.24865,40.88944],[29.25018,40.88992],[29.25142,40.88917],[29.25212,40.88932],[29.25247,40.88901],[29.25419,40.88867],[29.25479,40.88826],[29.25483,40.88841],[29.25433,40.88908],[29.25464,40.88944],[29.25517,40.88945],[29.25509,40.89032],[29.2552,40.89059],[29.25481,40.8912],[29.25477,40.89163],[29.25454,40.89188],[29.25406,40.89201],[29.25388,40.89231],[29.25333,40.89243],[29.25318,40.89287],[29.25353,40.89345],[29.25396,40.89356],[29.25435,40.89341],[29.25447,40.89372],[29.25479,40.8939],[29.25534,40.89382],[29.25554,40.89338],[29.25573,40.89331],[29.25605,40.89368],[29.25667,40.89381],[29.2564,40.89396],[29.25578,40.89387],[29.25542,40.8942],[29.25554,40.89457],[29.25594,40.89474],[29.25633,40.89467],[29.25658,40.89439],[29.25723,40.89439],[29.25653,40.89493],[29.25649,40.89527],[29.25673,40.89555],[29.25599,40.89596],[29.25593,40.89639],[29.25636,40.89666],[29.25767,40.8966],[29.2582,40.89678],[29.25829,40.89711],[29.25869,40.89731],[29.25893,40.89804],[29.25922,40.89825],[29.26024,40.89818],[29.26089,40.89778],[29.26112,40.89731],[29.26268,40.89669],[29.26341,40.89592],[29.26362,40.89633],[29.26417,40.89641],[29.26573,40.89593],[29.26641,40.89549],[29.26699,40.8955],[29.2673,40.89512],[29.26771,40.89498],[29.26832,40.89501],[29.26856,40.89579],[29.26743,40.89557],[29.26708,40.89573],[29.26695,40.89597],[29.26716,40.89636],[29.2682,40.8966],[29.26823,40.89683],[29.26798,40.89708],[29.26751,40.89695],[29.26711,40.89711],[29.26662,40.89845],[29.26667,40.89875],[29.2671,40.89899],[29.26709,40.89934],[29.26738,40.89958],[29.26684,40.90017],[29.26687,40.90043],[29.26712,40.90065],[29.26659,40.90069],[29.26632,40.90102],[29.26699,40.90205],[29.26697,40.90232],[29.26636,40.90305],[29.26647,40.90353],[29.26612,40.90371],[29.26603,40.90407],[29.26528,40.90379],[29.26494,40.90394],[29.2648,40.90422],[29.26518,40.9047],[29.26481,40.90507],[29.26506,40.90549],[29.26562,40.90553],[29.26692,40.90499],[29.26862,40.90493],[29.26836,40.90511],[29.26826,40.90561],[29.26855,40.90588],[29.26895,40.90593],[29.26892,40.90625],[29.26917,40.9065],[29.26927,40.90691],[29.2699,40.90717],[29.27078,40.90707],[29.2706,40.9074],[29.2701,40.90759],[29.27005,40.90802],[29.26957,40.9084],[29.26882,40.90839],[29.26874,40.90884],[29.26749,40.90992],[29.26743,40.91022],[29.26766,40.91053],[29.26738,40.91073],[29.26731,40.91098],[29.26757,40.91131],[29.26802,40.91138],[29.26836,40.91123],[29.2685,40.91095],[29.26835,40.91064],[29.26892,40.91122],[29.26947,40.91126],[29.2698,40.91102],[29.26982,40.91071],[29.27004,40.91061],[29.2708,40.91086],[29.27105,40.9113],[29.27161,40.91134],[29.27198,40.91097],[29.27191,40.91072],[29.27164,40.91052],[29.27183,40.91014],[29.27221,40.91047],[29.27285,40.91061],[29.27329,40.91094],[29.27353,40.9114],[29.27293,40.91177],[29.27285,40.91215],[29.27314,40.91242],[29.27405,40.91265],[29.27401,40.9131],[29.27426,40.91339],[29.27481,40.91343],[29.27553,40.91316],[29.27574,40.91287],[29.2764,40.91334],[29.27719,40.91319],[29.27771,40.91362],[29.27822,40.91364],[29.27858,40.91341],[29.27923,40.91366],[29.28,40.9131],[29.28066,40.91292],[29.28076,40.91267],[29.28064,40.9124],[29.28107,40.91181],[29.28095,40.91144],[29.27992,40.91066],[29.28017,40.91034],[29.28071,40.91018],[29.28141,40.91042],[29.28182,40.9108],[29.28227,40.91083],[29.28387,40.90976],[29.28445,40.90999],[29.28493,40.90986],[29.28511,40.90954],[29.28481,40.90915],[29.28493,40.90902],[29.28531,40.90916],[29.28569,40.90909],[29.28579,40.90956],[29.28618,40.90979],[29.28607,40.91004],[29.28617,40.91029],[29.28705,40.91063],[29.28672,40.91099],[29.28693,40.91138],[29.28631,40.91157],[29.28605,40.91186],[29.28611,40.91216],[29.28662,40.91259],[29.28728,40.91265],[29.28755,40.91242],[29.28757,40.91213],[29.28831,40.91203],[29.28911,40.91161],[29.2897,40.91151],[29.29031,40.9119],[29.2902,40.91216],[29.29032,40.91244],[29.29015,40.91268],[29.28971,40.91281],[29.28928,40.91329],[29.28858,40.91332],[29.28837,40.91375],[29.28871,40.91439],[29.28926,40.91456],[29.28935,40.91501],[29.29002,40.91515],[29.29015,40.9155],[29.29061,40.91567],[29.29058,40.91592],[29.29078,40.91618],[29.29051,40.91663],[29.28995,40.91686],[29.28995,40.91728],[29.2903,40.91751],[29.29118,40.91757],[29.29138,40.91803],[29.29194,40.91838],[29.29249,40.91842],[29.29285,40.91811],[29.29325,40.9181],[29.29356,40.91788],[29.29456,40.91806],[29.29486,40.91786],[29.29512,40.91729],[29.29529,40.9176],[29.29491,40.91784],[29.2948,40.91809],[29.29511,40.91849],[29.29551,40.91854],[29.29585,40.91839],[29.29599,40.9181],[29.29585,40.9178],[29.29647,40.91818],[29.29702,40.91799],[29.29748,40.91824],[29.29821,40.91806],[29.29806,40.91841],[29.29823,40.91873],[29.29954,40.91917],[29.30013,40.91894],[29.30009,40.91847],[29.3005,40.91836],[29.30103,40.91854],[29.30139,40.91841],[29.302,40.91748],[29.30265,40.91761],[29.30266,40.91801],[29.3031,40.91832],[29.30375,40.91827],[29.3041,40.9179],[29.30398,40.91753],[29.30432,40.91728],[29.30525,40.91708],[29.30543,40.91677],[29.30525,40.91644],[29.30562,40.91634],[29.30582,40.91608],[29.30562,40.91564],[29.3045,40.91528],[29.30616,40.91534],[29.30648,40.91494],[29.30689,40.91474],[29.30751,40.91396],[29.30797,40.91394],[29.30826,40.91367],[29.30816,40.91326],[29.30719,40.91256],[29.30659,40.91246],[29.30635,40.91201],[29.30655,40.91184],[29.30722,40.91203],[29.30775,40.91179],[29.30862,40.91191],[29.309,40.91181],[29.30922,40.91142],[29.30891,40.91077],[29.30913,40.91064],[29.30944,40.90999],[29.30851,40.90917],[29.3075,40.91016],[29.30689,40.9104],[29.30643,40.91042],[29.30618,40.91013],[29.30571,40.91006],[29.30569,40.90978],[29.30545,40.90957],[29.30564,40.90888],[29.30593,40.90854],[29.30561,40.90809],[29.30562,40.90773],[29.30567,40.90727],[29.30598,40.90703],[29.30601,40.90673],[29.30561,40.90643],[29.30504,40.90652],[29.304,40.90626],[29.30439,40.90552],[29.30427,40.90514],[29.30474,40.90483],[29.30464,40.90442],[29.30395,40.90428],[29.30359,40.90461],[29.30372,40.90498],[29.30343,40.90509],[29.303,40.90497],[29.30317,40.90466],[29.303,40.90434],[29.3018,40.90421],[29.30196,40.90391],[29.30183,40.90362],[29.30143,40.90346],[29.30087,40.90353],[29.30066,40.903],[29.30024,40.90275],[29.29985,40.90275],[29.29973,40.90237],[29.29917,40.90168],[29.29874,40.90148],[29.29826,40.90161],[29.29809,40.90198],[29.29768,40.90228],[29.29772,40.90262],[29.29814,40.90298],[29.29706,40.90358],[29.29673,40.90355],[29.29654,40.90336],[29.29661,40.90305],[29.29629,40.90249],[29.29584,40.9022],[29.29614,40.90201],[29.29653,40.90213],[29.29691,40.90203],[29.29712,40.90177],[29.29707,40.90147],[29.2966,40.90124],[29.29603,40.90145],[29.29538,40.90137],[29.2954,40.90086],[29.29488,40.90062],[29.29445,40.90075],[29.29428,40.90102],[29.29437,40.90132],[29.29472,40.90151],[29.29389,40.9016],[29.29358,40.90195],[29.29367,40.90225],[29.29399,40.90243],[29.29486,40.90227],[29.29531,40.90241],[29.29518,40.90265],[29.29526,40.90292],[29.29454,40.90347],[29.29469,40.90381],[29.2953,40.90398],[29.2946,40.90415],[29.29431,40.90457],[29.29344,40.9045],[29.29315,40.90468],[29.29296,40.90422],[29.29238,40.90411],[29.29205,40.90386],[29.2919,40.90343],[29.29131,40.90332],[29.2908,40.90292],[29.29069,40.90251],[29.29029,40.90235],[29.28981,40.90248],[29.28949,40.90299],[29.2898,40.90375],[29.28965,40.90412],[29.28928,40.90433],[29.28883,40.90434],[29.28825,40.90409],[29.2876,40.90441],[29.2872,40.90408],[29.28648,40.9041],[29.2857,40.90353],[29.28551,40.90325],[29.28558,40.90301],[29.28659,40.90254],[29.28828,40.90296],[29.28863,40.90274],[29.28866,40.90236],[29.28823,40.90209],[29.28764,40.90226],[29.28676,40.90211],[29.28598,40.90148],[29.28531,40.90139],[29.28542,40.90113],[29.28529,40.90084],[29.28495,40.90068],[29.28455,40.90072],[29.28487,40.9003],[29.28475,40.89993],[29.28367,40.89971],[29.28364,40.89926],[29.28386,40.89902],[29.28396,40.89854],[29.28379,40.89827],[29.28343,40.89814],[29.283,40.89823],[29.28279,40.89849],[29.28271,40.89897],[29.28304,40.89929],[29.28308,40.89975],[29.28253,40.90007],[29.28267,40.90064],[29.28117,40.90061],[29.28073,40.90093],[29.28067,40.90154],[29.28035,40.9019],[29.2805,40.90225],[29.27991,40.90205],[29.28043,40.90058],[29.28054,40.89944],[29.28076,40.89902],[29.2812,40.89875],[29.28122,40.89843],[29.28149,40.8981],[29.2814,40.89781],[29.2809,40.89739],[29.27968,40.89728],[29.27924,40.89747],[29.27918,40.89789],[29.27798,40.89807],[29.27815,40.89732],[29.27847,40.89717],[29.27875,40.89671],[29.27855,40.89627],[29.27758,40.89604],[29.27697,40.8964],[29.27645,40.89643],[29.27628,40.89616],[29.27591,40.89602],[29.27586,40.89571],[29.27557,40.8955],[29.27517,40.89548],[29.27482,40.89569],[29.27391,40.89552],[29.27401,40.89522],[29.27493,40.89538],[29.2754,40.89503],[29.27525,40.89462],[29.27419,40.89418],[29.27417,40.89399],[29.27424,40.89351],[29.27457,40.89306],[29.27506,40.89303],[29.27537,40.89273],[29.27525,40.89235],[29.27477,40.89219],[29.27484,40.89181],[29.27452,40.89153],[29.27481,40.89123],[29.27469,40.89085],[29.27514,40.8905],[29.27505,40.89004],[29.27538,40.88968],[29.27525,40.88934],[29.27561,40.88913],[29.27546,40.88938],[29.27556,40.88968],[29.27588,40.88986],[29.27628,40.88985],[29.27664,40.88948],[29.27638,40.88905],[29.27706,40.88904],[29.27732,40.88862],[29.27716,40.88834],[29.2768,40.88821],[29.2763,40.88836],[29.2758,40.8883],[29.27538,40.88855],[29.27515,40.88848],[29.27564,40.88817],[29.27578,40.88788],[29.27525,40.88721],[29.27537,40.88691],[29.27584,40.88668],[29.2762,40.88614],[29.2762,40.88588],[29.27587,40.88534],[29.27524,40.88518],[29.27514,40.88434],[29.27452,40.88404],[29.27443,40.88358],[29.27395,40.88341],[29.2737,40.88299],[29.27302,40.88291],[29.27295,40.88242],[29.27239,40.88226],[29.27171,40.88179],[29.27155,40.881],[29.27092,40.88085],[29.27083,40.88058],[29.27133,40.88027],[29.27126,40.87989],[29.27059,40.8797],[29.27008,40.88018],[29.2698,40.87972],[29.2692,40.87965],[29.26883,40.88002],[29.26909,40.88044],[29.26857,40.88061],[29.26779,40.87958],[29.26821,40.87925],[29.26816,40.87883],[29.26761,40.87863],[29.26714,40.87887],[29.26685,40.8782],[29.2663,40.878],[29.26574,40.8783],[29.26564,40.8786],[29.26584,40.8789],[29.26549,40.87899],[29.26543,40.8787],[29.26513,40.87849],[29.2644,40.87824],[29.26343,40.87824],[29.26312,40.87868],[29.26349,40.87906],[29.26196,40.87927],[29.26148,40.87969],[29.26141,40.87994],[29.26161,40.88024],[29.26159,40.88055],[29.26097,40.8806],[29.26076,40.88106],[29.26044,40.88082],[29.26039,40.88055],[29.26061,40.88023],[29.26108,40.88011],[29.2613,40.8798],[29.26122,40.87911],[29.26068,40.87886],[29.26226,40.87767],[29.26272,40.87775],[29.2631,40.87756],[29.26317,40.87716],[29.26359,40.8767],[29.26367,40.87631],[29.26433,40.87581],[29.26421,40.87532],[29.26479,40.87504],[29.26488,40.87472],[29.26519,40.87455],[29.26593,40.87346],[29.26682,40.87261],[29.2668,40.87231],[29.26654,40.87208],[29.26685,40.87181],[29.26678,40.87143],[29.26634,40.87123],[29.26587,40.87135],[29.2652,40.87101],[29.26497,40.87069],[29.26499,40.87025],[29.26442,40.8699],[29.26451,40.86967],[29.26485,40.87008],[29.26541,40.87008],[29.2657,40.86981],[29.26564,40.86945],[29.26653,40.86904],[29.26672,40.86865],[29.26727,40.86846],[29.26721,40.86884],[29.26767,40.86959],[29.26822,40.86964],[29.2686,40.86934],[29.26901,40.86976],[29.26978,40.86966],[29.27186,40.86742],[29.27232,40.86729],[29.27249,40.86691],[29.27286,40.86675],[29.27299,40.86641],[29.27411,40.86541],[29.27515,40.86462],[29.2757,40.8645],[29.27583,40.86401],[29.27614,40.8639],[29.27657,40.86404],[29.276,40.86443],[29.27591,40.86477],[29.27611,40.86503],[29.27649,40.86513],[29.27712,40.86483],[29.27754,40.86495],[29.27796,40.86482],[29.27812,40.86459],[29.27809,40.86432],[29.27878,40.86397],[29.27872,40.86354],[29.27897,40.86381],[29.27975,40.86416],[29.27976,40.86447],[29.28008,40.86472],[29.28053,40.86472],[29.28111,40.86442],[29.28268,40.86481],[29.28321,40.86457],[29.28348,40.86371],[29.28453,40.86407],[29.28474,40.86437],[29.28512,40.86447],[29.28554,40.86434],[29.2857,40.86411],[29.28566,40.86383],[29.28603,40.86372],[29.28626,40.86409],[29.28674,40.86423],[29.28725,40.86392],[29.28841,40.86409],[29.28891,40.86357],[29.29034,40.86357],[29.29083,40.8631],[29.2907,40.86266],[29.29102,40.86253],[29.29119,40.86226],[29.2911,40.86197],[29.2907,40.8617],[29.29106,40.8615],[29.29236,40.8617],[29.29279,40.86143],[29.29279,40.86109],[29.29244,40.86083],[29.29248,40.86043],[29.2921,40.86011],[29.29267,40.85973],[29.29313,40.86],[29.29334,40.86039],[29.29383,40.86048],[29.29424,40.86026],[29.29425,40.85984],[29.29475,40.85998],[29.29522,40.85974],[29.29525,40.85936],[29.29492,40.85911],[29.29447,40.85839],[29.29392,40.85821],[29.29387,40.85802],[29.29405,40.85783],[29.29472,40.85797],[29.29507,40.85782],[29.2952,40.85756],[29.29551,40.85761],[29.2956,40.85791],[29.29514,40.85811],[29.29501,40.85849],[29.29553,40.85885],[29.29623,40.85859],[29.29611,40.85928],[29.29573,40.85965],[29.29604,40.86009],[29.29654,40.86012],[29.29689,40.85983],[29.2967,40.85935],[29.29681,40.85847],[29.29713,40.8585],[29.29698,40.85895],[29.29734,40.8597],[29.29796,40.85989],[29.29842,40.85972],[29.29859,40.85919],[29.29774,40.85847],[29.29801,40.85799],[29.29788,40.85769],[29.29759,40.85751],[29.29809,40.85728],[29.29825,40.85698],[29.29809,40.85661],[29.29858,40.85624],[29.29915,40.85629],[29.29974,40.85591],[29.30034,40.85652],[29.30115,40.85671],[29.3012,40.85729],[29.3018,40.85789],[29.30218,40.85797],[29.30255,40.85784],[29.30292,40.85814],[29.30344,40.85799],[29.30361,40.8575],[29.3034,40.85666],[29.30228,40.85654],[29.30198,40.85636],[29.30197,40.85619],[29.30228,40.85596],[29.30282,40.85588],[29.30304,40.85553],[29.30356,40.85556],[29.30391,40.85528],[29.30387,40.85494],[29.30304,40.85431],[29.30294,40.854],[29.30381,40.85333],[29.30391,40.85266],[29.30353,40.85218],[29.30484,40.85209],[29.30577,40.85104],[29.3065,40.85137],[29.30708,40.85122],[29.30804,40.85136],[29.30854,40.85167],[29.30916,40.85143],[29.31043,40.85194],[29.31104,40.85167],[29.31102,40.85129],[29.31056,40.85103],[29.31053,40.85036],[29.31021,40.84969],[29.31046,40.84942],[29.31072,40.84982],[29.31128,40.84986],[29.3116,40.84962],[29.3116,40.84927],[29.31123,40.84901],[29.31023,40.84901],[29.30977,40.84873],[29.30899,40.84859],[29.30902,40.8482],[29.3087,40.84796],[29.30869,40.84698],[29.30887,40.84651],[29.30842,40.84619],[29.30803,40.84549],[29.30806,40.84503],[29.30755,40.84479],[29.30724,40.84439],[29.30745,40.84406],[29.30811,40.84402],[29.30848,40.8436],[29.30916,40.8433],[29.30985,40.84322],[29.31003,40.84295],[29.3099,40.84262],[29.31009,40.84242],[29.31084,40.84234],[29.31161,40.84196],[29.3117,40.84129],[29.31092,40.84028],[29.31024,40.84001],[29.31016,40.83955],[29.30958,40.83939],[29.30949,40.83907],[29.30911,40.83884],[29.30856,40.83892],[29.30799,40.83938],[29.30794,40.83972],[29.30721,40.84026],[29.30702,40.8402],[29.30693,40.83999],[29.30707,40.83961],[29.30672,40.83901],[29.30699,40.83879],[29.30702,40.83853],[29.30662,40.83819],[29.30622,40.8382],[29.30592,40.8384],[29.30586,40.8387],[29.30607,40.83897],[29.30541,40.83899],[29.3049,40.83865],[29.30413,40.83893],[29.30431,40.83866],[29.30421,40.83836],[29.30325,40.83793],[29.3028,40.83799],[29.30215,40.83782],[29.3014,40.83815],[29.30118,40.83846],[29.30073,40.83843],[29.29998,40.83877],[29.29984,40.83816],[29.29924,40.83797],[29.29886,40.83816],[29.29876,40.83848],[29.29825,40.83825],[29.29742,40.83848],[29.29721,40.83875],[29.29677,40.83894],[29.29673,40.83945],[29.29639,40.83976],[29.29624,40.8383],[29.29575,40.83783],[29.29509,40.83788],[29.29474,40.83819],[29.29465,40.83897],[29.29428,40.8397],[29.2939,40.84004],[29.29388,40.84036],[29.29347,40.841],[29.29273,40.84087],[29.29157,40.84142],[29.29135,40.84173],[29.29145,40.84202],[29.29212,40.84263],[29.29221,40.84296],[29.29263,40.84323],[29.29313,40.84562],[29.29292,40.84592],[29.29307,40.84633],[29.29182,40.84616],[29.29147,40.84637],[29.29142,40.84672],[29.29198,40.84704],[29.29251,40.8468],[29.29309,40.84678],[29.29322,40.84689],[29.29302,40.84732],[29.29335,40.84764],[29.29324,40.84782],[29.2918,40.8477],[29.29154,40.84748],[29.29114,40.84744],[29.29074,40.84766],[29.29069,40.84801],[29.29119,40.84833],[29.29173,40.84815],[29.29337,40.84829],[29.2936,40.84864],[29.29327,40.84885],[29.29322,40.84919],[29.29294,40.8493],[29.29103,40.84885],[29.29062,40.84851],[29.29012,40.84857],[29.28986,40.84894],[29.29007,40.84929],[29.29044,40.84939],[29.29084,40.84928],[29.29261,40.8497],[29.29265,40.85012],[29.29215,40.85037],[29.29055,40.84999],[29.2902,40.84967],[29.28975,40.84967],[29.28938,40.85004],[29.28959,40.85043],[29.28997,40.85054],[29.29037,40.85042],[29.29189,40.85078],[29.29197,40.85099],[29.29122,40.85149],[29.28959,40.85111],[29.2893,40.85081],[29.28885,40.85078],[29.2885,40.85099],[29.28847,40.85138],[29.28796,40.85173],[29.28805,40.85228],[29.28833,40.85255],[29.28877,40.85263],[29.28914,40.85249],[29.29036,40.85274],[29.29011,40.85296],[29.29012,40.85333],[29.2899,40.85358],[29.28893,40.85385],[29.28822,40.85452],[29.28781,40.85434],[29.28738,40.85444],[29.28709,40.85497],[29.28657,40.85516],[29.28648,40.85548],[29.28583,40.85498],[29.28503,40.85514],[29.28434,40.85501],[29.2837,40.85471],[29.28355,40.85429],[29.28313,40.85415],[29.282,40.85449],[29.28173,40.85471],[29.28181,40.85517],[29.2824,40.85539],[29.28183,40.85556],[29.28127,40.85551],[29.28072,40.85585],[29.28018,40.85549],[29.27998,40.85505],[29.27962,40.85491],[29.27869,40.85517],[29.27855,40.8555],[29.27884,40.85601],[29.27843,40.85611],[29.27799,40.856],[29.27758,40.85617],[29.27564,40.85633],[29.27515,40.85622],[29.27479,40.85554],[29.27424,40.85546],[29.27389,40.85567],[29.27384,40.85602],[29.27408,40.85626],[29.2745,40.85633],[29.27466,40.85661],[29.27382,40.85728],[29.27341,40.85741],[29.27316,40.85789],[29.27283,40.858],[29.27206,40.8576],[29.27164,40.85773],[29.27147,40.85802],[29.27136,40.8579],[29.27162,40.85769],[29.2716,40.85735],[29.27184,40.857],[29.27147,40.85658],[29.27083,40.85667],[29.27067,40.85712],[29.27028,40.85699],[29.26989,40.8565],[29.26898,40.85644],[29.26859,40.85659],[29.26818,40.85601],[29.26748,40.85608],[29.26713,40.85573],[29.26653,40.85579],[29.26632,40.85622],[29.26684,40.85694],[29.26652,40.85732],[29.26642,40.85773],[29.2669,40.85836],[29.26723,40.85852],[29.26757,40.85961],[29.26732,40.85932],[29.26692,40.85925],[29.26687,40.85892],[29.26652,40.8587],[29.26403,40.85866],[29.26389,40.85882],[29.26394,40.85911],[29.26497,40.85998],[29.26527,40.86002],[29.26576,40.85975],[29.26609,40.85978],[29.26607,40.85997],[29.26523,40.86037],[29.26272,40.86209],[29.26552,40.86468],[29.26555,40.86504],[29.26595,40.86527],[29.26422,40.86587],[29.26291,40.86659],[29.26236,40.86663],[29.2619,40.86696],[29.26185,40.8673],[29.26219,40.86759],[29.26269,40.86758],[29.26317,40.86726],[29.26327,40.86695],[29.26438,40.86633],[29.26881,40.86477],[29.27,40.86409],[29.2697,40.86451],[29.26971,40.86516],[29.26894,40.86539],[29.26884,40.86568],[29.26902,40.86598],[29.26884,40.8661],[29.2685,40.86628],[29.26793,40.86632],[29.26745,40.86686],[29.26657,40.86703],[29.26596,40.8674],[29.26582,40.86773],[29.26529,40.868],[29.26399,40.86809],[29.26372,40.86852],[29.26245,40.8692],[29.26168,40.86946],[29.26113,40.8694],[29.26019,40.86876],[29.25938,40.86763],[29.25898,40.86734],[29.25984,40.86739],[29.26024,40.86723],[29.26034,40.86676],[29.25995,40.86646],[29.25915,40.86653],[29.25854,40.86692],[29.25797,40.86677],[29.25673,40.86707],[29.25589,40.86746],[29.25542,40.86746],[29.25507,40.86775],[29.25462,40.86785],[29.25441,40.86811],[29.25341,40.86847],[29.25306,40.86891],[29.25181,40.86955],[29.25134,40.86954],[29.25065,40.87],[29.24951,40.87022],[29.24901,40.87063],[29.24841,40.87061],[29.2481,40.87102],[29.24735,40.87137],[29.24689,40.87133],[29.24584,40.87175],[29.24542,40.87239],[29.24561,40.87287],[29.24634,40.87313],[29.24655,40.87359],[29.24684,40.87379],[29.24837,40.8737],[29.24879,40.87331],[29.24949,40.87315],[29.24981,40.87325],[29.25012,40.8737],[29.24775,40.87443],[29.24716,40.87437],[29.2468,40.87474],[29.24504,40.87536],[29.24451,40.87533],[29.24261,40.87607],[29.24199,40.87598],[29.24164,40.87628],[29.24131,40.87595],[29.24182,40.87568],[29.2418,40.87511],[29.24127,40.87462],[29.24065,40.87475],[29.24018,40.87466],[29.23963,40.87489],[29.23937,40.87468],[29.23898,40.87463],[29.23864,40.87478],[29.23847,40.87509],[29.23778,40.87518],[29.23723,40.87507],[29.23681,40.87531],[29.23517,40.87507],[29.23489,40.8747],[29.23425,40.87454],[29.23367,40.87358],[29.23366,40.87268],[29.2332,40.87192],[29.23378,40.87108],[29.23368,40.87079],[29.23336,40.87061],[29.23235,40.87081],[29.23214,40.8711],[29.23148,40.87143],[29.23135,40.87177],[29.23091,40.87157],[29.23018,40.87156],[29.22967,40.8712],[29.22848,40.87147],[29.22771,40.87196],[29.22713,40.87312],[29.22659,40.87285],[29.22556,40.87311],[29.22514,40.87406],[29.22535,40.87436],[29.22579,40.87446],[29.22569,40.87472],[29.22584,40.87543],[29.22532,40.87536],[29.22562,40.87497],[29.22531,40.87457],[29.22492,40.87453],[29.22457,40.87469],[29.22417,40.87441],[29.22362,40.87449],[29.22295,40.87523],[29.22291,40.87557],[29.2223,40.87604],[29.22226,40.8763],[29.22246,40.87663],[29.22168,40.8771],[29.22148,40.87687],[29.22111,40.87677],[29.22056,40.87684],[29.22029,40.87707],[29.22026,40.87737],[29.22051,40.87764],[29.22094,40.87774],[29.22148,40.87757],[29.22183,40.87798],[29.22137,40.87794],[29.22097,40.87823],[29.22053,40.8783],[29.22027,40.87861],[29.21978,40.87877],[29.21964,40.87905],[29.21995,40.87945],[29.22086,40.87955],[29.22094,40.87981],[29.22043,40.87986],[29.22012,40.88017],[29.22025,40.88055],[29.22079,40.88076],[29.22051,40.88099],[29.22048,40.88129],[29.22096,40.88167],[29.22152,40.88163],[29.22184,40.88204],[29.22171,40.88243],[29.22106,40.88248],[29.22085,40.88292],[29.22115,40.88323],[29.22184,40.88316],[29.22211,40.88339],[29.22081,40.88378],[29.2205,40.88409],[29.22055,40.88439],[29.22087,40.8846],[29.22109,40.88529],[29.22102,40.88572],[29.22185,40.88647],[29.2223,40.88644],[29.22275,40.88611],[29.22262,40.88659],[29.22311,40.88687],[29.2235,40.8868],[29.22374,40.88656],[29.22372,40.88626],[29.22344,40.88603],[29.22387,40.88604],[29.22404,40.88722],[29.22298,40.88772],[29.22281,40.88812],[29.22311,40.88843],[29.22401,40.88878],[29.22453,40.88867],[29.22449,40.88883],[29.22368,40.88896],[29.22345,40.8887],[29.22306,40.88863],[29.22258,40.88888],[29.22197,40.88894],[29.22176,40.8892],[29.22178,40.88957],[29.22121,40.8896],[29.22052,40.89014],[29.22049,40.8904],[29.22077,40.8907],[29.22078,40.89099],[29.22047,40.89103],[29.21957,40.89074],[29.21914,40.89084],[29.21894,40.89105],[29.21891,40.89145],[29.21837,40.89149],[29.21805,40.89174],[29.21802,40.89221],[29.21829,40.8925],[29.21826,40.89279],[29.21773,40.89299],[29.21769,40.89345],[29.21703,40.8936],[29.21689,40.8941],[29.21597,40.89406],[29.21555,40.89444],[29.2158,40.89486],[29.21653,40.89496],[29.2164,40.89545],[29.21705,40.89594],[29.21705,40.8963],[29.21676,40.89692],[29.21631,40.89705],[29.21614,40.89736],[29.21639,40.89774],[29.21701,40.89777],[29.21683,40.89816],[29.21692,40.89846],[29.21818,40.8989],[29.21864,40.89874],[29.21903,40.89816],[29.21925,40.89813],[29.21935,40.89839],[29.21967,40.89857],[29.22026,40.89845],[29.22017,40.89926],[29.22034,40.89966],[29.21944,40.90024],[29.2192,40.90018],[29.21909,40.89964],[29.21882,40.89941],[29.21832,40.89939],[29.21767,40.89978],[29.21734,40.89969],[29.21713,40.89929],[29.2167,40.89918],[29.2163,40.89934],[29.21588,40.89991],[29.21534,40.89947],[29.21538,40.89921],[29.21517,40.89887],[29.21481,40.89874],[29.21443,40.89881],[29.21416,40.89914],[29.21429,40.89953],[29.2139,40.89982],[29.21394,40.90017],[29.2144,40.9004],[29.21548,40.9003],[29.21565,40.90065],[29.21617,40.90078],[29.21648,40.90192],[29.21588,40.90171],[29.21532,40.90189],[29.21469,40.90278],[29.21472,40.9033],[29.2142,40.90348],[29.21347,40.90407],[29.21321,40.90405],[29.21319,40.90365],[29.21273,40.90341],[29.21225,40.90354],[29.21196,40.90397],[29.21087,40.9034],[29.21066,40.90299],[29.21007,40.90292],[29.20868,40.90206],[29.20894,40.90177],[29.20943,40.90164],[29.20996,40.90197],[29.20989,40.90233],[29.21018,40.9026],[29.21141,40.90252],[29.21164,40.90217],[29.21145,40.90184],[29.21181,40.90162],[29.21184,40.90125],[29.21227,40.90115],[29.21249,40.90085],[29.21236,40.90052],[29.212,40.90036],[29.21192,40.89989],[29.21152,40.89972],[29.21109,40.89982],[29.21088,40.90008],[29.2108,40.90077],[29.21048,40.90082],[29.21083,40.89935],[29.21062,40.89905],[29.21018,40.89895],[29.20982,40.89907],[29.20948,40.8996],[29.20928,40.89963],[29.20909,40.89917],[29.20843,40.89912],[29.20812,40.89942],[29.20827,40.89982],[29.20776,40.89984],[29.2072,40.90009],[29.20692,40.89988],[29.20675,40.89913],[29.2074,40.89884],[29.20741,40.89834],[29.20653,40.89779],[29.20606,40.89783],[29.20557,40.89762],[29.20509,40.89778],[29.20456,40.89817],[29.20455,40.8986],[29.20429,40.89892],[29.20439,40.89922],[29.2048,40.89942],[29.20485,40.89958],[29.20383,40.89925],[29.20335,40.8996],[29.20359,40.90016],[29.20308,40.90011],[29.20295,40.89986],[29.20261,40.8997],[29.20197,40.89993],[29.20191,40.90023],[29.20211,40.90049],[29.20355,40.90061],[29.20376,40.90079],[29.20379,40.90122],[29.20432,40.90145],[29.20425,40.90157],[29.20308,40.90154],[29.20235,40.90194],[29.20221,40.90227],[29.20263,40.90266],[29.20303,40.90265],[29.20363,40.90234],[29.20404,40.90272],[29.20443,40.90279],[29.20538,40.90236],[29.20605,40.90243],[29.20665,40.90188],[29.20665,40.90273],[29.20708,40.90323],[29.20758,40.90333],[29.20774,40.90363],[29.20762,40.904],[29.20781,40.90439],[29.20882,40.90486],[29.20822,40.90569],[29.20776,40.90577],[29.20721,40.90637],[29.20616,40.90687],[29.20618,40.90733],[29.20669,40.90754],[29.2053,40.90799],[29.20471,40.90792],[29.20423,40.90833],[29.20354,40.90798],[29.20308,40.90797],[29.20278,40.90818],[29.20272,40.90846],[29.20233,40.90835],[29.20166,40.90847],[29.20116,40.90926],[29.20058,40.90945],[29.20058,40.90907],[29.20027,40.90882],[29.20061,40.90864],[29.20071,40.90835],[29.20032,40.90796],[29.2012,40.90783],[29.20117,40.90693],[29.20092,40.90675],[29.19999,40.90679],[29.19992,40.90663],[29.2003,40.90644],[29.20043,40.90601],[29.20111,40.90558],[29.20117,40.90528],[29.20097,40.90502],[29.20015,40.90472],[29.19965,40.90481],[29.19943,40.90515],[29.19966,40.90567],[29.19929,40.90596],[29.1993,40.90641],[29.19895,40.90656],[29.19881,40.90682],[29.19804,40.90676],[29.19773,40.90653],[29.19807,40.90635],[29.19816,40.90601],[29.1986,40.90595],[29.19884,40.9057],[29.19884,40.90544],[29.19861,40.9052],[29.19822,40.90512],[29.19784,40.90526],[29.19726,40.90502],[29.19717,40.90469],[29.1968,40.9045],[29.19618,40.90469],[29.19562,40.90454],[29.1952,40.90477],[29.19414,40.90418],[29.19343,40.90426],[29.19262,40.90461],[29.19225,40.90389],[29.19232,40.90352],[29.19214,40.9033],[29.1917,40.9032],[29.19096,40.90337],[29.19072,40.90311],[29.19028,40.90304],[29.18984,40.90331],[29.18992,40.90376],[29.18879,40.9037],[29.18849,40.90397],[29.18853,40.9043],[29.18795,40.90439],[29.18768,40.90478],[29.18725,40.90491],[29.18709,40.90514],[29.18705,40.90569],[29.18634,40.9056],[29.18607,40.90583],[29.18602,40.90625],[29.18499,40.90642],[29.18485,40.90666],[29.18489,40.90733],[29.18545,40.90765],[29.18548,40.9079],[29.18465,40.90861],[29.18359,40.90858],[29.18332,40.9088],[29.18329,40.90911],[29.18252,40.90906],[29.1825,40.90868],[29.1821,40.90844],[29.18165,40.90851],[29.18137,40.90882],[29.18045,40.90855],[29.18005,40.90885],[29.18013,40.90925],[29.17949,40.90943],[29.17839,40.90924],[29.17803,40.90946],[29.17812,40.90981],[29.17749,40.90995],[29.17739,40.90965],[29.17702,40.90946],[29.17662,40.9095],[29.17635,40.90972],[29.17583,40.9097],[29.17592,40.90919],[29.17543,40.90891],[29.17443,40.90937],[29.17306,40.90968],[29.17274,40.91003],[29.17228,40.91018],[29.17206,40.9101],[29.17163,40.90935],[29.17098,40.90925],[29.17061,40.90966],[29.17092,40.91032],[29.17028,40.91047],[29.16971,40.91036],[29.16929,40.9107],[29.16948,40.91147],[29.16995,40.91175],[29.17029,40.91243],[29.1702,40.91252],[29.16984,40.91242],[29.16902,40.91255],[29.16873,40.91226],[29.16822,40.91223],[29.16786,40.91256],[29.16799,40.91294],[29.16786,40.91333],[29.16711,40.91341],[29.16707,40.91288],[29.16683,40.91263],[29.16555,40.91264],[29.16529,40.91239],[29.16655,40.91221],[29.1667,40.91176],[29.16629,40.91144],[29.16691,40.91132],[29.1672,40.91106],[29.16701,40.91058],[29.16638,40.9105],[29.16644,40.9102],[29.16621,40.90992],[29.1665,40.90969],[29.1665,40.90935],[29.16618,40.9091],[29.16532,40.90907],[29.16486,40.90881],[29.16528,40.90876],[29.16559,40.9084],[29.166,40.90842],[29.16635,40.9082],[29.16636,40.90757],[29.16594,40.90727],[29.16611,40.9071],[29.16661,40.9074],[29.1672,40.90717],[29.16723,40.90679],[29.16681,40.9065],[29.16686,40.90602],[29.16757,40.90579],[29.16786,40.90587],[29.16818,40.90643],[29.16789,40.9067],[29.16787,40.907],[29.16838,40.90732],[29.16911,40.90699],[29.16923,40.90661],[29.17011,40.90647],[29.17033,40.90608],[29.17071,40.90646],[29.17116,40.90653],[29.1715,40.90637],[29.17164,40.90608],[29.17291,40.90627],[29.17379,40.90578],[29.17414,40.90595],[29.17453,40.9059],[29.17484,40.90557],[29.17491,40.90617],[29.17561,40.9067],[29.17658,40.9068],[29.17696,40.9067],[29.17742,40.90605],[29.17744,40.90575],[29.17704,40.90523],[29.17634,40.90519],[29.17712,40.90492],[29.17736,40.90468],[29.17729,40.9043],[29.17685,40.90408],[29.17841,40.9036],[29.17882,40.90383],[29.17922,40.90385],[29.17963,40.90351],[29.17954,40.90317],[29.17885,40.90264],[29.17735,40.90303],[29.17741,40.9028],[29.17825,40.90216],[29.17879,40.90196],[29.17889,40.90167],[29.17874,40.90141],[29.17888,40.90119],[29.17938,40.90117],[29.17968,40.90086],[29.17957,40.90049],[29.17988,40.90006],[29.17955,40.89945],[29.17985,40.89922],[29.17987,40.89891],[29.17954,40.89863],[29.17907,40.89863],[29.17886,40.89837],[29.17998,40.89801],[29.18009,40.89804],[29.18002,40.89841],[29.18021,40.89863],[29.18091,40.89866],[29.18118,40.89833],[29.18103,40.89798],[29.18165,40.89735],[29.18167,40.89682],[29.18211,40.89671],[29.18266,40.8971],[29.18399,40.89741],[29.18434,40.89719],[29.18434,40.89676],[29.18474,40.89625],[29.18538,40.89669],[29.18627,40.8966],[29.18659,40.89642],[29.18675,40.89599],[29.18711,40.89563],[29.18752,40.8958],[29.18783,40.89615],[29.18845,40.89613],[29.18884,40.89633],[29.18953,40.89637],[29.18989,40.8962],[29.19042,40.89638],[29.1909,40.8962],[29.19066,40.89656],[29.19087,40.89691],[29.19208,40.89702],[29.19254,40.89672],[29.19284,40.89588],[29.1928,40.8955],[29.19313,40.89554],[29.19325,40.89606],[29.19356,40.89631],[29.19328,40.89658],[29.19332,40.89693],[29.19396,40.89716],[29.1949,40.89646],[29.19575,40.89682],[29.1963,40.89674],[29.19687,40.89615],[29.1969,40.89553],[29.19662,40.89523],[29.19745,40.89487],[29.1974,40.8956],[29.19765,40.89589],[29.19831,40.89589],[29.19859,40.89539],[29.19902,40.89606],[29.19972,40.89609],[29.19996,40.89585],[29.19992,40.8955],[29.19913,40.89517],[29.19966,40.89498],[29.20064,40.89522],[29.20108,40.89502],[29.20118,40.89473],[29.20091,40.89439],[29.20096,40.89382],[29.20128,40.89337],[29.20097,40.89302],[29.20105,40.89269],[29.20076,40.89224],[29.20168,40.89201],[29.20194,40.89168],[29.2015,40.89077],[29.201,40.89053],[29.20096,40.89019],[29.20064,40.88997],[29.20125,40.88983],[29.20199,40.88998],[29.20235,40.88985],[29.20252,40.88945],[29.20215,40.88911],[29.20235,40.88863],[29.20212,40.88839],[29.20173,40.88831],[29.20229,40.88817],[29.20267,40.88828],[29.20303,40.88864],[29.20363,40.88857],[29.20383,40.88836],[29.20385,40.88802],[29.20485,40.88734],[29.20478,40.88646],[29.20562,40.88608],[29.20601,40.88627],[29.20648,40.88619],[29.20652,40.88657],[29.20633,40.8869],[29.20647,40.88724],[29.20593,40.8872],[29.20557,40.88755],[29.20426,40.88801],[29.20413,40.88825],[29.20427,40.88859],[29.20416,40.88888],[29.20438,40.88919],[29.20407,40.88934],[29.20393,40.88963],[29.20406,40.88991],[29.20434,40.89006],[29.20502,40.88987],[29.20591,40.88991],[29.20662,40.8902],[29.20676,40.89119],[29.20652,40.89136],[29.20601,40.89114],[29.20557,40.89121],[29.2053,40.89154],[29.20543,40.89187],[29.20583,40.89203],[29.20641,40.89181],[29.20691,40.89203],[29.20754,40.89196],[29.209,40.89084],[29.20924,40.89085],[29.20925,40.89205],[29.20875,40.89295],[29.20896,40.89334],[29.21005,40.89338],[29.21022,40.89375],[29.21075,40.89387],[29.21121,40.89357],[29.2112,40.89291],[29.21188,40.89323],[29.21224,40.89311],[29.21241,40.89284],[29.21277,40.89294],[29.21243,40.89326],[29.21259,40.89367],[29.21294,40.8938],[29.21368,40.89374],[29.21405,40.89337],[29.21383,40.89297],[29.2143,40.893],[29.2152,40.89274],[29.21557,40.89206],[29.21712,40.89211],[29.2179,40.89159],[29.21803,40.89083],[29.21881,40.89082],[29.21919,40.89063],[29.21928,40.89029],[29.21903,40.89],[29.21793,40.88995],[29.21799,40.88913],[29.21862,40.88898],[29.21869,40.88849],[29.21823,40.88825],[29.2177,40.88842],[29.21736,40.88834],[29.21709,40.88781],[29.21835,40.88792],[29.21875,40.88815],[29.21919,40.88808],[29.21946,40.88776],[29.21941,40.887],[29.21975,40.88685],[29.21989,40.88657],[29.21978,40.88607],[29.21925,40.88586],[29.21925,40.88531],[29.21888,40.88512],[29.21845,40.88518],[29.21865,40.88468],[29.21821,40.88422],[29.21778,40.88412],[29.21724,40.88448],[29.21677,40.88423],[29.21622,40.88442],[29.21618,40.88489],[29.21647,40.88509],[29.21685,40.88511],[29.21694,40.88539],[29.21672,40.88572],[29.21622,40.88595],[29.21624,40.88641],[29.21538,40.88661],[29.2151,40.88699],[29.21429,40.88722],[29.21394,40.88652],[29.21327,40.88642],[29.21243,40.88671],[29.21212,40.88701],[29.21118,40.88469],[29.21135,40.88446],[29.2113,40.88415],[29.21095,40.88393],[29.21029,40.88394],[29.20994,40.88369],[29.21016,40.88338],[29.21,40.88302],[29.21046,40.88283],[29.21087,40.88335],[29.21153,40.8833],[29.21174,40.88287],[29.21137,40.88247],[29.21244,40.88204],[29.21277,40.8824],[29.21284,40.88287],[29.21347,40.88302],[29.21551,40.88229],[29.21573,40.88209],[29.21576,40.8818],[29.21619,40.88183],[29.2169,40.88153],[29.21711,40.88127],[29.21701,40.88091],[29.21713,40.88084],[29.21762,40.88113],[29.2183,40.88092],[29.21844,40.88063],[29.21828,40.88029],[29.21901,40.87958],[29.21886,40.87907],[29.21846,40.8788],[29.21827,40.87836],[29.21789,40.87826],[29.21749,40.87837],[29.21691,40.87782],[29.21653,40.87771],[29.21561,40.87807],[29.21538,40.87846],[29.21489,40.87862],[29.2142,40.87963],[29.21347,40.87903],[29.21282,40.87912],[29.21268,40.87961],[29.21328,40.88007],[29.21259,40.88064],[29.21228,40.88066],[29.2118,40.88028],[29.2114,40.88033],[29.21111,40.88059],[29.21034,40.88061],[29.21011,40.88037],[29.20972,40.88029],[29.20881,40.8807],[29.20864,40.88105],[29.20869,40.88159],[29.20809,40.8815],[29.20774,40.88116],[29.20723,40.88118],[29.20696,40.88141],[29.20622,40.88161],[29.20602,40.88187],[29.2061,40.88221],[29.20651,40.8824],[29.20666,40.88267],[29.20658,40.88323],[29.20606,40.8832],[29.20561,40.88349],[29.205,40.88334],[29.20456,40.88361],[29.20413,40.88355],[29.20295,40.88394],[29.2024,40.8839],[29.20204,40.88422],[29.20217,40.88461],[29.20173,40.88479],[29.20127,40.8843],[29.20009,40.88432],[29.20036,40.88407],[29.20034,40.88377],[29.19988,40.88349],[29.19974,40.88306],[29.19926,40.88292],[29.19802,40.88306],[29.19695,40.88337],[29.19573,40.88386],[29.19548,40.88416],[29.19468,40.88425],[29.19442,40.8847],[29.19397,40.88458],[29.19347,40.88475],[29.193,40.88523],[29.19283,40.8847],[29.19213,40.88462],[29.19062,40.8857],[29.19042,40.88637],[29.18937,40.88677],[29.18883,40.88674],[29.18846,40.88697],[29.18797,40.88663],[29.18742,40.88666],[29.18712,40.88634],[29.18665,40.88631],[29.18647,40.88589],[29.18587,40.88577],[29.18574,40.88545],[29.18519,40.88516],[29.18337,40.88511],[29.18295,40.88491],[29.18251,40.88501],[29.1823,40.8853],[29.18169,40.88511],[29.18074,40.88525],[29.18037,40.88562],[29.17868,40.8861],[29.17722,40.88714],[29.17704,40.88744],[29.17649,40.8876],[29.1764,40.88807],[29.1757,40.88819],[29.17545,40.88853],[29.1755,40.88883],[29.1751,40.88934],[29.17467,40.88947],[29.17449,40.88985],[29.1741,40.89004],[29.17402,40.8904],[29.17337,40.89077],[29.17263,40.8909],[29.17152,40.89144],[29.17131,40.89171],[29.17092,40.89173],[29.17024,40.89208],[29.16865,40.8933],[29.16724,40.89415],[29.16706,40.89446],[29.16737,40.89486],[29.16725,40.89504],[29.16637,40.89546],[29.16563,40.89551],[29.16505,40.89612],[29.16404,40.89627],[29.16375,40.89678],[29.16048,40.89834],[29.15937,40.89852],[29.15921,40.89875],[29.1592,40.89922],[29.15862,40.89921],[29.1583,40.89961],[29.1587,40.90023],[29.15913,40.9004],[29.15915,40.9007],[29.1595,40.90104],[29.15848,40.90104],[29.15823,40.90132],[29.15831,40.90165],[29.1577,40.9012],[29.1565,40.90138],[29.15615,40.90121],[29.1549,40.90114],[29.15463,40.90136],[29.15462,40.90168],[29.15318,40.90216],[29.15305,40.90249],[29.15323,40.9028],[29.15268,40.90346],[29.15217,40.90368],[29.15202,40.90398],[29.15193,40.90365],[29.15155,40.90346],[29.15057,40.9038],[29.15025,40.90357],[29.15035,40.90317],[29.15001,40.90288],[29.14874,40.90299],[29.14836,40.9034],[29.14873,40.90382],[29.1478,40.90392],[29.14729,40.9044],[29.14682,40.90456],[29.14663,40.90509],[29.14612,40.90528],[29.14602,40.90558],[29.14617,40.90583],[29.14599,40.90624],[29.1466,40.90694],[29.14625,40.90726],[29.14638,40.90764],[29.1459,40.90946],[29.14642,40.90983],[29.14744,40.91119],[29.14745,40.91153],[29.14679,40.91198],[29.14632,40.91194],[29.14597,40.91216],[29.14594,40.91254],[29.14632,40.91281],[29.1462,40.91328],[29.14652,40.91353],[29.14698,40.91353],[29.14875,40.91222],[29.14931,40.91205],[29.14942,40.91223],[29.1493,40.91247],[29.14891,40.91266],[29.14881,40.91298],[29.14719,40.91394],[29.14514,40.91364],[29.14465,40.91335],[29.14421,40.91344],[29.14401,40.9137],[29.14409,40.91404],[29.14441,40.91422],[29.14504,40.91409],[29.1471,40.91441],[29.14761,40.91429],[29.14879,40.91358],[29.14806,40.91441],[29.14711,40.91455],[29.14679,40.91494],[29.146,40.91528],[29.14543,40.91526],[29.14511,40.91561],[29.14521,40.91591],[29.14503,40.91615],[29.14506,40.91641],[29.14538,40.91684],[29.14582,40.91697],[29.14566,40.91742],[29.1461,40.91774],[29.14588,40.91797],[29.1459,40.91827],[29.14658,40.91862],[29.14653,40.91877],[29.14611,40.91877],[29.14575,40.919],[29.14575,40.91943],[29.14625,40.91977],[29.14557,40.91987],[29.14537,40.92034],[29.14565,40.92061],[29.14611,40.92065],[29.14736,40.9217],[29.14695,40.92177],[29.14625,40.92225],[29.146,40.92214],[29.14582,40.92165],[29.14527,40.92157],[29.14498,40.92171],[29.14462,40.92221],[29.1446,40.92192],[29.14439,40.92172],[29.14481,40.92146],[29.14476,40.92103],[29.14433,40.92083],[29.14385,40.92096],[29.14355,40.92077],[29.14338,40.92041],[29.14281,40.92022],[29.14347,40.91996],[29.14409,40.91995],[29.14452,40.91945],[29.14447,40.91895],[29.14324,40.91833],[29.14378,40.9179],[29.14489,40.91771],[29.14512,40.91722],[29.14495,40.9169],[29.14336,40.9165],[29.14272,40.91672],[29.14221,40.91637],[29.14177,40.91647],[29.14153,40.91677],[29.14016,40.91666],[29.14032,40.91642],[29.14066,40.91658],[29.14106,40.91654],[29.14136,40.91623],[29.14121,40.91583],[29.14054,40.91573],[29.14036,40.91549],[29.14086,40.91505],[29.14101,40.91456],[29.14088,40.91427],[29.14048,40.91411],[29.14004,40.91421],[29.13554,40.91263],[29.13487,40.91225],[29.1349,40.91162],[29.13442,40.91134],[29.13348,40.91168],[29.13331,40.91191],[29.13334,40.91217],[29.13283,40.9121],[29.13205,40.91246],[29.13195,40.91271],[29.13207,40.91299],[29.1317,40.91359],[29.13121,40.91382],[29.13124,40.91428],[29.13109,40.9145],[29.1304,40.91453],[29.12982,40.91522],[29.12997,40.91578],[29.1296,40.91597],[29.12938,40.91638],[29.12945,40.91682],[29.12983,40.91703],[29.12989,40.91725],[29.12974,40.91732],[29.12907,40.91709],[29.12862,40.91762],[29.12813,40.91778],[29.12788,40.91858],[29.12726,40.91885],[29.12733,40.91937],[29.12684,40.91903],[29.12626,40.91894],[29.1259,40.91907],[29.12472,40.91881],[29.12427,40.91848],[29.12359,40.91842],[29.12321,40.91861],[29.12314,40.91903],[29.12367,40.91952],[29.12419,40.91953],[29.12456,40.91924],[29.12574,40.9195],[29.12548,40.91997],[29.12552,40.92036],[29.12485,40.92113],[29.12426,40.92123],[29.12405,40.92083],[29.12338,40.92078],[29.12306,40.92033],[29.12251,40.92006],[29.12149,40.91981],[29.12101,40.91993],[29.12084,40.92021],[29.1209,40.92046],[29.12186,40.92103],[29.12002,40.92302],[29.12042,40.92396],[29.12037,40.92448],[29.12105,40.92505],[29.12058,40.92523],[29.12036,40.92559],[29.12049,40.92588],[29.12086,40.92604],[29.12068,40.92697],[29.12088,40.92744],[29.12067,40.92768],[29.11965,40.92789],[29.11876,40.92839],[29.11863,40.92877],[29.11916,40.92917],[29.11909,40.92949],[29.1189,40.92971],[29.11842,40.92955],[29.118,40.92968],[29.11783,40.92991],[29.11779,40.93059],[29.11726,40.93058],[29.11673,40.93084],[29.11662,40.93181],[29.11542,40.93232],[29.11533,40.93307],[29.11562,40.93327],[29.11611,40.93331],[29.11545,40.93372],[29.11536,40.93423],[29.11566,40.93455],[29.11486,40.93534],[29.11427,40.93553],[29.11424,40.936],[29.11347,40.93694],[29.11269,40.93686],[29.11207,40.93749],[29.11182,40.9371],[29.11126,40.93706],[29.11094,40.9373],[29.11082,40.93777],[29.11022,40.93749],[29.109,40.93794],[29.10812,40.93794],[29.10779,40.93818],[29.10781,40.93856],[29.10757,40.93886],[29.10727,40.9384],[29.10657,40.93848],[29.10613,40.9399],[29.10665,40.94042],[29.1065,40.94067],[29.10659,40.94097],[29.10697,40.94116],[29.10729,40.9416],[29.10766,40.94171],[29.10698,40.9425],[29.10604,40.94289],[29.10581,40.94325],[29.10535,40.94327],[29.10504,40.94359],[29.10455,40.94358],[29.10421,40.94385],[29.10397,40.94377],[29.10474,40.9432],[29.10561,40.94313],[29.10575,40.94264],[29.10543,40.9424],[29.10492,40.94241],[29.10328,40.94369],[29.10292,40.94249],[29.1031,40.94202],[29.10287,40.94178],[29.10248,40.9417],[29.10229,40.94103],[29.10232,40.93967],[29.10261,40.93944],[29.10263,40.93914],[29.10224,40.93883],[29.10165,40.93894],[29.10147,40.93926],[29.10173,40.93963],[29.10169,40.94108],[29.10259,40.94398],[29.10244,40.94427],[29.1025,40.94452],[29.10187,40.94479],[29.10148,40.94518],[29.10138,40.94548],[29.10007,40.94698],[29.10008,40.94742],[29.09988,40.94768],[29.09933,40.94791],[29.09929,40.94828],[29.09899,40.94856],[29.09848,40.94868],[29.09813,40.94902],[29.0981,40.94931],[29.09736,40.94985],[29.09688,40.94991],[29.09567,40.95076],[29.0955,40.9511],[29.09506,40.95137],[29.0949,40.95175],[29.09468,40.95125],[29.09405,40.95105],[29.09344,40.95132],[29.09342,40.95163],[29.09364,40.95192],[29.09337,40.95225],[29.09258,40.95198],[29.09196,40.95216],[29.09201,40.95191],[29.09174,40.95169],[29.09102,40.95177],[29.09053,40.95141],[29.09003,40.95139],[29.0893,40.95205],[29.08921,40.95251],[29.08936,40.95332],[29.0888,40.95354],[29.08868,40.95413],[29.08771,40.95483],[29.08706,40.95499],[29.08659,40.95491],[29.08623,40.95508],[29.08582,40.95484],[29.08529,40.95495],[29.08424,40.95471],[29.08411,40.95442],[29.08382,40.95427],[29.08208,40.95429],[29.08183,40.954],[29.08138,40.95393],[29.081,40.95412],[29.08059,40.95485],[29.07863,40.95596],[29.07803,40.95602],[29.07738,40.95666],[29.07671,40.95704],[29.07617,40.9572],[29.07575,40.95696],[29.07521,40.95708],[29.075,40.95759],[29.07531,40.95795],[29.07489,40.95827],[29.07515,40.95863],[29.07486,40.95877],[29.07472,40.95906],[29.07503,40.95946],[29.07463,40.9599],[29.07476,40.96019],[29.07516,40.96043],[29.07431,40.96037],[29.07401,40.96057],[29.07394,40.96083],[29.07425,40.96125],[29.07461,40.96141],[29.07474,40.96171],[29.07508,40.96187],[29.07525,40.96221],[29.07574,40.96234],[29.0757,40.96258],[29.07496,40.96303],[29.07452,40.96259],[29.07392,40.96266],[29.07371,40.96309],[29.07416,40.96352],[29.07359,40.96366],[29.07333,40.96395],[29.07316,40.96393],[29.07277,40.96344],[29.07282,40.96309],[29.07248,40.9628],[29.07188,40.96287],[29.07155,40.9634],[29.07112,40.96323],[29.07112,40.9629],[29.0708,40.96265],[29.07034,40.96265],[29.07004,40.96285],[29.07007,40.96331],[29.07081,40.96366],[29.07074,40.96393],[29.07007,40.96406],[29.06995,40.96447],[29.07081,40.96509],[29.07011,40.96555],[29.06987,40.9651],[29.06932,40.96501],[29.069,40.96519],[29.0689,40.96548],[29.06933,40.96587],[29.06949,40.96642],[29.06994,40.96662],[29.07056,40.96762],[29.0701,40.96785],[29.07007,40.96823],[29.06943,40.96848],[29.06913,40.96819],[29.06919,40.9679],[29.06903,40.96766],[29.06867,40.96753],[29.06823,40.96763],[29.06804,40.96811],[29.06827,40.96835],[29.06863,40.96843],[29.06888,40.96872],[29.06882,40.96894],[29.06822,40.96896],[29.0679,40.96937],[29.06733,40.96937],[29.06701,40.96972],[29.06714,40.97005],[29.06765,40.97022],[29.06837,40.97102],[29.0683,40.97125],[29.068,40.97121],[29.06791,40.97073],[29.06745,40.97049],[29.06702,40.97058],[29.0668,40.97089],[29.06696,40.97125],[29.06751,40.97146],[29.06758,40.97194],[29.06806,40.9721],[29.06816,40.97258],[29.06654,40.97333],[29.06607,40.97261],[29.0651,40.97248],[29.06494,40.97218],[29.06429,40.97187],[29.06421,40.9714],[29.06381,40.97124],[29.06337,40.97133],[29.06316,40.97174],[29.06222,40.97227],[29.06183,40.97217],[29.06175,40.97169],[29.06121,40.97152],[29.06096,40.9709],[29.06035,40.97064],[29.05991,40.97083],[29.05984,40.97124],[29.05915,40.97159],[29.05873,40.97157],[29.05789,40.97184],[29.05763,40.97215],[29.0566,40.97253],[29.05633,40.97289],[29.05585,40.97312],[29.05563,40.9731],[29.05494,40.97236],[29.05499,40.97207],[29.05483,40.97184],[29.05447,40.97171],[29.05408,40.97178],[29.05384,40.97202],[29.05384,40.97228],[29.05407,40.97253],[29.05444,40.9726],[29.05515,40.97337],[29.05484,40.9736],[29.05462,40.97308],[29.05414,40.97287],[29.05394,40.97247],[29.05348,40.97237],[29.05327,40.97184],[29.05298,40.97164],[29.05233,40.97173],[29.05208,40.97235],[29.05151,40.97246],[29.05142,40.97202],[29.0509,40.97186],[29.05054,40.97198],[29.05036,40.97234],[29.04992,40.97257],[29.0496,40.97253],[29.04901,40.97192],[29.04901,40.97153],[29.04881,40.97127],[29.04815,40.97121],[29.04766,40.97176],[29.04735,40.97167],[29.04733,40.97111],[29.04696,40.97085],[29.04651,40.97088],[29.0462,40.97117],[29.04558,40.97114],[29.04527,40.97147],[29.04486,40.9716],[29.04463,40.97152],[29.04432,40.97073],[29.04451,40.97049],[29.04445,40.97019],[29.04411,40.96996],[29.04361,40.97001],[29.04329,40.97045],[29.04375,40.97084],[29.04406,40.97164],[29.0439,40.97194],[29.04244,40.97224],[29.04204,40.97278],[29.04206,40.97309],[29.04164,40.97299],[29.04123,40.97315],[29.04112,40.97357],[29.04149,40.97386],[29.04169,40.97441],[29.04131,40.97445],[29.04104,40.97467],[29.04047,40.97461],[29.04011,40.97497],[29.03948,40.97513],[29.03926,40.97543],[29.03938,40.97575],[29.03903,40.97611],[29.03906,40.97637],[29.03949,40.97669],[29.03963,40.97714],[29.04046,40.97727],[29.04016,40.97765],[29.03974,40.97766],[29.03942,40.9779],[29.03941,40.97824],[29.03971,40.97848],[29.03963,40.97885],[29.03922,40.97912],[29.0392,40.97942],[29.03976,40.97974],[29.03975,40.98008],[29.04002,40.98031],[29.04047,40.98035],[29.04101,40.9801],[29.04123,40.98024],[29.04097,40.98074],[29.04103,40.98125],[29.04077,40.98158],[29.04016,40.98149],[29.0398,40.98162],[29.03962,40.98189],[29.03972,40.98219],[29.0392,40.98216],[29.03831,40.9825],[29.03821,40.98296],[29.03877,40.98327],[29.03822,40.98362],[29.03808,40.98392],[29.03761,40.98408],[29.03751,40.98451],[29.03692,40.98423],[29.03661,40.98381],[29.03591,40.98388],[29.03566,40.98475],[29.03598,40.98516],[29.03586,40.98527],[29.03532,40.98505],[29.03505,40.98471],[29.03456,40.98464],[29.03452,40.98426],[29.03421,40.98402],[29.0345,40.98375],[29.03446,40.98341],[29.03417,40.9832],[29.03361,40.98317],[29.03346,40.98285],[29.03408,40.98288],[29.03427,40.9822],[29.03383,40.98185],[29.03377,40.98155],[29.03299,40.98069],[29.03227,40.98025],[29.03074,40.97994],[29.02977,40.9794],[29.02848,40.9794],[29.02778,40.97909],[29.02721,40.97945],[29.02672,40.97955],[29.02619,40.97949],[29.02579,40.97964],[29.02514,40.97943],[29.0247,40.97956],[29.0243,40.9794],[29.02399,40.97905],[29.02201,40.97839],[29.02146,40.97888],[29.02081,40.97906],[29.02049,40.97934],[29.02039,40.97964],[29.02056,40.97992],[29.02011,40.98052],[29.01966,40.98065],[29.01948,40.98097]],[[29.07208,41.02464],[29.07242,41.02438],[29.07252,41.02446],[29.07255,41.02466],[29.07212,41.02497],[29.07213,41.02527],[29.07245,41.02552],[29.07293,41.02551],[29.07276,41.02578],[29.07283,41.02603],[29.07345,41.02627],[29.0735,41.02643],[29.07185,41.02654],[29.0719,41.02613],[29.07148,41.02579],[29.07208,41.02464]],[[29.07372,41.02454],[29.07454,41.02432],[29.07467,41.02396],[29.07512,41.02373],[29.07516,41.02336],[29.07537,41.02311],[29.07616,41.02315],[29.07653,41.02301],[29.07743,41.02343],[29.07645,41.02327],[29.07588,41.02338],[29.07519,41.02395],[29.07508,41.0242],[29.07524,41.0245],[29.0752,41.02491],[29.07504,41.02521],[29.07515,41.02548],[29.0749,41.02605],[29.07445,41.02542],[29.07439,41.02501],[29.07384,41.02481],[29.07372,41.02454]],[[29.08837,41.01722],[29.08721,41.01707],[29.08815,41.017],[29.08835,41.01652],[29.08801,41.01623],[29.08732,41.01636],[29.08712,41.01617],[29.08733,41.01576],[29.08726,41.0155],[29.08758,41.01522],[29.08756,41.01492],[29.0873,41.01469],[29.08611,41.01434],[29.08679,41.01359],[29.0868,41.01324],[29.08653,41.01302],[29.08609,41.01298],[29.08596,41.0125],[29.08475,41.01189],[29.08511,41.01171],[29.0852,41.01137],[29.0849,41.01106],[29.08408,41.01095],[29.08448,41.01047],[29.08433,41.00997],[29.08399,41.00974],[29.08321,41.0097],[29.08361,41.00922],[29.08354,41.00884],[29.08322,41.00865],[29.08269,41.00872],[29.08129,41.0083],[29.08126,41.00802],[29.08099,41.00779],[29.07991,41.00772],[29.07916,41.00742],[29.07873,41.00701],[29.07787,41.00694],[29.0777,41.00665],[29.07734,41.00652],[29.07679,41.00671],[29.07643,41.00657],[29.07599,41.00667],[29.07568,41.00693],[29.07562,41.00721],[29.07474,41.00773],[29.07443,41.00812],[29.07479,41.00761],[29.07467,41.00723],[29.07379,41.007],[29.0734,41.0067],[29.0729,41.00675],[29.07263,41.00708],[29.07279,41.00744],[29.07251,41.00761],[29.07241,41.0079],[29.07187,41.00799],[29.07164,41.00868],[29.072,41.00905],[29.0724,41.00907],[29.07275,41.00887],[29.07292,41.00917],[29.07335,41.00931],[29.07339,41.00957],[29.07312,41.01003],[29.07108,41.00956],[29.07131,41.00932],[29.0713,41.00902],[29.07103,41.00879],[29.07064,41.00874],[29.07018,41.00905],[29.07034,41.00952],[29.06984,41.00942],[29.0694,41.00968],[29.06942,41.01007],[29.06977,41.01029],[29.06927,41.01034],[29.06898,41.0106],[29.06899,41.0109],[29.06932,41.01129],[29.06835,41.01075],[29.06768,41.01093],[29.06751,41.01148],[29.06767,41.01213],[29.0672,41.01233],[29.06712,41.01271],[29.06776,41.01323],[29.06892,41.01314],[29.06906,41.01375],[29.06937,41.014],[29.0694,41.01466],[29.06927,41.01474],[29.0689,41.01448],[29.06756,41.01411],[29.06761,41.01345],[29.06736,41.01317],[29.06692,41.0131],[29.0661,41.01336],[29.06549,41.01314],[29.06548,41.01274],[29.06502,41.0125],[29.0645,41.01266],[29.06437,41.01304],[29.06388,41.01327],[29.06377,41.01364],[29.06398,41.01403],[29.06454,41.01412],[29.0647,41.0144],[29.0646,41.01457],[29.06335,41.01449],[29.06269,41.01402],[29.06287,41.01383],[29.06346,41.01368],[29.0636,41.01339],[29.06348,41.01312],[29.06394,41.01299],[29.06448,41.01238],[29.06428,41.01194],[29.06345,41.01177],[29.06335,41.01141],[29.06345,41.01114],[29.06363,41.01116],[29.06366,41.01161],[29.06398,41.01179],[29.06444,41.01176],[29.06474,41.01145],[29.06463,41.01108],[29.06389,41.01073],[29.06367,41.01035],[29.06371,41.00944],[29.06438,41.00911],[29.06456,41.00883],[29.06443,41.0085],[29.06397,41.00833],[29.06359,41.00843],[29.06313,41.00881],[29.06308,41.01028],[29.0627,41.01065],[29.06288,41.01102],[29.0628,41.01123],[29.06238,41.01142],[29.06229,41.01176],[29.06194,41.01204],[29.06195,41.01234],[29.06164,41.01248],[29.0615,41.01275],[29.06013,41.0134],[29.0594,41.01348],[29.05844,41.01396],[29.05751,41.01467],[29.05622,41.01444],[29.05678,41.01404],[29.05721,41.01424],[29.05765,41.01415],[29.05815,41.01316],[29.05892,41.01332],[29.05935,41.01312],[29.05978,41.01262],[29.05974,41.01228],[29.05933,41.01204],[29.05876,41.01215],[29.06004,41.01047],[29.05969,41.00985],[29.05924,41.00978],[29.05904,41.0099],[29.05886,41.01042],[29.05907,41.01093],[29.05865,41.01149],[29.05813,41.01102],[29.05765,41.01085],[29.05791,41.01017],[29.05772,41.00929],[29.05795,41.00909],[29.05797,41.00879],[29.05769,41.00852],[29.05726,41.00848],[29.0573,41.00782],[29.05631,41.00721],[29.05625,41.00693],[29.056,41.00674],[29.05688,41.00698],[29.057,41.00737],[29.05751,41.00754],[29.05787,41.00741],[29.05817,41.00701],[29.06021,41.00667],[29.0604,41.00645],[29.06003,41.00577],[29.06008,41.00529],[29.0596,41.00505],[29.05899,41.00427],[29.05885,41.00371],[29.05836,41.00335],[29.05854,41.00289],[29.05802,41.00234],[29.05796,41.00195],[29.05718,41.00144],[29.05688,41.00063],[29.05614,41.00054],[29.05583,41.00028],[29.05659,41.00032],[29.05695,40.99999],[29.0577,40.99978],[29.05821,40.99986],[29.05832,41.00028],[29.05822,41.00068],[29.05878,41.00151],[29.0587,41.00195],[29.05919,41.00223],[29.05971,41.00289],[29.06001,41.0036],[29.05999,41.00396],[29.06047,41.00424],[29.06062,41.00477],[29.06111,41.00517],[29.06176,41.00518],[29.06222,41.00555],[29.06292,41.00548],[29.0638,41.00629],[29.06396,41.0067],[29.06455,41.00682],[29.06487,41.00664],[29.06497,41.00634],[29.06541,41.0063],[29.06584,41.00587],[29.06612,41.00607],[29.06689,41.00617],[29.06726,41.00604],[29.06753,41.00566],[29.06833,41.00567],[29.06857,41.00543],[29.06855,41.00512],[29.06892,41.00483],[29.06886,41.00429],[29.06898,41.00411],[29.06957,41.00399],[29.0701,41.00411],[29.07048,41.00392],[29.07052,41.00346],[29.06964,41.00255],[29.06991,41.0022],[29.07066,41.0021],[29.07096,41.0019],[29.07101,41.00156],[29.07068,41.00127],[29.0713,41.00041],[29.07126,41.00006],[29.07168,40.99987],[29.07177,40.99955],[29.0728,40.99981],[29.07295,40.99998],[29.07283,41.00033],[29.07244,41.00059],[29.07251,41.00103],[29.07212,41.00145],[29.07233,41.0018],[29.07295,41.00203],[29.07347,41.00187],[29.07367,41.00159],[29.07363,41.00132],[29.074,41.00103],[29.07439,40.99972],[29.0741,40.99927],[29.07457,40.99936],[29.07495,40.99917],[29.07645,41.00018],[29.07685,41.00014],[29.07712,40.99991],[29.07797,41.00007],[29.07841,40.99987],[29.07851,40.99962],[29.07836,40.99931],[29.07842,40.99856],[29.07821,40.99825],[29.07855,40.99802],[29.0793,40.99812],[29.07974,40.99792],[29.07989,40.99714],[29.08034,40.99678],[29.08031,40.9954],[29.08063,40.99522],[29.08073,40.99495],[29.08137,40.99511],[29.08212,40.9946],[29.08225,40.99427],[29.08202,40.99381],[29.08244,40.99368],[29.08262,40.99336],[29.08223,40.99294],[29.08223,40.99253],[29.08178,40.99219],[29.08182,40.99186],[29.08159,40.99162],[29.07938,40.99166],[29.07865,40.99133],[29.07884,40.99064],[29.07876,40.99036],[29.07955,40.99043],[29.08016,40.98997],[29.08032,40.99024],[29.08068,40.99037],[29.08279,40.99019],[29.08316,40.99031],[29.08361,40.99089],[29.08411,40.99092],[29.08558,40.9915],[29.08577,40.99174],[29.0869,40.9923],[29.08864,40.99241],[29.08951,40.99334],[29.08995,40.99341],[29.09036,40.99319],[29.09059,40.99357],[29.09099,40.99374],[29.09228,40.99357],[29.09246,40.99325],[29.09229,40.99294],[29.09318,40.99224],[29.09386,40.99244],[29.09427,40.9921],[29.09525,40.99201],[29.09551,40.9916],[29.09666,40.99155],[29.0969,40.99131],[29.09688,40.99101],[29.09619,40.99065],[29.09624,40.99018],[29.09642,40.98997],[29.09693,40.9902],[29.09743,40.99011],[29.09765,40.98972],[29.09737,40.98938],[29.09793,40.98902],[29.09806,40.9893],[29.0984,40.98946],[29.09934,40.98925],[29.09953,40.98904],[29.09952,40.98873],[29.09892,40.98839],[29.09958,40.98855],[29.10001,40.98845],[29.10054,40.98736],[29.10032,40.98688],[29.09955,40.98626],[29.09987,40.98611],[29.10001,40.98583],[29.09988,40.98554],[29.09954,40.98538],[29.09958,40.98515],[29.10005,40.98508],[29.10031,40.9848],[29.10012,40.98429],[29.10038,40.98401],[29.10026,40.98363],[29.09913,40.98336],[29.09837,40.98361],[29.09793,40.98326],[29.09786,40.98288],[29.09701,40.98208],[29.09603,40.98198],[29.09538,40.98216],[29.09536,40.98167],[29.09582,40.98164],[29.09611,40.98138],[29.0961,40.98107],[29.09579,40.98083],[29.09578,40.98038],[29.09622,40.97949],[29.09708,40.9783],[29.09711,40.97762],[29.09795,40.97746],[29.09741,40.97831],[29.09703,40.97859],[29.09693,40.97911],[29.09672,40.97938],[29.09644,40.98034],[29.09677,40.981],[29.09807,40.98178],[29.09937,40.9814],[29.10006,40.98156],[29.10024,40.98183],[29.1018,40.9824],[29.10194,40.98281],[29.1024,40.98298],[29.1029,40.98279],[29.1032,40.98217],[29.10277,40.98149],[29.10365,40.98106],[29.1039,40.9811],[29.10395,40.98142],[29.10436,40.98182],[29.10431,40.98222],[29.1046,40.98245],[29.10446,40.98274],[29.10456,40.98299],[29.10494,40.98318],[29.1055,40.98311],[29.10575,40.98387],[29.10543,40.98431],[29.10573,40.98524],[29.10622,40.98544],[29.10677,40.98517],[29.10704,40.98526],[29.10816,40.98611],[29.10856,40.98609],[29.10911,40.98579],[29.10948,40.98631],[29.11003,40.98639],[29.11071,40.98596],[29.11095,40.98556],[29.11118,40.9858],[29.11194,40.9861],[29.11244,40.98604],[29.11291,40.98629],[29.11377,40.98618],[29.11394,40.98646],[29.11424,40.98658],[29.11469,40.98652],[29.11494,40.98626],[29.1154,40.98649],[29.11645,40.98653],[29.11684,40.98638],[29.11773,40.98651],[29.11817,40.98625],[29.11815,40.98587],[29.1184,40.98546],[29.11823,40.98519],[29.11756,40.98479],[29.11818,40.98473],[29.11924,40.9849],[29.11946,40.98512],[29.11985,40.9852],[29.12029,40.985],[29.12036,40.9846],[29.12066,40.98456],[29.12098,40.98466],[29.1212,40.98504],[29.12071,40.98552],[29.12082,40.98594],[29.1215,40.98608],[29.12162,40.98642],[29.12207,40.98666],[29.12266,40.98669],[29.12337,40.98736],[29.12443,40.98729],[29.12479,40.98706],[29.12545,40.98724],[29.12737,40.98648],[29.12809,40.98642],[29.12826,40.98673],[29.12766,40.98678],[29.12708,40.9872],[29.12707,40.98746],[29.12738,40.98791],[29.12697,40.98801],[29.12643,40.98844],[29.12662,40.98892],[29.12726,40.98898],[29.12665,40.98936],[29.12666,40.98966],[29.12688,40.98986],[29.12726,40.98994],[29.1277,40.98975],[29.12857,40.98972],[29.12859,40.99003],[29.12889,40.99028],[29.12906,40.99077],[29.12974,40.9909],[29.13012,40.99049],[29.12971,40.98999],[29.13009,40.98955],[29.1297,40.98901],[29.13037,40.98882],[29.13039,40.9891],[29.13086,40.98963],[29.1309,40.99048],[29.13169,40.99109],[29.13235,40.99109],[29.1328,40.99056],[29.1331,40.99091],[29.1336,40.99093],[29.13372,40.99124],[29.13404,40.99142],[29.13554,40.99124],[29.13616,40.99153],[29.13609,40.9921],[29.13633,40.99239],[29.13689,40.99243],[29.13725,40.99212],[29.13765,40.99202],[29.13782,40.99244],[29.13834,40.99261],[29.13855,40.99298],[29.13895,40.99314],[29.13943,40.99302],[29.1396,40.99261],[29.13935,40.99232],[29.13886,40.99226],[29.13863,40.9918],[29.13899,40.99159],[29.13948,40.99095],[29.14101,40.99082],[29.1412,40.99144],[29.14203,40.99167],[29.1425,40.99144],[29.14252,40.99104],[29.14312,40.99116],[29.14451,40.99053],[29.1453,40.99067],[29.14564,40.99052],[29.14578,40.99024],[29.1459,40.99032],[29.14585,40.99073],[29.14492,40.99182],[29.14342,40.99195],[29.14305,40.99218],[29.14244,40.99207],[29.14209,40.99222],[29.14196,40.99259],[29.14231,40.99305],[29.14232,40.99341],[29.14201,40.99359],[29.14191,40.99388],[29.14265,40.99469],[29.14331,40.99474],[29.14374,40.99502],[29.14438,40.9948],[29.14444,40.9945],[29.14425,40.99424],[29.14464,40.99441],[29.1446,40.9948],[29.14497,40.99507],[29.14581,40.99491],[29.14619,40.99453],[29.14653,40.99492],[29.14721,40.99473],[29.14768,40.99497],[29.1476,40.99516],[29.14678,40.99527],[29.14644,40.99552],[29.14552,40.99543],[29.1443,40.99578],[29.14403,40.996],[29.14399,40.99626],[29.14486,40.99692],[29.14502,40.99731],[29.14538,40.99744],[29.14582,40.99735],[29.14604,40.997],[29.14726,40.99655],[29.14732,40.99684],[29.14759,40.99704],[29.14764,40.99733],[29.14881,40.99893],[29.14766,40.99943],[29.14717,40.99938],[29.14679,40.99957],[29.14671,40.99995],[29.14737,41.00089],[29.14603,41.00121],[29.14592,41.00163],[29.14658,41.00244],[29.14599,41.00267],[29.1454,41.00265],[29.1451,41.00296],[29.14518,41.0033],[29.14556,41.00349],[29.146,41.00343],[29.14627,41.00307],[29.14686,41.00283],[29.14693,41.00313],[29.14718,41.00333],[29.14655,41.00361],[29.14601,41.00357],[29.14571,41.00377],[29.14568,41.00416],[29.14663,41.00536],[29.14558,41.00548],[29.14522,41.0058],[29.14528,41.0061],[29.1459,41.00672],[29.14665,41.00685],[29.14638,41.00718],[29.14652,41.00758],[29.14597,41.00765],[29.14567,41.00796],[29.14572,41.00826],[29.14598,41.00845],[29.146,41.0088],[29.14441,41.00878],[29.14403,41.00892],[29.14379,41.00866],[29.1434,41.00859],[29.14304,41.00871],[29.14281,41.00904],[29.1425,41.00876],[29.1421,41.00796],[29.14152,41.0078],[29.14114,41.00799],[29.14108,41.00841],[29.14082,41.00866],[29.14025,41.00869],[29.13993,41.00905],[29.13931,41.00854],[29.13881,41.00848],[29.13848,41.00865],[29.13838,41.00894],[29.13776,41.00899],[29.13749,41.00941],[29.13641,41.00997],[29.1363,41.00963],[29.13599,41.00942],[29.13596,41.00906],[29.13558,41.00883],[29.13551,41.00847],[29.13484,41.00828],[29.13452,41.00846],[29.13442,41.00877],[29.13285,41.00967],[29.13245,41.00965],[29.13212,41.00983],[29.13206,41.01025],[29.13253,41.0106],[29.13216,41.01068],[29.13145,41.01115],[29.13139,41.01145],[29.13163,41.01173],[29.13003,41.01232],[29.1299,41.01203],[29.12956,41.01187],[29.12839,41.012],[29.1286,41.01167],[29.12855,41.01137],[29.12826,41.01116],[29.1278,41.01116],[29.12743,41.01157],[29.1278,41.01205],[29.12662,41.01218],[29.1264,41.01248],[29.12653,41.01289],[29.1258,41.01295],[29.12545,41.01278],[29.12459,41.01278],[29.12413,41.01294],[29.12399,41.01327],[29.12423,41.01425],[29.12375,41.01382],[29.12367,41.01347],[29.1233,41.01327],[29.12272,41.01342],[29.12262,41.01389],[29.12211,41.01361],[29.12157,41.01378],[29.12166,41.01336],[29.12125,41.01297],[29.12137,41.01245],[29.12092,41.01214],[29.12028,41.01237],[29.12026,41.013],[29.11976,41.01279],[29.11936,41.01283],[29.11926,41.01255],[29.119,41.01238],[29.11844,41.01242],[29.11757,41.01339],[29.11751,41.01371],[29.11724,41.01382],[29.11619,41.0129],[29.1157,41.0128],[29.11532,41.01299],[29.11525,41.01338],[29.11478,41.0139],[29.11419,41.01376],[29.11323,41.01404],[29.11287,41.01362],[29.11222,41.01371],[29.11205,41.01412],[29.11241,41.01465],[29.11222,41.01486],[29.11138,41.01512],[29.11116,41.01543],[29.11133,41.01579],[29.11176,41.01594],[29.11077,41.01643],[29.11056,41.01672],[29.11036,41.01675],[29.11018,41.01634],[29.10965,41.01614],[29.10942,41.01575],[29.10883,41.01568],[29.10844,41.01538],[29.10769,41.0155],[29.10726,41.01607],[29.10627,41.01562],[29.10565,41.01579],[29.10552,41.01599],[29.10548,41.01555],[29.10521,41.01533],[29.1046,41.01535],[29.10433,41.01575],[29.10401,41.0152],[29.10347,41.01507],[29.10309,41.01526],[29.10301,41.01563],[29.10261,41.01554],[29.10224,41.01567],[29.1018,41.01625],[29.10205,41.01672],[29.1029,41.01674],[29.10304,41.01692],[29.10247,41.01707],[29.10223,41.0173],[29.1019,41.01702],[29.10139,41.01704],[29.1011,41.0173],[29.10108,41.01785],[29.10097,41.0179],[29.10061,41.01754],[29.10016,41.01753],[29.09981,41.01782],[29.09982,41.01823],[29.0994,41.01834],[29.09951,41.01775],[29.09981,41.01745],[29.09969,41.01708],[29.09875,41.01647],[29.09741,41.01684],[29.09708,41.01618],[29.09664,41.01598],[29.09621,41.01607],[29.09599,41.01638],[29.09647,41.0175],[29.09619,41.01765],[29.09573,41.01736],[29.09518,41.01744],[29.09496,41.01778],[29.09517,41.01813],[29.09511,41.01838],[29.09399,41.01816],[29.09355,41.01826],[29.09293,41.01805],[29.09229,41.01842],[29.09121,41.01867],[29.09067,41.01901],[29.09005,41.01886],[29.08997,41.01851],[29.08914,41.01787],[29.08851,41.01785],[29.08862,41.0175],[29.08837,41.01722]],[[29.08925,40.97655],[29.08922,40.97652],[29.0893,40.97654],[29.08925,40.97655]],[[29.08871,40.97593],[29.08826,40.97596],[29.08755,40.97634],[29.08741,40.97662],[29.08756,40.97692],[29.08691,40.97665],[29.086,40.97702],[29.08531,40.97645],[29.08528,40.97621],[29.08543,40.97607],[29.08621,40.97656],[29.08666,40.97646],[29.08691,40.97617],[29.08683,40.97584],[29.0863,40.97539],[29.08656,40.97489],[29.08633,40.97454],[29.0869,40.97438],[29.08701,40.97397],[29.08678,40.97372],[29.08621,40.97368],[29.08599,40.97345],[29.08638,40.97309],[29.08681,40.97316],[29.08698,40.97344],[29.08734,40.97357],[29.08778,40.97347],[29.08812,40.97312],[29.08849,40.97321],[29.08868,40.97374],[29.08924,40.97408],[29.08907,40.97435],[29.08913,40.9746],[29.08962,40.97485],[29.08986,40.97522],[29.08871,40.97593]],[[29.10772,40.95567],[29.10763,40.95504],[29.10719,40.95455],[29.10803,40.95381],[29.10797,40.95351],[29.10765,40.95322],[29.10901,40.95286],[29.10878,40.95336],[29.10919,40.95371],[29.10991,40.95368],[29.11075,40.95397],[29.11115,40.95381],[29.11129,40.95347],[29.11181,40.95351],[29.11186,40.95393],[29.1124,40.95422],[29.11157,40.95434],[29.11143,40.95463],[29.11156,40.95491],[29.11202,40.95508],[29.1125,40.9549],[29.11286,40.95533],[29.11361,40.95528],[29.11352,40.9555],[29.11314,40.95559],[29.11268,40.95598],[29.11264,40.95624],[29.11286,40.95659],[29.11241,40.95637],[29.11119,40.95632],[29.11057,40.95646],[29.11052,40.95598],[29.10955,40.95539],[29.10865,40.95531],[29.10772,40.95567]],[[29.02452,41.02106],[29.02454,41.02129],[29.02403,41.02094],[29.02431,41.0209],[29.02452,41.02106]],[[29.02278,41.01997],[29.02283,41.01995],[29.02281,41.02001],[29.02278,41.01997]],[[29.02307,41.01967],[29.0231,41.01967],[29.02306,41.01969],[29.02307,41.01967]],[[29.02451,41.03231],[29.02337,41.03177],[29.02474,41.03191],[29.02504,41.03164],[29.02501,41.03132],[29.02565,41.03104],[29.02631,41.03177],[29.02583,41.03169],[29.02501,41.03188],[29.02451,41.03231]],[[29.02277,41.03163],[29.02146,41.03137],[29.02141,41.03087],[29.02183,41.03042],[29.02152,41.03002],[29.02155,41.02949],[29.02194,41.02905],[29.02336,41.02878],[29.02348,41.02886],[29.02337,41.02921],[29.02298,41.02931],[29.02277,41.02961],[29.02315,41.03022],[29.02262,41.03038],[29.02241,41.03064],[29.02242,41.03109],[29.02277,41.03163]],[[29.07297,40.97986],[29.07331,40.9796],[29.07402,40.97963],[29.07447,40.97918],[29.0752,40.97965],[29.0749,40.98008],[29.07511,40.98048],[29.07564,40.98072],[29.07662,40.98075],[29.07697,40.98106],[29.07801,40.98126],[29.07851,40.98106],[29.07861,40.98081],[29.0785,40.98055],[29.07882,40.98032],[29.07923,40.9805],[29.08021,40.98041],[29.08056,40.98025],[29.08069,40.98001],[29.08116,40.97995],[29.08141,40.98014],[29.08117,40.9805],[29.0814,40.98086],[29.08029,40.98065],[29.07976,40.98089],[29.07969,40.98114],[29.07984,40.98145],[29.07941,40.98158],[29.07923,40.98194],[29.07945,40.9824],[29.07978,40.98259],[29.07985,40.98297],[29.08027,40.98316],[29.08012,40.98346],[29.08022,40.98372],[29.08,40.98403],[29.08012,40.98436],[29.07985,40.98444],[29.07913,40.98406],[29.0779,40.98421],[29.07737,40.98497],[29.0774,40.98523],[29.07766,40.98547],[29.07748,40.98612],[29.07707,40.98641],[29.07665,40.98646],[29.07671,40.98598],[29.0761,40.98573],[29.07564,40.98589],[29.07551,40.98613],[29.07559,40.98642],[29.07531,40.98645],[29.07483,40.98585],[29.07405,40.98572],[29.07395,40.98525],[29.07348,40.98494],[29.07283,40.98516],[29.07278,40.9855],[29.07309,40.98583],[29.07265,40.98616],[29.07204,40.98596],[29.07173,40.98556],[29.07183,40.9851],[29.07146,40.98484],[29.07095,40.98489],[29.07069,40.98522],[29.07078,40.98552],[29.07136,40.98597],[29.07073,40.98565],[29.07003,40.98555],[29.06989,40.98527],[29.06955,40.9851],[29.06999,40.98502],[29.07023,40.98477],[29.07131,40.98478],[29.07192,40.9844],[29.07202,40.98415],[29.0719,40.98388],[29.07237,40.98357],[29.07233,40.98323],[29.07192,40.98269],[29.07151,40.98255],[29.07151,40.98229],[29.07284,40.98212],[29.07305,40.98169],[29.07253,40.98133],[29.07258,40.98117],[29.07323,40.98122],[29.07377,40.98093],[29.07373,40.98047],[29.07343,40.98018],[29.07292,40.98015],[29.07255,40.98046],[29.07183,40.98022],[29.07171,40.98004],[29.07189,40.97988],[29.07229,40.98],[29.07297,40.97986]],[[29.08291,40.97929],[29.08247,40.97893],[29.08204,40.97888],[29.08163,40.97855],[29.08165,40.97832],[29.08181,40.97817],[29.08232,40.9788],[29.0833,40.97911],[29.08291,40.97929]],[[29.08381,40.97833],[29.0842,40.97837],[29.08419,40.97844],[29.08384,40.97838],[29.08381,40.97833]],[[29.08473,40.97793],[29.0846,40.9776],[29.08419,40.97743],[29.08499,40.97739],[29.08508,40.97758],[29.0849,40.97793],[29.08473,40.97793]],[[29.10467,40.95714],[29.10494,40.95667],[29.10597,40.95743],[29.10559,40.9575],[29.10467,40.95714]],[[29.0488,40.98675],[29.04922,40.9866],[29.04929,40.98663],[29.04883,40.98704],[29.04872,40.98696],[29.0488,40.98675]],[[29.04978,40.98664],[29.05036,40.98608],[29.05082,40.98611],[29.05147,40.98675],[29.05239,40.98696],[29.0531,40.98665],[29.05324,40.98636],[29.05363,40.9861],[29.05359,40.98569],[29.05399,40.98537],[29.05596,40.98504],[29.05632,40.98472],[29.0569,40.98494],[29.05752,40.98495],[29.05819,40.98456],[29.05856,40.98484],[29.05842,40.98518],[29.05861,40.98555],[29.05936,40.98576],[29.05981,40.98551],[29.05995,40.98519],[29.05978,40.98491],[29.05917,40.98457],[29.05955,40.98431],[29.06093,40.98409],[29.06061,40.98422],[29.06044,40.98449],[29.06057,40.98488],[29.06099,40.98508],[29.06094,40.98524],[29.06054,40.9853],[29.0603,40.98555],[29.06031,40.98585],[29.06053,40.98605],[29.06123,40.98603],[29.06146,40.9857],[29.06199,40.98554],[29.06212,40.98519],[29.06244,40.985],[29.06264,40.98503],[29.06299,40.98553],[29.06293,40.98589],[29.06335,40.98644],[29.0638,40.98651],[29.06414,40.98636],[29.06428,40.98607],[29.06415,40.98578],[29.06465,40.98536],[29.06551,40.98579],[29.06588,40.9866],[29.06502,40.98646],[29.06383,40.98664],[29.06371,40.98705],[29.06411,40.98736],[29.06426,40.9878],[29.06479,40.98793],[29.06539,40.98765],[29.06541,40.98782],[29.06499,40.98815],[29.06444,40.98826],[29.06426,40.98864],[29.06408,40.9885],[29.06416,40.98817],[29.06396,40.98791],[29.06359,40.98781],[29.06316,40.98793],[29.06299,40.98834],[29.0632,40.9886],[29.06355,40.98871],[29.06354,40.98914],[29.06279,40.98947],[29.0621,40.98949],[29.06188,40.98979],[29.062,40.99012],[29.06235,40.99028],[29.06274,40.99024],[29.06306,40.98987],[29.06392,40.9895],[29.06441,40.98948],[29.06472,40.98902],[29.06512,40.98899],[29.06612,40.98947],[29.06638,40.98986],[29.06702,40.98987],[29.06736,40.99012],[29.06393,40.99119],[29.06291,40.99223],[29.06213,40.99256],[29.06146,40.99277],[29.06088,40.99271],[29.06031,40.99307],[29.05983,40.99293],[29.05933,40.99323],[29.05875,40.99312],[29.05833,40.99349],[29.05761,40.9937],[29.05737,40.9936],[29.05725,40.99327],[29.05738,40.99278],[29.05701,40.99252],[29.05685,40.99196],[29.05703,40.9917],[29.05791,40.99164],[29.05804,40.99203],[29.05787,40.99244],[29.05822,40.99277],[29.05883,40.9927],[29.05904,40.99227],[29.05862,40.99192],[29.05849,40.99153],[29.05867,40.99116],[29.05851,40.99085],[29.05806,40.99068],[29.0573,40.99085],[29.05729,40.99047],[29.05676,40.99019],[29.05677,40.98991],[29.058,40.9891],[29.05861,40.989],[29.05878,40.98872],[29.05865,40.98839],[29.05814,40.98823],[29.05766,40.98765],[29.05739,40.98758],[29.05542,40.9888],[29.05502,40.98878],[29.05466,40.98899],[29.05449,40.98833],[29.05413,40.9882],[29.05374,40.98827],[29.05348,40.98855],[29.0537,40.989],[29.05343,40.98948],[29.05275,40.98925],[29.05217,40.9893],[29.05242,40.98894],[29.05296,40.98882],[29.05308,40.98861],[29.053,40.98826],[29.05185,40.98803],[29.05152,40.98771],[29.05173,40.98727],[29.05141,40.98689],[29.05085,40.98689],[29.05052,40.98725],[29.05014,40.98719],[29.05005,40.98684],[29.04978,40.98664]],[[29.06606,40.9868],[29.06604,40.98684],[29.06597,40.98673],[29.06606,40.9868]],[[29.06733,40.98659],[29.06731,40.98666],[29.06721,40.98669],[29.06733,40.98659]],[[29.06788,40.98582],[29.06814,40.98573],[29.06855,40.98596],[29.06824,40.98631],[29.06785,40.98623],[29.06746,40.98638],[29.06788,40.98582]],[[29.06982,40.98643],[29.0699,40.98649],[29.06974,40.98649],[29.06982,40.98643]],[[29.07851,40.98662],[29.07959,40.98634],[29.07985,40.98686],[29.07913,40.98703],[29.079,40.98752],[29.07934,40.98777],[29.07965,40.98843],[29.08008,40.98853],[29.08048,40.98838],[29.08044,40.98916],[29.08071,40.98939],[29.08112,40.98943],[29.08031,40.98962],[29.0801,40.98933],[29.07966,40.98922],[29.07891,40.9897],[29.0784,40.98953],[29.0787,40.98898],[29.07807,40.98829],[29.07794,40.98759],[29.07818,40.98728],[29.078,40.9869],[29.07822,40.98654],[29.07851,40.98662]],[[29.04214,40.98318],[29.04228,40.9827],[29.04297,40.98262],[29.04312,40.98216],[29.04338,40.98196],[29.04406,40.98187],[29.0442,40.9814],[29.04445,40.9812],[29.04482,40.98125],[29.04522,40.98162],[29.04422,40.983],[29.04438,40.98392],[29.04374,40.98403],[29.04295,40.9835],[29.04182,40.9833],[29.04214,40.98318]],[[29.04555,40.98521],[29.04595,40.98491],[29.04616,40.98497],[29.04631,40.98525],[29.04618,40.98555],[29.04559,40.98584],[29.04525,40.98524],[29.04555,40.98521]],[[29.05948,40.99385],[29.05952,40.99374],[29.05972,40.99381],[29.05948,40.99385]],[[29.06045,40.99352],[29.06125,40.99366],[29.06173,40.99328],[29.06229,40.99311],[29.06288,40.99318],[29.06366,40.9925],[29.0641,40.99249],[29.06476,40.99277],[29.06497,40.99307],[29.06488,40.99326],[29.0641,40.99334],[29.06377,40.99352],[29.06318,40.99321],[29.06251,40.99331],[29.06144,40.9937],[29.06118,40.99398],[29.06082,40.99375],[29.06024,40.99374],[29.06045,40.99352]],[[29.05943,40.99626],[29.05993,40.99585],[29.06053,40.99578],[29.06075,40.99542],[29.06123,40.99521],[29.06314,40.99523],[29.0635,40.99487],[29.06424,40.99464],[29.06488,40.99468],[29.06519,40.99435],[29.06698,40.99387],[29.06781,40.99335],[29.06847,40.9932],[29.06905,40.9933],[29.06977,40.99291],[29.06961,40.99334],[29.0663,40.99456],[29.06592,40.99448],[29.06537,40.99463],[29.06515,40.99494],[29.06531,40.99529],[29.06458,40.99553],[29.06396,40.99617],[29.06359,40.99585],[29.06314,40.99578],[29.06267,40.99613],[29.0601,40.99704],[29.05969,40.99665],[29.05915,40.99656],[29.05873,40.99673],[29.05906,40.99626],[29.05943,40.99626]],[[29.07063,40.99945],[29.07066,40.99983],[29.07022,41.00004],[29.07006,40.99991],[29.06991,40.99961],[29.06996,40.9988],[29.07063,40.99945]],[[29.04822,41.00888],[29.04739,41.00881],[29.04731,41.0083],[29.04764,41.00794],[29.04864,41.00764],[29.04942,41.00816],[29.0492,41.00856],[29.04842,41.00905],[29.04822,41.00888]],[[29.05152,41.00799],[29.05127,41.00806],[29.05067,41.00735],[29.05071,41.00722],[29.05152,41.00799]],[[29.04332,41.04184],[29.04369,41.04176],[29.04394,41.04196],[29.04341,41.04207],[29.04332,41.04184]],[[29.056,41.02799],[29.05611,41.02828],[29.05542,41.02888],[29.05523,41.02879],[29.05522,41.02794],[29.056,41.02799]],[[29.07138,41.02678],[29.07139,41.02674],[29.07142,41.02674],[29.07138,41.02678]],[[29.123,41.01414],[29.12333,41.01415],[29.12386,41.01462],[29.12362,41.01489],[29.12304,41.01445],[29.123,41.01414]],[[29.14689,41.02365],[29.14679,41.02346],[29.14727,41.02323],[29.1473,41.02286],[29.14745,41.02279],[29.1479,41.02272],[29.14799,41.02304],[29.14831,41.02323],[29.14756,41.0232],[29.14715,41.02355],[29.14689,41.02365]],[[29.1506,41.02416],[29.15113,41.0242],[29.1514,41.02447],[29.15116,41.02518],[29.15198,41.02605],[29.15132,41.02672],[29.15067,41.02675],[29.14985,41.02727],[29.1502,41.02653],[29.1507,41.02621],[29.15079,41.02576],[29.15103,41.02549],[29.15064,41.0247],[29.1506,41.02416]],[[29.18234,41.0199],[29.18155,41.01973],[29.18079,41.01978],[29.18102,41.01933],[29.18098,41.01878],[29.18155,41.01858],[29.18219,41.01755],[29.18147,41.01646],[29.18208,41.01671],[29.1828,41.01666],[29.18348,41.01705],[29.18335,41.01754],[29.18303,41.01761],[29.18226,41.01822],[29.18234,41.0199]],[[29.17877,41.01551],[29.17832,41.01577],[29.17837,41.015],[29.17818,41.01475],[29.17877,41.01551]],[[29.1855,40.89554],[29.18555,40.89557],[29.18547,40.89554],[29.1855,40.89554]],[[29.123,40.93445],[29.12309,40.93428],[29.12344,40.93423],[29.12375,40.93446],[29.12421,40.93447],[29.12451,40.93427],[29.12456,40.93394],[29.12481,40.93415],[29.12454,40.93437],[29.12451,40.93466],[29.12413,40.93472],[29.123,40.93445]],[[29.12499,40.93499],[29.12554,40.93484],[29.12568,40.93456],[29.1261,40.93444],[29.1259,40.93481],[29.12604,40.93534],[29.12578,40.93562],[29.12574,40.93676],[29.12553,40.93706],[29.12568,40.93741],[29.12556,40.93778],[29.12577,40.93822],[29.12632,40.93851],[29.12695,40.9382],[29.12707,40.93875],[29.12754,40.93905],[29.12734,40.93935],[29.12737,40.93961],[29.12666,40.93989],[29.12608,40.94042],[29.12606,40.94109],[29.12598,40.94062],[29.12575,40.94038],[29.12529,40.94031],[29.12461,40.93992],[29.12387,40.94006],[29.12312,40.93947],[29.12362,40.93904],[29.12371,40.93838],[29.1232,40.93776],[29.12372,40.9376],[29.12382,40.93715],[29.12419,40.93678],[29.12406,40.93645],[29.12365,40.93627],[29.12387,40.93579],[29.12427,40.93609],[29.12482,40.93601],[29.12504,40.93571],[29.1249,40.93537],[29.12499,40.93499]],[[29.12618,40.93438],[29.12618,40.93438],[29.12618,40.93439],[29.12618,40.93438]],[[29.15863,40.90188],[29.15911,40.9022],[29.15861,40.9023],[29.15863,40.90188]],[[29.11183,40.94069],[29.11166,40.94072],[29.11178,40.94059],[29.11183,40.94069]],[[29.10199,40.97168],[29.10265,40.9709],[29.10285,40.9703],[29.10372,40.97101],[29.10423,40.97103],[29.10514,40.97075],[29.10619,40.97127],[29.10674,40.97107],[29.10693,40.9715],[29.10726,40.97169],[29.10473,40.97286],[29.10413,40.9726],[29.10342,40.9719],[29.10291,40.97183],[29.10245,40.97207],[29.10199,40.97168]],[[29.11759,40.97221],[29.11842,40.97275],[29.11875,40.97326],[29.11917,40.97356],[29.11856,40.97373],[29.11838,40.9741],[29.11811,40.97407],[29.11697,40.97277],[29.11745,40.97249],[29.11759,40.97221]],[[29.14831,41.0078],[29.14873,41.00751],[29.14938,41.00737],[29.14963,41.00769],[29.14924,41.00776],[29.14901,41.00798],[29.14831,41.0078]],[[29.14991,41.00778],[29.15038,41.00765],[29.15009,41.00793],[29.14991,41.00778]],[[29.25983,40.87928],[29.26004,40.87917],[29.26015,40.87914],[29.25983,40.87928]],[[29.2907,40.85939],[29.2918,40.85872],[29.29252,40.85803],[29.29274,40.85821],[29.29271,40.8585],[29.29226,40.85862],[29.29135,40.85949],[29.2907,40.85939]],[[29.22001,40.902],[29.21985,40.90177],[29.22015,40.9016],[29.22025,40.90131],[29.21992,40.90092],[29.22041,40.90062],[29.22056,40.90073],[29.22062,40.90153],[29.22035,40.90186],[29.22049,40.9022],[29.22001,40.902]],[[29.23696,40.89557],[29.23597,40.89482],[29.23617,40.89456],[29.23612,40.89426],[29.2353,40.89372],[29.23629,40.89399],[29.23752,40.89497],[29.23723,40.8952],[29.23722,40.89551],[29.23696,40.89557]],[[29.25244,40.88562],[29.25177,40.88584],[29.25165,40.88622],[29.25071,40.88602],[29.25034,40.88535],[29.24965,40.88478],[29.24904,40.88481],[29.24859,40.88504],[29.24854,40.88433],[29.24828,40.88396],[29.24894,40.88357],[29.24908,40.88328],[29.24895,40.883],[29.24857,40.88283],[29.24928,40.88273],[29.25001,40.88207],[29.2512,40.88186],[29.25176,40.88148],[29.25266,40.88145],[29.253,40.88167],[29.25354,40.8816],[29.25402,40.88181],[29.25385,40.88206],[29.25339,40.88194],[29.25262,40.88212],[29.2524,40.88243],[29.25251,40.88274],[29.25104,40.88266],[29.25041,40.88345],[29.2505,40.88378],[29.25115,40.88402],[29.25162,40.88385],[29.2522,40.88397],[29.25391,40.88346],[29.254,40.88386],[29.25377,40.8844],[29.25383,40.88471],[29.25354,40.88493],[29.2528,40.88492],[29.25241,40.88522],[29.25244,40.88562]],[[29.25747,40.88451],[29.25744,40.88451],[29.25747,40.88451],[29.25747,40.88451]],[[29.25783,40.88379],[29.2578,40.88384],[29.25777,40.8838],[29.25783,40.88379]],[[29.25891,40.88199],[29.25803,40.88198],[29.25739,40.8827],[29.25723,40.88268],[29.25719,40.88233],[29.2567,40.88189],[29.25743,40.88191],[29.2579,40.88138],[29.25868,40.88126],[29.25891,40.88199]],[[29.20422,40.91098],[29.20387,40.91098],[29.20352,40.9111],[29.20367,40.91085],[29.20412,40.91071],[29.20422,40.91098]],[[29.21015,40.88949],[29.20962,40.8899],[29.20914,40.88996],[29.20877,40.88981],[29.20875,40.8892],[29.20789,40.88861],[29.20792,40.88828],[29.20831,40.88832],[29.20865,40.88817],[29.20876,40.88775],[29.20828,40.88718],[29.20776,40.88695],[29.20841,40.88586],[29.21006,40.88516],[29.2104,40.88532],[29.21084,40.88526],[29.21154,40.88711],[29.21135,40.88752],[29.21164,40.88783],[29.2116,40.88822],[29.21184,40.88844],[29.21178,40.88873],[29.21146,40.88893],[29.21053,40.88951],[29.21015,40.88949]],[[29.20416,41.00477],[29.20352,41.0046],[29.20317,41.00486],[29.20285,41.00438],[29.20375,41.00435],[29.20509,41.00379],[29.20543,41.00427],[29.20416,41.00477]],[[29.20586,41.01578],[29.20581,41.01529],[29.20609,41.01574],[29.20586,41.01578]],[[29.20423,41.01519],[29.203,41.01476],[29.20264,41.0144],[29.20208,41.01445],[29.20076,41.01413],[29.2018,41.01394],[29.2024,41.01406],[29.20281,41.01373],[29.20354,41.01357],[29.20417,41.01366],[29.20453,41.01335],[29.20488,41.01348],[29.20562,41.01343],[29.20579,41.01368],[29.20564,41.01375],[29.20408,41.01399],[29.20361,41.0139],[29.20319,41.01413],[29.20322,41.01459],[29.20371,41.0148],[29.20409,41.0147],[29.20436,41.01439],[29.20544,41.01418],[29.20558,41.01472],[29.20535,41.01491],[29.20423,41.01519]],[[29.2217,40.99526],[29.22191,40.99536],[29.22195,40.99607],[29.22245,40.99665],[29.2226,40.99721],[29.22295,40.99743],[29.22341,40.9974],[29.22342,40.99759],[29.22253,40.998],[29.22203,40.99779],[29.22091,40.9968],[29.22041,40.99667],[29.22125,40.99539],[29.2217,40.99526]],[[29.22576,41.00104],[29.2269,41.00091],[29.22707,41.00141],[29.22694,41.00156],[29.22497,41.00179],[29.22576,41.00104]]],[[[29.01129,41.10352],[29.01096,41.10376],[29.01096,41.1041],[29.01128,41.10458],[29.01172,41.10475],[29.01257,41.10565],[29.01248,41.10592],[29.01261,41.10616],[29.0131,41.10633],[29.01309,41.10669],[29.01338,41.10692],[29.01331,41.10716],[29.01296,41.10754],[29.01202,41.10786],[29.01143,41.10784],[29.01112,41.10814],[29.00989,41.10849],[29.00949,41.10888],[29.00906,41.10897],[29.00864,41.10879],[29.00824,41.10883],[29.00795,41.10909],[29.00799,41.10943],[29.00828,41.10964],[29.00875,41.10967],[29.00988,41.10924],[29.01027,41.10932],[29.01101,41.10916],[29.01308,41.10834],[29.01361,41.10922],[29.01423,41.1099],[29.01585,41.11043],[29.01582,41.11068],[29.0132,41.11234],[29.0127,41.11243],[29.0124,41.11279],[29.01267,41.11331],[29.01257,41.1136],[29.0127,41.11385],[29.01321,41.11401],[29.0137,41.11378],[29.014,41.11397],[29.01418,41.11462],[29.01458,41.1151],[29.0149,41.11523],[29.01449,41.11611],[29.0149,41.11653],[29.01479,41.11704],[29.01503,41.11757],[29.01601,41.11783],[29.01632,41.11823],[29.0169,41.11823],[29.01829,41.11884],[29.0186,41.11924],[29.01917,41.11924],[29.02055,41.11986],[29.02091,41.12028],[29.02347,41.12015],[29.02366,41.12032],[29.02352,41.12167],[29.0222,41.12101],[29.01997,41.12106],[29.01981,41.12054],[29.01923,41.12038],[29.01877,41.12069],[29.0189,41.12122],[29.01649,41.12248],[29.01589,41.12241],[29.01553,41.12274],[29.01573,41.12317],[29.01628,41.12326],[29.01903,41.12166],[29.01954,41.12176],[29.02002,41.12151],[29.02082,41.12157],[29.02164,41.12142],[29.02223,41.1215],[29.02282,41.12183],[29.02318,41.12204],[29.02343,41.12245],[29.02323,41.12449],[29.0233,41.12624],[29.02277,41.12639],[29.02267,41.12684],[29.02215,41.1266],[29.022,41.12631],[29.02157,41.12615],[29.02109,41.12568],[29.021,41.1254],[29.02062,41.12514],[29.02074,41.12467],[29.02042,41.12442],[29.01997,41.12442],[29.01964,41.12466],[29.01953,41.12582],[29.01989,41.12619],[29.02074,41.12606],[29.02103,41.12635],[29.02095,41.12669],[29.02023,41.12709],[29.02025,41.12739],[29.02052,41.12762],[29.02132,41.12776],[29.02147,41.12757],[29.0214,41.1272],[29.02182,41.12746],[29.02273,41.12729],[29.02334,41.12756],[29.02357,41.12802],[29.02386,41.12975],[29.02366,41.13007],[29.02369,41.13045],[29.02405,41.13078],[29.02423,41.13188],[29.02389,41.13127],[29.0235,41.13119],[29.0231,41.13135],[29.023,41.13181],[29.02344,41.13208],[29.02309,41.13259],[29.0231,41.13289],[29.0228,41.13309],[29.02215,41.133],[29.02174,41.13263],[29.02118,41.13271],[29.02046,41.13202],[29.0199,41.13205],[29.01963,41.13247],[29.02,41.13388],[29.02059,41.13416],[29.02107,41.13473],[29.02162,41.13495],[29.02248,41.13592],[29.02312,41.13637],[29.02238,41.13677],[29.02218,41.13704],[29.02226,41.13745],[29.02253,41.13779],[29.02342,41.1381],[29.02297,41.1384],[29.02307,41.13882],[29.02347,41.13899],[29.02393,41.13891],[29.02448,41.13921],[29.0255,41.13899],[29.02581,41.13869],[29.02629,41.13884],[29.02665,41.13927],[29.02662,41.13966],[29.02717,41.14025],[29.02732,41.1407],[29.02776,41.14095],[29.02796,41.14204],[29.02771,41.14236],[29.02779,41.1427],[29.02828,41.14291],[29.02877,41.14274],[29.03045,41.14327],[29.03055,41.1437],[29.03034,41.14404],[29.03046,41.14432],[29.03008,41.14449],[29.02988,41.1448],[29.02971,41.14547],[29.02938,41.14579],[29.02956,41.14628],[29.02921,41.14664],[29.02921,41.14706],[29.0295,41.14737],[29.02967,41.14871],[29.02989,41.14906],[29.02963,41.1494],[29.02979,41.14977],[29.03015,41.1499],[29.03054,41.14983],[29.03081,41.1495],[29.03062,41.14912],[29.03112,41.14881],[29.03142,41.14902],[29.03182,41.14904],[29.03215,41.14886],[29.03225,41.14855],[29.03304,41.14833],[29.03364,41.1486],[29.03488,41.14799],[29.0374,41.14789],[29.0376,41.14767],[29.03758,41.14737],[29.03693,41.14704],[29.0369,41.1467],[29.03728,41.14658],[29.03746,41.1463],[29.03737,41.14601],[29.03706,41.14583],[29.03708,41.14555],[29.03771,41.14533],[29.03777,41.14503],[29.03754,41.14475],[29.03796,41.14448],[29.03793,41.14408],[29.03859,41.14381],[29.03865,41.14339],[29.03822,41.14312],[29.03729,41.14318],[29.03679,41.14336],[29.03631,41.1438],[29.03606,41.14314],[29.03552,41.143],[29.03629,41.14259],[29.0364,41.14223],[29.03623,41.14196],[29.03587,41.14182],[29.03543,41.14192],[29.03521,41.14222],[29.03535,41.14256],[29.03495,41.14268],[29.03465,41.14259],[29.03453,41.1423],[29.03525,41.14204],[29.03533,41.14156],[29.03597,41.14152],[29.03614,41.14186],[29.03661,41.14199],[29.03702,41.14184],[29.03715,41.14149],[29.03767,41.14134],[29.03826,41.14184],[29.03882,41.14189],[29.03915,41.14165],[29.03916,41.14132],[29.0396,41.14125],[29.03984,41.14101],[29.03983,41.14049],[29.03951,41.14021],[29.03962,41.14003],[29.04074,41.13998],[29.04121,41.14016],[29.04167,41.14],[29.04181,41.13967],[29.0416,41.13936],[29.04116,41.13926],[29.04067,41.13952],[29.04015,41.13949],[29.03934,41.13844],[29.03979,41.13874],[29.0403,41.13872],[29.04061,41.13841],[29.04049,41.13804],[29.04003,41.13787],[29.03957,41.13803],[29.03929,41.13784],[29.04014,41.13782],[29.04047,41.13758],[29.04049,41.13727],[29.04143,41.13714],[29.04285,41.13669],[29.04299,41.13636],[29.04275,41.136],[29.04147,41.13582],[29.04221,41.13552],[29.04228,41.13503],[29.04176,41.13478],[29.04101,41.13504],[29.04034,41.13438],[29.03957,41.13436],[29.03925,41.13475],[29.03956,41.13526],[29.03917,41.13577],[29.03909,41.13645],[29.03877,41.13662],[29.03864,41.13691],[29.03742,41.13749],[29.03667,41.13761],[29.03611,41.13746],[29.0351,41.13783],[29.03446,41.13788],[29.03415,41.1376],[29.03412,41.13717],[29.03366,41.13656],[29.03378,41.13588],[29.03383,41.13574],[29.03421,41.13579],[29.03396,41.136],[29.03393,41.13631],[29.0345,41.13663],[29.03492,41.1365],[29.0354,41.13595],[29.03562,41.13534],[29.03556,41.13392],[29.03566,41.13357],[29.03526,41.13322],[29.03455,41.13335],[29.03422,41.13414],[29.0336,41.13437],[29.03348,41.13498],[29.03307,41.13484],[29.03256,41.1349],[29.03232,41.13561],[29.03189,41.13562],[29.03152,41.13589],[29.03162,41.13537],[29.0327,41.13368],[29.03308,41.13329],[29.03346,41.13322],[29.0337,41.13298],[29.03356,41.13253],[29.03291,41.13243],[29.03261,41.13263],[29.0326,41.13303],[29.03106,41.13521],[29.03092,41.13684],[29.03074,41.13704],[29.03077,41.13736],[29.03047,41.13812],[29.02989,41.13825],[29.02953,41.13876],[29.02911,41.13877],[29.02899,41.13838],[29.02911,41.13762],[29.02884,41.13699],[29.02884,41.13597],[29.02914,41.13564],[29.0292,41.13484],[29.02967,41.13451],[29.0299,41.13413],[29.02989,41.13344],[29.02945,41.13292],[29.02901,41.13279],[29.02744,41.13303],[29.02679,41.13328],[29.02642,41.1336],[29.02607,41.13181],[29.02641,41.13176],[29.0267,41.13204],[29.02716,41.13208],[29.02862,41.13146],[29.02911,41.1311],[29.02956,41.13191],[29.02993,41.13211],[29.03043,41.13202],[29.03116,41.13143],[29.03227,41.13142],[29.03267,41.13165],[29.0331,41.13165],[29.03355,41.13122],[29.03413,41.13103],[29.03424,41.13078],[29.03411,41.13048],[29.03438,41.13036],[29.03481,41.1305],[29.03609,41.1304],[29.03726,41.12972],[29.0374,41.12944],[29.0373,41.12893],[29.03687,41.12862],[29.03721,41.1279],[29.03746,41.12769],[29.03749,41.12738],[29.03725,41.12714],[29.03687,41.12706],[29.0365,41.12719],[29.03603,41.12765],[29.03497,41.12763],[29.0347,41.12721],[29.03414,41.12702],[29.03313,41.12622],[29.03386,41.12583],[29.03425,41.12604],[29.03474,41.12595],[29.03496,41.12565],[29.03485,41.12534],[29.03546,41.12504],[29.03558,41.12467],[29.03529,41.12436],[29.03482,41.12432],[29.03518,41.12393],[29.0349,41.12344],[29.03446,41.12328],[29.0341,41.12283],[29.03367,41.12273],[29.03394,41.12222],[29.03382,41.12189],[29.03342,41.12173],[29.03297,41.12183],[29.03283,41.12136],[29.03204,41.12104],[29.03106,41.12123],[29.03072,41.12177],[29.03009,41.1215],[29.02957,41.12173],[29.02952,41.12207],[29.02975,41.12232],[29.0302,41.12239],[29.03066,41.12222],[29.03097,41.12248],[29.03057,41.12377],[29.02956,41.12479],[29.02819,41.12506],[29.02763,41.12492],[29.02716,41.12527],[29.02655,41.12521],[29.02572,41.12542],[29.02542,41.12562],[29.02537,41.12594],[29.02449,41.1264],[29.02405,41.12616],[29.02398,41.12468],[29.02436,41.12461],[29.0246,41.12437],[29.02444,41.12369],[29.0249,41.12334],[29.02548,41.12331],[29.02575,41.12298],[29.02549,41.12256],[29.02489,41.12253],[29.02507,41.1219],[29.0248,41.1205],[29.02487,41.12007],[29.02539,41.12014],[29.02575,41.12001],[29.02593,41.11969],[29.02574,41.11936],[29.02599,41.11925],[29.02618,41.11879],[29.02673,41.11875],[29.02699,41.11842],[29.02678,41.11803],[29.02618,41.11795],[29.02575,41.11827],[29.02554,41.11885],[29.02528,41.11847],[29.02474,41.11827],[29.02487,41.11792],[29.02477,41.11756],[29.0254,41.11695],[29.02552,41.11649],[29.02719,41.11654],[29.02749,41.11634],[29.02755,41.11603],[29.02814,41.11604],[29.02858,41.11559],[29.02874,41.11588],[29.0291,41.11601],[29.02949,41.11594],[29.02974,41.11569],[29.0305,41.11575],[29.03083,41.11557],[29.03093,41.11529],[29.03137,41.11522],[29.0318,41.11486],[29.03191,41.11461],[29.03178,41.11432],[29.03079,41.11392],[29.03141,41.11348],[29.03155,41.11319],[29.03195,41.11328],[29.03232,41.11315],[29.03247,41.1127],[29.03193,41.11218],[29.03069,41.11211],[29.03024,41.11181],[29.03001,41.11104],[29.03011,41.11068],[29.03156,41.11084],[29.03187,41.11053],[29.03188,41.10987],[29.03253,41.10981],[29.03417,41.11065],[29.03482,41.11056],[29.035,41.11024],[29.03483,41.10992],[29.03412,41.10984],[29.03355,41.10959],[29.03383,41.10917],[29.03398,41.10796],[29.03333,41.1075],[29.03268,41.10765],[29.03238,41.10753],[29.03202,41.10723],[29.03158,41.10711],[29.03119,41.10673],[29.03164,41.10531],[29.032,41.10495],[29.03194,41.10469],[29.03164,41.10448],[29.03114,41.1045],[29.03026,41.105],[29.02946,41.1068],[29.02884,41.10674],[29.02873,41.10634],[29.02833,41.10614],[29.02811,41.10572],[29.02823,41.10545],[29.02811,41.10518],[29.0285,41.10413],[29.02903,41.10381],[29.02915,41.10294],[29.02949,41.10245],[29.0294,41.10215],[29.02909,41.10193],[29.02844,41.10202],[29.02804,41.10265],[29.02763,41.10252],[29.02692,41.10268],[29.02627,41.10248],[29.02577,41.10275],[29.02577,41.10309],[29.02616,41.10341],[29.02753,41.10345],[29.0277,41.10358],[29.02769,41.10385],[29.02791,41.10408],[29.02781,41.10451],[29.02751,41.10426],[29.027,41.10419],[29.02662,41.10438],[29.02653,41.10476],[29.02597,41.10472],[29.0255,41.10418],[29.02508,41.10404],[29.02409,41.10446],[29.02425,41.10413],[29.02407,41.10373],[29.02441,41.10352],[29.02458,41.10299],[29.02439,41.1026],[29.02445,41.10237],[29.02527,41.10214],[29.02547,41.10192],[29.0252,41.10154],[29.0252,41.1012],[29.02496,41.10098],[29.02498,41.10014],[29.02453,41.09982],[29.02305,41.10026],[29.02261,41.10004],[29.02211,41.10018],[29.02183,41.09992],[29.02144,41.09988],[29.02076,41.10042],[29.02005,41.10041],[29.01892,41.10077],[29.01753,41.10211],[29.01743,41.10239],[29.0171,41.10257],[29.01702,41.10295],[29.01659,41.10325],[29.01664,41.10361],[29.01642,41.10388],[29.01592,41.10408],[29.01586,41.1045],[29.01527,41.10508],[29.0148,41.10593],[29.01444,41.10616],[29.01248,41.10469],[29.01194,41.10362],[29.01129,41.10352]],[[29.01547,41.11432],[29.01601,41.11441],[29.01659,41.11396],[29.01638,41.11465],[29.01638,41.11527],[29.01597,41.11555],[29.01546,41.11507],[29.0156,41.11479],[29.01547,41.11432]]],[[[29.40475,40.79072],[29.40518,40.79058],[29.40549,40.79088],[29.40593,40.79095],[29.40642,40.79058],[29.40733,40.79046],[29.40857,40.78999],[29.4095,40.78984],[29.41009,40.7901],[29.41058,40.78982],[29.411,40.79092],[29.41132,40.79117],[29.41323,40.79097],[29.41385,40.79117],[29.41453,40.79081],[29.41523,40.79129],[29.41568,40.79136],[29.41602,40.79121],[29.41616,40.79092],[29.41599,40.7906],[29.41536,40.79031],[29.41567,40.78988],[29.41525,40.78949],[29.41566,40.78924],[29.41596,40.78946],[29.41642,40.78946],[29.41671,40.78926],[29.41677,40.78894],[29.41719,40.78894],[29.41748,40.78875],[29.41807,40.78896],[29.41889,40.78883],[29.41942,40.78913],[29.41994,40.78902],[29.42062,40.78914],[29.42094,40.7889],[29.42092,40.78852],[29.41985,40.78795],[29.42032,40.78765],[29.4211,40.78856],[29.42149,40.78864],[29.42185,40.78851],[29.422,40.78806],[29.42148,40.78767],[29.42179,40.78756],[29.42228,40.78771],[29.42264,40.78758],[29.42282,40.78727],[29.42269,40.78698],[29.42325,40.78666],[29.42318,40.78628],[29.42252,40.78571],[29.42172,40.78583],[29.42179,40.78533],[29.42154,40.78504],[29.42089,40.78504],[29.4206,40.78483],[29.42019,40.78482],[29.42013,40.78469],[29.42069,40.78441],[29.42067,40.78403],[29.4194,40.78358],[29.41931,40.7833],[29.4184,40.78248],[29.41803,40.78237],[29.41762,40.78249],[29.41735,40.78225],[29.41677,40.78226],[29.41675,40.78215],[29.41696,40.78192],[29.41763,40.78222],[29.41815,40.78206],[29.41859,40.78153],[29.41831,40.7811],[29.41885,40.78038],[29.42001,40.78091],[29.4206,40.7808],[29.42079,40.7804],[29.42051,40.77993],[29.42054,40.77972],[29.42103,40.77949],[29.42103,40.77906],[29.42074,40.77886],[29.42028,40.77886],[29.41998,40.77906],[29.41992,40.77932],[29.4192,40.77959],[29.41892,40.77912],[29.41795,40.779],[29.4171,40.7784],[29.41702,40.7782],[29.4174,40.77802],[29.4175,40.77772],[29.41733,40.77745],[29.41697,40.77731],[29.41642,40.77751],[29.4164,40.77799],[29.41541,40.77842],[29.41555,40.77785],[29.41539,40.77759],[29.41603,40.77745],[29.4161,40.77696],[29.41569,40.77673],[29.4152,40.77682],[29.41513,40.77638],[29.41478,40.77616],[29.41385,40.77634],[29.4139,40.77552],[29.41313,40.77498],[29.41273,40.77499],[29.41242,40.77521],[29.41193,40.77511],[29.41153,40.77532],[29.41112,40.77523],[29.40996,40.77547],[29.40966,40.77568],[29.40955,40.77607],[29.40844,40.77607],[29.40817,40.77644],[29.40845,40.77701],[29.40815,40.77731],[29.40828,40.77769],[29.40802,40.77773],[29.40712,40.77759],[29.40561,40.7768],[29.40595,40.77639],[29.40652,40.77611],[29.40654,40.77581],[29.4063,40.77556],[29.40592,40.77549],[29.40551,40.77565],[29.40538,40.77589],[29.40545,40.77615],[29.40504,40.77665],[29.40489,40.77652],[29.40514,40.77611],[29.40498,40.77583],[29.40414,40.77549],[29.40369,40.77552],[29.40323,40.7762],[29.40353,40.77674],[29.40244,40.77698],[29.40202,40.77757],[29.40207,40.77791],[29.40172,40.7782],[29.40178,40.77855],[29.40125,40.77895],[29.40113,40.77961],[29.40045,40.77976],[29.40018,40.77999],[29.40018,40.78033],[29.40054,40.78059],[29.40028,40.78105],[29.40057,40.78136],[29.39968,40.7821],[29.399,40.78184],[29.39849,40.782],[29.39838,40.78241],[29.39786,40.78273],[29.39787,40.78303],[29.39817,40.78327],[29.39809,40.78361],[29.39767,40.78397],[29.39662,40.78368],[29.39529,40.78362],[29.39516,40.78327],[29.3947,40.7831],[29.39421,40.7833],[29.39411,40.78359],[29.39424,40.78384],[29.39354,40.78431],[29.39226,40.78439],[29.39211,40.78389],[29.3916,40.78372],[29.39111,40.78399],[29.39069,40.78389],[29.38967,40.78409],[29.38935,40.78433],[29.38894,40.78433],[29.3881,40.78469],[29.38814,40.7843],[29.38786,40.78404],[29.38684,40.78391],[29.38642,40.78404],[29.38589,40.78472],[29.38635,40.78548],[29.38558,40.78552],[29.38509,40.78604],[29.38526,40.7864],[29.38583,40.78671],[29.38625,40.78674],[29.38619,40.78687],[29.38572,40.7869],[29.38376,40.78787],[29.38336,40.78784],[29.38306,40.78739],[29.3825,40.78739],[29.38221,40.78765],[29.38225,40.788],[29.38153,40.78819],[29.38103,40.78878],[29.38103,40.78912],[29.38134,40.78937],[29.38174,40.78938],[29.38208,40.78918],[29.38283,40.7894],[29.38268,40.79002],[29.38307,40.79036],[29.38274,40.79067],[29.38299,40.79114],[29.3828,40.79145],[29.38125,40.79146],[29.3807,40.79125],[29.38019,40.79157],[29.38023,40.79191],[29.38056,40.79213],[29.38088,40.79332],[29.38119,40.79354],[29.3817,40.79353],[29.38055,40.79392],[29.38062,40.79348],[29.38033,40.79303],[29.37989,40.79287],[29.3796,40.79256],[29.37964,40.79223],[29.37841,40.79147],[29.37689,40.79271],[29.37654,40.79278],[29.37571,40.79342],[29.37566,40.79314],[29.37595,40.79291],[29.37601,40.79262],[29.37712,40.79214],[29.37709,40.79167],[29.3766,40.79147],[29.37502,40.79172],[29.37447,40.79107],[29.37408,40.79102],[29.37374,40.79118],[29.37361,40.79155],[29.37392,40.79192],[29.3735,40.79219],[29.37355,40.7926],[29.37329,40.79323],[29.37283,40.7933],[29.37233,40.79315],[29.37193,40.79331],[29.37164,40.79408],[29.37149,40.79519],[29.37091,40.79513],[29.37054,40.7955],[29.37064,40.79604],[29.37087,40.79628],[29.37126,40.79636],[29.37174,40.7961],[29.37191,40.79619],[29.37212,40.79661],[29.3718,40.79693],[29.37192,40.7973],[29.37299,40.79767],[29.37221,40.79828],[29.37202,40.79829],[29.37156,40.79782],[29.37101,40.79781],[29.37069,40.79819],[29.37025,40.79839],[29.37019,40.79881],[29.37056,40.79907],[29.37115,40.79905],[29.37146,40.79947],[29.372,40.79948],[29.37246,40.79983],[29.3729,40.7999],[29.37386,40.79931],[29.37397,40.79887],[29.37439,40.79881],[29.37463,40.79856],[29.37639,40.79796],[29.37693,40.79814],[29.3776,40.79788],[29.37768,40.79825],[29.378,40.79847],[29.3784,40.79953],[29.37824,40.79994],[29.37111,40.8047],[29.37028,40.80507],[29.36914,40.80507],[29.36922,40.80475],[29.36898,40.80446],[29.36853,40.80439],[29.36807,40.80471],[29.36777,40.80467],[29.36728,40.80419],[29.36713,40.80392],[29.36744,40.80352],[29.36735,40.80312],[29.36772,40.80275],[29.36777,40.80236],[29.36806,40.80214],[29.36846,40.80219],[29.36884,40.802],[29.36894,40.80171],[29.36877,40.80143],[29.36905,40.80102],[29.36875,40.80058],[29.36813,40.8006],[29.36758,40.8004],[29.36721,40.80053],[29.36704,40.80084],[29.36623,40.80058],[29.3657,40.80093],[29.36569,40.80177],[29.36605,40.8021],[29.3662,40.80258],[29.36558,40.80301],[29.36548,40.80331],[29.36591,40.8037],[29.36633,40.80443],[29.36619,40.80465],[29.36582,40.80446],[29.36506,40.80449],[29.36466,40.80414],[29.36411,40.80422],[29.36145,40.8033],[29.36197,40.80253],[29.36191,40.80227],[29.36161,40.80206],[29.36101,40.80213],[29.3608,40.80255],[29.36049,40.80272],[29.35986,40.8025],[29.35944,40.80211],[29.35799,40.80211],[29.35741,40.80158],[29.35698,40.80148],[29.35658,40.80164],[29.35644,40.80192],[29.35657,40.80221],[29.35687,40.80236],[29.35678,40.80281],[29.357,40.80312],[29.35671,40.80327],[29.35673,40.80364],[29.35636,40.80401],[29.35645,40.80431],[29.35678,40.80451],[29.35524,40.8048],[29.35452,40.80533],[29.35391,40.80532],[29.35365,40.80493],[29.35304,40.80491],[29.35273,40.80526],[29.3529,40.80606],[29.3531,40.80632],[29.35353,40.80642],[29.3545,40.80924],[29.35497,40.80925],[29.35586,40.80901],[29.35631,40.80872],[29.35674,40.80878],[29.35748,40.80857],[29.35764,40.80903],[29.35746,40.80939],[29.3576,40.80965],[29.35613,40.80953],[29.35575,40.80963],[29.35512,40.80941],[29.35462,40.80961],[29.35454,40.80999],[29.35487,40.81034],[29.35486,40.81079],[29.35511,40.81104],[29.35494,40.81149],[29.35523,40.81176],[29.3557,40.81179],[29.35617,40.81218],[29.35656,40.81214],[29.35685,40.81189],[29.35799,40.81234],[29.35859,40.81208],[29.35881,40.81301],[29.35872,40.81334],[29.35914,40.81369],[29.35924,40.81412],[29.35981,40.81428],[29.36049,40.81391],[29.36093,40.81423],[29.36078,40.81447],[29.35997,40.81441],[29.3596,40.81454],[29.35943,40.8149],[29.35969,40.81523],[29.36019,40.81529],[29.36093,40.81491],[29.36129,40.81504],[29.36168,40.81497],[29.362,40.81461],[29.36188,40.81418],[29.36208,40.81396],[29.36288,40.8139],[29.3632,40.81366],[29.36307,40.8149],[29.36257,40.81518],[29.36244,40.81546],[29.36275,40.81586],[29.36331,40.81586],[29.36361,40.81555],[29.36354,40.81523],[29.3638,40.81371],[29.36422,40.81358],[29.3644,40.81328],[29.36596,40.81315],[29.3672,40.81253],[29.36751,40.81274],[29.36672,40.81337],[29.36665,40.81376],[29.36678,40.814],[29.36712,40.81416],[29.36751,40.81411],[29.3682,40.81347],[29.36833,40.81405],[29.36901,40.81419],[29.37036,40.8135],[29.37085,40.81332],[29.37138,40.81335],[29.37168,40.81315],[29.37168,40.81272],[29.37141,40.81242],[29.37104,40.81231],[29.37157,40.81181],[29.37147,40.81139],[29.37045,40.81115],[29.36968,40.81142],[29.36966,40.81127],[29.37023,40.81074],[29.37073,40.81061],[29.3709,40.81035],[29.37137,40.81052],[29.37183,40.81036],[29.37196,40.80971],[29.37146,40.80909],[29.37199,40.80869],[29.37252,40.80861],[29.37297,40.80808],[29.37245,40.8075],[29.37185,40.80743],[29.37124,40.80794],[29.37128,40.8082],[29.37152,40.80841],[29.37104,40.80877],[29.37053,40.80884],[29.36999,40.80846],[29.3687,40.80639],[29.36879,40.80618],[29.37032,40.8058],[29.37054,40.80548],[29.37148,40.80505],[29.37864,40.80027],[29.37876,40.80029],[29.3791,40.80137],[29.37946,40.80176],[29.37868,40.8027],[29.37873,40.80214],[29.3783,40.80187],[29.37776,40.80199],[29.37761,40.80244],[29.37718,40.80278],[29.37669,40.80266],[29.37664,40.80235],[29.37635,40.80214],[29.37595,40.80213],[29.37563,40.8023],[29.37553,40.8026],[29.37566,40.80284],[29.37647,40.80311],[29.37594,40.80349],[29.37603,40.80395],[29.3766,40.80411],[29.37705,40.80382],[29.37731,40.80401],[29.37703,40.80444],[29.37634,40.80468],[29.3763,40.80513],[29.37502,40.80615],[29.37443,40.8063],[29.37429,40.80659],[29.37442,40.80687],[29.37482,40.80704],[29.37526,40.80694],[29.37545,40.80646],[29.37692,40.80538],[29.37739,40.80539],[29.37769,40.80558],[29.37777,40.80593],[29.37859,40.80642],[29.37879,40.80689],[29.37916,40.80699],[29.37954,40.80689],[29.37975,40.80663],[29.37961,40.80625],[29.37979,40.80579],[29.37897,40.80516],[29.37878,40.80466],[29.3785,40.80446],[29.37908,40.80438],[29.37934,40.80399],[29.38158,40.80529],[29.38208,40.80524],[29.38232,40.80499],[29.38232,40.80472],[29.38243,40.80484],[29.38217,40.80536],[29.38137,40.80579],[29.38018,40.80596],[29.37983,40.80618],[29.3798,40.80656],[29.38027,40.80696],[29.38025,40.80728],[29.38048,40.80752],[29.38119,40.8075],[29.3814,40.80719],[29.38126,40.80682],[29.38176,40.80677],[29.38239,40.8077],[29.38276,40.80789],[29.38325,40.8078],[29.38347,40.80749],[29.38556,40.80726],[29.38587,40.80691],[29.38567,40.80637],[29.3857,40.80592],[29.38535,40.8057],[29.38492,40.80572],[29.38428,40.8053],[29.38477,40.80529],[29.38533,40.80565],[29.38592,40.80556],[29.38639,40.80592],[29.38703,40.80569],[29.387,40.80523],[29.38649,40.80503],[29.3867,40.80476],[29.38665,40.80446],[29.3861,40.80422],[29.3864,40.80384],[29.3862,40.80341],[29.38648,40.80299],[29.38631,40.80271],[29.386,40.80259],[29.38677,40.80191],[29.38719,40.80115],[29.38748,40.80119],[29.38751,40.80156],[29.38813,40.80219],[29.38863,40.80249],[29.38908,40.80249],[29.38938,40.80229],[29.38944,40.80199],[29.38872,40.80137],[29.38944,40.80106],[29.38946,40.80076],[29.38919,40.8005],[29.38956,40.80028],[29.38961,40.79995],[29.39011,40.80016],[29.39067,40.79986],[29.39106,40.80005],[29.39151,40.79998],[29.39177,40.79965],[29.39159,40.79928],[29.39193,40.79885],[29.39288,40.79944],[29.39328,40.79952],[29.39353,40.7998],[29.39403,40.79986],[29.3947,40.79937],[29.39526,40.79926],[29.39544,40.7989],[29.39612,40.79891],[29.39654,40.79851],[29.39717,40.79846],[29.39737,40.79824],[29.39735,40.79794],[29.39659,40.79731],[29.39682,40.79696],[29.3965,40.79641],[29.39664,40.79616],[29.39658,40.7959],[29.39618,40.79567],[29.39559,40.79583],[29.39489,40.7957],[29.39505,40.79551],[29.39797,40.79499],[29.39809,40.79476],[29.39776,40.79347],[29.39796,40.79313],[29.39847,40.79281],[29.3989,40.79275],[29.39917,40.79248],[29.39979,40.7925],[29.40009,40.79218],[29.4006,40.79204],[29.4016,40.79241],[29.40234,40.79209],[29.40283,40.79211],[29.40313,40.7919],[29.40338,40.79112],[29.40376,40.79077],[29.40437,40.79061],[29.40475,40.79072]],[[29.38934,40.79933],[29.38954,40.79982],[29.38921,40.79963],[29.38883,40.79964],[29.38915,40.79933],[29.38934,40.79933]],[[29.40356,40.79035],[29.40274,40.79039],[29.4027,40.79021],[29.40391,40.78968],[29.40418,40.79017],[29.40356,40.79035]],[[29.40157,40.79007],[29.40108,40.78981],[29.40176,40.78985],[29.40215,40.7897],[29.40218,40.78993],[29.40157,40.79007]],[[29.41629,40.78807],[29.41596,40.78798],[29.41655,40.78783],[29.4164,40.78793],[29.41629,40.78807]]],[[[29.34704,40.80966],[29.3464,40.80989],[29.34613,40.81106],[29.34572,40.81165],[29.34615,40.81204],[29.34845,40.8189],[29.34768,40.81912],[29.34744,40.81936],[29.34755,40.81978],[29.34806,40.81994],[29.3492,40.81961],[29.34946,40.81919],[29.34903,40.8188],[29.34672,40.81193],[29.34689,40.8117],[29.34683,40.8114],[29.34785,40.81117],[29.34847,40.81073],[29.34857,40.81039],[29.34816,40.81004],[29.34751,40.81011],[29.34738,40.80982],[29.34704,40.80966]]],[[[29.31139,40.82547],[29.31102,40.82577],[29.31101,40.82611],[29.31139,40.82637],[29.31201,40.82624],[29.31225,40.82644],[29.31226,40.82673],[29.31197,40.82716],[29.31239,40.82755],[29.31222,40.8278],[29.31166,40.82773],[29.31126,40.82803],[29.3113,40.82838],[29.31165,40.82862],[29.31116,40.82868],[29.3109,40.82896],[29.31111,40.8294],[29.31086,40.82986],[29.31119,40.83019],[29.31001,40.83039],[29.30976,40.83085],[29.31016,40.8312],[29.31077,40.83108],[29.31094,40.83154],[29.31079,40.83193],[29.31102,40.8322],[29.31095,40.83264],[29.31121,40.83287],[29.31159,40.83291],[29.31162,40.8332],[29.31188,40.83342],[29.31276,40.83344],[29.313,40.8332],[29.313,40.83291],[29.31336,40.83263],[29.31331,40.83228],[29.31346,40.83218],[29.31372,40.83247],[29.31376,40.83271],[29.31339,40.83326],[29.31326,40.83382],[29.31273,40.83387],[29.31247,40.83424],[29.31299,40.83496],[29.31362,40.83507],[29.31351,40.83538],[29.31304,40.83551],[29.31286,40.83583],[29.31335,40.83654],[29.31331,40.83694],[29.31363,40.83719],[29.31414,40.83717],[29.31443,40.8369],[29.31485,40.837],[29.31521,40.83687],[29.31539,40.83659],[29.3152,40.83622],[29.3153,40.83592],[29.31561,40.83575],[29.31569,40.83537],[29.31641,40.83459],[29.32042,40.83195],[29.32148,40.83218],[29.32189,40.83253],[29.32236,40.83249],[29.32266,40.83277],[29.32203,40.83293],[29.32196,40.83343],[29.32261,40.83366],[29.32408,40.83505],[29.32409,40.83541],[29.32388,40.83574],[29.32243,40.83636],[29.32202,40.8363],[29.32164,40.83649],[29.3216,40.83695],[29.32212,40.83719],[29.32254,40.83706],[29.32272,40.83675],[29.32416,40.83614],[29.3248,40.83613],[29.32507,40.83574],[29.32562,40.83547],[29.32558,40.83601],[29.32612,40.83637],[29.32684,40.83629],[29.32732,40.8359],[29.32821,40.83612],[29.3286,40.83605],[29.32887,40.83568],[29.3286,40.83491],[29.32827,40.83463],[29.32767,40.83452],[29.32839,40.83421],[29.32896,40.83422],[29.32928,40.83383],[29.32977,40.83366],[29.33039,40.83369],[29.33066,40.83346],[29.33069,40.83319],[29.33179,40.83268],[29.33247,40.83275],[29.33311,40.83215],[29.33296,40.83171],[29.33236,40.83144],[29.33193,40.83008],[29.33001,40.82808],[29.3305,40.82775],[29.33067,40.82732],[29.33103,40.8277],[29.33164,40.82764],[29.33184,40.82738],[29.33179,40.82708],[29.33113,40.82685],[29.33106,40.82656],[29.33057,40.82611],[29.33004,40.82599],[29.32968,40.82567],[29.32977,40.82545],[29.32945,40.82514],[29.32947,40.82497],[29.32985,40.82484],[29.33002,40.82452],[29.32993,40.82427],[29.32961,40.82409],[29.32906,40.82417],[29.32884,40.82456],[29.32836,40.82479],[29.32821,40.82569],[29.32834,40.8261],[29.32822,40.82624],[29.32803,40.82589],[29.32754,40.82553],[29.32766,40.82526],[29.32747,40.82483],[29.32756,40.8245],[29.32714,40.82406],[29.32664,40.82242],[29.32675,40.822],[29.32623,40.82156],[29.32559,40.82164],[29.32464,40.82146],[29.32301,40.82173],[29.32205,40.82161],[29.32171,40.82189],[29.32175,40.82223],[29.32136,40.82249],[29.32132,40.82275],[29.3215,40.823],[29.3212,40.82324],[29.32107,40.82265],[29.31997,40.82223],[29.32018,40.82166],[29.31992,40.82133],[29.31914,40.82116],[29.31816,40.82158],[29.31755,40.82144],[29.31713,40.82183],[29.31741,40.82228],[29.31681,40.82227],[29.31643,40.82253],[29.31643,40.82287],[29.31672,40.82311],[29.31642,40.82316],[29.31616,40.82285],[29.31572,40.82278],[29.31534,40.82297],[29.31525,40.82333],[29.31482,40.82327],[29.31448,40.82342],[29.31434,40.82375],[29.31458,40.82431],[29.3141,40.82417],[29.31366,40.82437],[29.31356,40.82466],[29.31382,40.825],[29.31374,40.82517],[29.3131,40.82538],[29.31289,40.82569],[29.31139,40.82547]]],[[[29.30806,40.90304],[29.30776,40.90324],[29.30733,40.90395],[29.30646,40.90415],[29.30625,40.90458],[29.30666,40.90494],[29.30678,40.90531],[29.30724,40.90552],[29.30717,40.90582],[29.30738,40.90609],[29.308,40.90615],[29.30807,40.90642],[29.30836,40.90662],[29.30962,40.90689],[29.30945,40.90733],[29.309,40.90729],[29.30864,40.90751],[29.30858,40.90781],[29.30874,40.90804],[29.30933,40.90816],[29.30981,40.90799],[29.31006,40.90767],[29.31057,40.90761],[29.31047,40.9097],[29.31015,40.91005],[29.31032,40.91041],[29.31017,40.91112],[29.31081,40.91193],[29.31006,40.91324],[29.31022,40.91369],[29.31084,40.91395],[29.31203,40.91394],[29.31245,40.9138],[29.31269,40.91338],[29.31301,40.91357],[29.31346,40.91353],[29.31377,40.91323],[29.31362,40.91283],[29.3139,40.9121],[29.31423,40.91237],[29.31485,40.9123],[29.31531,40.91247],[29.31562,40.91282],[29.31613,40.91284],[29.31647,40.91256],[29.31636,40.91214],[29.31597,40.91198],[29.31556,40.91206],[29.31502,40.91179],[29.31591,40.9118],[29.31621,40.91146],[29.31698,40.91207],[29.31749,40.91213],[29.31777,40.91198],[29.31791,40.9117],[29.31749,40.91118],[29.31841,40.91115],[29.31841,40.9117],[29.31878,40.91196],[29.31934,40.91195],[29.3197,40.91174],[29.31974,40.91139],[29.31941,40.91092],[29.31945,40.91052],[29.31923,40.91032],[29.31695,40.91045],[29.31731,40.90988],[29.31781,40.90973],[29.31838,40.90996],[29.31878,40.9098],[29.31951,40.9087],[29.31955,40.90829],[29.3202,40.90834],[29.3206,40.90818],[29.32073,40.9078],[29.32032,40.90715],[29.3196,40.90708],[29.31919,40.90671],[29.31873,40.90675],[29.31837,40.90638],[29.31781,40.90642],[29.31745,40.90607],[29.31679,40.90617],[29.31653,40.90582],[29.31594,40.90574],[29.31564,40.90539],[29.31495,40.90545],[29.3147,40.90508],[29.31399,40.9051],[29.31358,40.90469],[29.31303,40.90477],[29.31234,40.90551],[29.31185,40.90511],[29.31102,40.90506],[29.31067,40.90471],[29.3101,40.90475],[29.30849,40.90417],[29.30885,40.90359],[29.30885,40.90333],[29.30857,40.90306],[29.30806,40.90304]]],[[[29.26307,40.9641],[29.26306,40.96346],[29.26255,40.96322],[29.26258,40.96281],[29.26234,40.96257],[29.26253,40.9622],[29.26232,40.96189],[29.26179,40.9618],[29.26102,40.96121],[29.26043,40.96122],[29.25978,40.96086],[29.25939,40.96094],[29.25914,40.96119],[29.25891,40.96095],[29.25852,40.96087],[29.25812,40.96103],[29.25798,40.96135],[29.25754,40.9612],[29.25668,40.9613],[29.25628,40.96085],[29.25641,40.96058],[29.25633,40.95999],[29.25548,40.95953],[29.25506,40.95966],[29.25472,40.96012],[29.25438,40.95983],[29.25382,40.95987],[29.25324,40.96059],[29.25311,40.96055],[29.25321,40.96027],[29.25304,40.96],[29.25253,40.95969],[29.25202,40.9597],[29.2517,40.96014],[29.25209,40.96061],[29.25128,40.9613],[29.2508,40.96134],[29.25056,40.96082],[29.25012,40.96062],[29.24974,40.96069],[29.2495,40.96093],[29.24915,40.96096],[29.24863,40.96072],[29.24784,40.96096],[29.24717,40.96145],[29.24723,40.96175],[29.24754,40.962],[29.24691,40.96204],[29.24657,40.96232],[29.24656,40.96258],[29.24689,40.96307],[29.24679,40.96328],[29.24587,40.9639],[29.24571,40.9643],[29.24559,40.96287],[29.2453,40.96256],[29.24525,40.96215],[29.24475,40.96197],[29.24429,40.96214],[29.24387,40.96164],[29.24387,40.96121],[29.24338,40.96072],[29.24232,40.96053],[29.24167,40.96077],[29.24143,40.96028],[29.24103,40.96012],[29.24014,40.96053],[29.23997,40.96021],[29.23955,40.96008],[29.23917,40.96018],[29.23897,40.96043],[29.23808,40.96066],[29.23782,40.95971],[29.23718,40.95948],[29.23677,40.9597],[29.23681,40.96025],[29.23644,40.96037],[29.23627,40.96065],[29.23636,40.96094],[29.23686,40.96115],[29.23702,40.96149],[29.23572,40.96132],[29.23526,40.96163],[29.23468,40.96168],[29.23445,40.9619],[29.23351,40.96194],[29.23318,40.96218],[29.23314,40.96259],[29.2317,40.96301],[29.23164,40.96343],[29.23191,40.96366],[29.23228,40.96371],[29.23227,40.96399],[29.2312,40.96428],[29.23093,40.96465],[29.23106,40.96493],[29.23151,40.9651],[29.23179,40.96552],[29.23124,40.96589],[29.2308,40.96586],[29.23048,40.96604],[29.23039,40.96637],[29.23071,40.967],[29.23017,40.96708],[29.22995,40.96747],[29.23045,40.9684],[29.23021,40.96864],[29.23023,40.96895],[29.23062,40.96949],[29.23104,40.96963],[29.23183,40.97095],[29.23225,40.97108],[29.23263,40.97098],[29.23293,40.9713],[29.23337,40.97141],[29.23377,40.97125],[29.23398,40.97087],[29.23399,40.97119],[29.23443,40.97183],[29.23387,40.97191],[29.23365,40.9723],[29.23405,40.97302],[29.23453,40.97319],[29.23436,40.9736],[29.23476,40.97428],[29.23432,40.97444],[29.23418,40.97477],[29.23473,40.97549],[29.23534,40.97547],[29.23559,40.97521],[29.23609,40.97509],[29.23627,40.97475],[29.23668,40.97456],[29.2374,40.97516],[29.2374,40.97566],[29.23783,40.97586],[29.2384,40.97565],[29.23933,40.9757],[29.23989,40.97591],[29.24062,40.97569],[29.24405,40.97552],[29.24488,40.9753],[29.24545,40.97546],[29.2461,40.97507],[29.24627,40.9748],[29.24611,40.97443],[29.24555,40.97418],[29.24709,40.97324],[29.24756,40.97324],[29.24764,40.97399],[29.24787,40.97429],[29.24782,40.97462],[29.24828,40.97494],[29.24811,40.97525],[29.24828,40.97557],[29.24892,40.97568],[29.24929,40.97533],[29.25037,40.97502],[29.2507,40.9751],[29.25106,40.97561],[29.25102,40.97607],[29.25143,40.9763],[29.25192,40.97621],[29.25214,40.97582],[29.25197,40.97554],[29.25159,40.97541],[29.25122,40.97489],[29.25165,40.9748],[29.25187,40.97447],[29.25272,40.97425],[29.25316,40.97509],[29.25317,40.97604],[29.25304,40.97627],[29.25234,40.9763],[29.25213,40.97669],[29.25238,40.97702],[29.25291,40.97707],[29.25274,40.97731],[29.25277,40.97757],[29.25337,40.97785],[29.2539,40.97749],[29.25433,40.97734],[29.25488,40.97738],[29.25521,40.97714],[29.25517,40.97617],[29.2549,40.97594],[29.25452,40.97589],[29.25578,40.97573],[29.2561,40.97591],[29.2565,40.97589],[29.25682,40.97565],[29.25684,40.97534],[29.25717,40.97552],[29.25757,40.97551],[29.25838,40.97481],[29.25835,40.97443],[29.25795,40.97419],[29.25734,40.97438],[29.25687,40.97413],[29.25635,40.97429],[29.25394,40.97404],[29.25402,40.9736],[29.25524,40.97311],[29.25597,40.97305],[29.25611,40.97256],[29.25584,40.97233],[29.25545,40.97228],[29.25498,40.97263],[29.25361,40.97316],[29.25338,40.97296],[29.25451,40.97236],[29.25602,40.97215],[29.25636,40.97186],[29.25726,40.97191],[29.25766,40.97171],[29.25814,40.9718],[29.25865,40.9715],[29.25964,40.9716],[29.26202,40.97134],[29.26211,40.9717],[29.26142,40.97199],[29.26133,40.97244],[29.26199,40.97281],[29.2629,40.97295],[29.2633,40.97279],[29.26344,40.97246],[29.26301,40.97178],[29.26269,40.97159],[29.2626,40.97125],[29.26431,40.97084],[29.26414,40.97111],[29.26421,40.97137],[29.26479,40.97161],[29.26515,40.97148],[29.26532,40.97123],[29.26645,40.9709],[29.26632,40.97133],[29.26653,40.97163],[29.26629,40.97191],[29.26626,40.97243],[29.26648,40.97278],[29.26697,40.97288],[29.26737,40.97266],[29.26781,40.97273],[29.26816,40.97257],[29.26847,40.97298],[29.26892,40.97302],[29.26927,40.9728],[29.26995,40.97298],[29.27012,40.97333],[29.2706,40.97346],[29.27113,40.97311],[29.27086,40.97254],[29.27132,40.97253],[29.27177,40.97276],[29.2739,40.97276],[29.27423,40.97304],[29.27474,40.97302],[29.27505,40.97267],[29.27482,40.97208],[29.27512,40.97189],[29.27662,40.97161],[29.27795,40.97162],[29.27822,40.9714],[29.27828,40.971],[29.2789,40.97081],[29.27893,40.97034],[29.27909,40.97026],[29.27955,40.97039],[29.27954,40.97071],[29.27978,40.97095],[29.28044,40.97096],[29.2807,40.97067],[29.28129,40.97052],[29.2814,40.9701],[29.2806,40.96959],[29.27993,40.96951],[29.28071,40.96912],[29.28103,40.96942],[29.28148,40.96946],[29.28214,40.96903],[29.28215,40.96854],[29.28277,40.96831],[29.2828,40.96786],[29.28311,40.96755],[29.28284,40.96692],[29.28342,40.9667],[29.28352,40.96626],[29.28404,40.96591],[29.28398,40.96561],[29.28358,40.96537],[29.28345,40.96507],[29.28386,40.96484],[29.2839,40.96448],[29.2846,40.96404],[29.28514,40.96395],[29.28543,40.96352],[29.28529,40.96324],[29.28489,40.96307],[29.28354,40.96342],[29.28325,40.96288],[29.28337,40.9624],[29.28292,40.96213],[29.28253,40.96152],[29.2829,40.96137],[29.28304,40.96104],[29.28287,40.96076],[29.28247,40.96063],[29.28319,40.96032],[29.2834,40.96002],[29.28316,40.95939],[29.28289,40.95917],[29.28223,40.95921],[29.28204,40.95968],[29.28166,40.95996],[29.2809,40.95906],[29.28035,40.95901],[29.27998,40.95936],[29.27959,40.95878],[29.27927,40.9586],[29.27887,40.95861],[29.2781,40.95895],[29.27717,40.95847],[29.27658,40.95863],[29.27614,40.95834],[29.27541,40.95848],[29.27496,40.95798],[29.27429,40.95793],[29.27402,40.95753],[29.27366,40.95739],[29.27327,40.95747],[29.27279,40.95784],[29.27263,40.9576],[29.27265,40.95715],[29.27213,40.95691],[29.27175,40.95701],[29.27154,40.95727],[29.2717,40.95767],[29.27155,40.95858],[29.27189,40.95891],[29.27147,40.95907],[29.27122,40.95843],[29.27138,40.95817],[29.27131,40.95791],[29.27096,40.95769],[29.27054,40.95771],[29.27041,40.95711],[29.26992,40.95691],[29.26954,40.95701],[29.26932,40.95734],[29.26882,40.95758],[29.26829,40.95737],[29.26785,40.95744],[29.26759,40.95772],[29.2676,40.95816],[29.26723,40.95806],[29.26682,40.95818],[29.26667,40.95806],[29.26665,40.95767],[29.26631,40.95745],[29.26564,40.95763],[29.26561,40.9581],[29.26526,40.95847],[29.26528,40.95896],[29.26552,40.9592],[29.26463,40.95939],[29.26446,40.96023],[29.26459,40.96051],[29.26493,40.96067],[29.26517,40.96121],[29.26555,40.96139],[29.26511,40.96155],[29.2646,40.96149],[29.26393,40.96178],[29.2637,40.96232],[29.26417,40.96264],[29.2643,40.96292],[29.26368,40.96301],[29.26341,40.96338],[29.26396,40.96399],[29.26383,40.96416],[29.26338,40.96424],[29.26307,40.9641]]]]}}