{"type":"FeatureCollection","features":[{"type":"Feature","properties":{"line":"M1A","name":"Yenikapı – Atatürk Havalimanı","operator":"Metro İstanbul","mode":"subway"},"geometry":{"type":"MultiLineString","coordinates":[[[28.95061,41.00517],[28.95057,41.00573],[28.95051,41.0065]],[[28.95051,41.0065],[28.95045,41.00714]],[[28.95045,41.00714],[28.95028,41.00905],[28.95004,41.01009],[28.94984,41.01055],[28.94966,41.01088],[28.94942,41.01119],[28.94909,41.01152],[28.94824,41.01207],[28.94739,41.01262],[28.94587,41.01339],[28.94569,41.01348],[28.94042,41.01685],[28.93963,41.01743],[28.93166,41.02315],[28.93125,41.02344],[28.93062,41.02388],[28.92948,41.02468],[28.92899,41.02507],[28.92859,41.02539],[28.92831,41.02566],[28.928,41.02601]],[[28.95045,41.00714],[28.95028,41.00905],[28.95004,41.01009],[28.94984,41.01055],[28.94966,41.01088],[28.94942,41.01119],[28.94909,41.01152],[28.94824,41.01207],[28.94739,41.01262],[28.94587,41.01339],[28.94569,41.01348],[28.94042,41.01685],[28.93963,41.01743],[28.93166,41.02315],[28.93125,41.02344],[28.93062,41.02388],[28.92948,41.02468],[28.92899,41.02507],[28.92859,41.02539],[28.92831,41.02566],[28.928,41.02601]],[[28.95051,41.0065],[28.95045,41.00714]],[[28.95051,41.0065],[28.95045,41.00714]],[[28.95045,41.00714],[28.95028,41.00905],[28.95004,41.01009],[28.94984,41.01055],[28.94966,41.01088],[28.94942,41.01119],[28.94909,41.01152],[28.94824,41.01207],[28.94739,41.01262],[28.94587,41.01339],[28.94569,41.01348],[28.94042,41.01685],[28.93963,41.01743],[28.93166,41.02315],[28.93125,41.02344],[28.93062,41.02388],[28.92948,41.02468],[28.92899,41.02507],[28.92859,41.02539],[28.92831,41.02566],[28.928,41.02601]],[[28.928,41.02601],[28.92777,41.02629],[28.92759,41.02657],[28.92743,41.02681],[28.92628,41.02895]],[[28.92628,41.02895],[28.92597,41.02943],[28.92552,41.02991],[28.92514,41.03025],[28.92461,41.03058],[28.92414,41.03083],[28.92351,41.03111]],[[28.92351,41.03111],[28.92241,41.0316],[28.92212,41.03176],[28.92179,41.03196],[28.92152,41.03217],[28.92131,41.03235],[28.92112,41.03256],[28.92095,41.03278],[28.9208,41.03301],[28.92069,41.03326]],[[28.92069,41.03326],[28.92061,41.03342]],[[28.92061,41.03342],[28.92054,41.03358],[28.92032,41.03412],[28.92003,41.03486],[28.91963,41.03567],[28.91942,41.03613],[28.91924,41.03641],[28.91902,41.03667],[28.91882,41.03689],[28.91858,41.03713],[28.91833,41.03731]],[[28.91833,41.03731],[28.91783,41.03768]],[[28.91783,41.03768],[28.91758,41.03783]],[[28.91758,41.03783],[28.91733,41.03798]],[[28.91733,41.03798],[28.91622,41.03866],[28.91559,41.03902],[28.91513,41.03928],[28.9148,41.03943],[28.91446,41.03957],[28.91406,41.03972],[28.91364,41.03985],[28.91316,41.03999],[28.9126,41.04012],[28.91215,41.04022],[28.91163,41.04033],[28.91118,41.04041],[28.91073,41.04047],[28.91035,41.04053],[28.90933,41.04065]],[[28.90933,41.04065],[28.90907,41.04068]],[[28.90907,41.04068],[28.90811,41.0408],[28.90723,41.04091],[28.90651,41.04097],[28.90524,41.04107],[28.90481,41.04111],[28.90449,41.04115],[28.90413,41.04121],[28.90342,41.04136]],[[28.90342,41.04136],[28.90265,41.04151],[28.90215,41.04164],[28.90165,41.0418],[28.90144,41.04191],[28.90122,41.04206],[28.90093,41.04231],[28.90068,41.04259]],[[28.90068,41.04259],[28.90046,41.04286],[28.90032,41.0431],[28.90021,41.04338],[28.90013,41.04365],[28.90011,41.04388],[28.90012,41.04414],[28.90017,41.04442],[28.90026,41.0447],[28.9005,41.04551],[28.90057,41.04589],[28.90055,41.04616],[28.90049,41.04643],[28.9004,41.04669],[28.90031,41.04691],[28.90015,41.04717],[28.89996,41.04741],[28.89968,41.0477],[28.89934,41.04795],[28.89899,41.04816]],[[28.89899,41.04816],[28.89866,41.04831],[28.89832,41.04844],[28.89802,41.04853]],[[28.89802,41.04853],[28.89758,41.04863],[28.89719,41.04866],[28.89677,41.04866],[28.89627,41.04862],[28.89586,41.04858],[28.89546,41.04851],[28.89483,41.04834],[28.8944,41.04819],[28.8942,41.04809],[28.89396,41.04797],[28.89373,41.04782],[28.89357,41.04771],[28.89344,41.0476]],[[28.89344,41.0476],[28.8932,41.04741]],[[28.8932,41.04741],[28.89301,41.04721],[28.89292,41.04711],[28.89286,41.04703],[28.89278,41.04692],[28.89266,41.04671],[28.89258,41.04654],[28.89251,41.04632],[28.89248,41.04616],[28.89246,41.04606],[28.89244,41.04589],[28.89245,41.04558]],[[28.89245,41.04558],[28.89247,41.04529]],[[28.89247,41.04529],[28.89251,41.04501],[28.89261,41.04461],[28.89275,41.04423],[28.89292,41.04389],[28.89321,41.04346],[28.89364,41.04301]],[[28.89364,41.04301],[28.89381,41.04283]],[[28.89381,41.04283],[28.89407,41.04258]],[[28.89409,41.04254],[28.89407,41.04258]],[[28.89475,41.0409],[28.89476,41.04115],[28.89473,41.04137],[28.89464,41.04165],[28.89453,41.04186],[28.89434,41.0422],[28.89409,41.04254]],[[28.8945,41.03942],[28.89462,41.04011],[28.89475,41.0409]],[[28.89443,41.0391],[28.89447,41.03931],[28.8945,41.03942]],[[28.89443,41.0391],[28.89425,41.03866]],[[28.89425,41.03866],[28.8942,41.0385]],[[28.8942,41.0385],[28.894,41.03793],[28.89396,41.0376],[28.89393,41.03725],[28.89393,41.03707],[28.89402,41.03663],[28.89413,41.03628],[28.89424,41.03602],[28.89431,41.03587],[28.89441,41.03573],[28.8946,41.0355],[28.89567,41.03435],[28.89584,41.03413],[28.89597,41.03395],[28.89613,41.03372],[28.89631,41.03343]],[[28.89631,41.03343],[28.89648,41.03314],[28.89668,41.03276],[28.89711,41.03164],[28.89723,41.03138],[28.89744,41.03103],[28.89794,41.03036],[28.89844,41.02968],[28.89856,41.02948],[28.89866,41.02926],[28.89872,41.02905],[28.89878,41.02886],[28.89883,41.02863],[28.89886,41.02837],[28.89901,41.0247],[28.89905,41.02429],[28.89907,41.02409],[28.89911,41.02386],[28.8992,41.0235],[28.89926,41.0233],[28.89934,41.02309],[28.89944,41.02281],[28.89976,41.0219]],[[28.89976,41.0219],[28.89991,41.02146],[28.90025,41.02053],[28.90054,41.01971],[28.90063,41.01944],[28.90065,41.01935],[28.90072,41.01899]],[[28.90072,41.01899],[28.90077,41.01866],[28.90075,41.01836],[28.90073,41.01806],[28.90064,41.01768],[28.90056,41.01744],[28.90048,41.01722],[28.9004,41.01696],[28.90023,41.01634],[28.90014,41.01598],[28.90004,41.01529],[28.89994,41.0142],[28.89991,41.01387],[28.89985,41.01355],[28.8998,41.0133],[28.89969,41.01299],[28.89954,41.0127],[28.89928,41.01231],[28.8985,41.01134]],[[28.8985,41.01134],[28.89728,41.00985],[28.89702,41.00954],[28.89688,41.00934],[28.89675,41.00912],[28.8966,41.00882],[28.89647,41.00856],[28.89636,41.00829],[28.89629,41.00809],[28.89616,41.00762],[28.89588,41.00653],[28.89573,41.00614],[28.89561,41.00589],[28.89545,41.0056],[28.89524,41.00531],[28.89366,41.00351]],[[28.89366,41.00351],[28.89337,41.00318],[28.89311,41.00291],[28.89296,41.00278],[28.89279,41.00264],[28.8925,41.00245],[28.89223,41.00229],[28.89196,41.00215],[28.89176,41.00208],[28.8915,41.00199],[28.89115,41.00189],[28.89088,41.00183],[28.89069,41.0018],[28.89049,41.00178],[28.88958,41.00171],[28.88878,41.00165],[28.88828,41.00161],[28.88752,41.00155],[28.88718,41.0015],[28.8869,41.00145],[28.88662,41.0014],[28.88637,41.00135],[28.88571,41.00114],[28.88553,41.00107]],[[28.88553,41.00107],[28.88533,41.00099],[28.88503,41.00086],[28.88476,41.00072],[28.88443,41.00055]],[[28.88443,41.00055],[28.88198,40.99927],[28.88158,40.99905],[28.88122,40.99884],[28.8788,40.99737],[28.87849,40.9972],[28.87816,40.99705],[28.87785,40.99693],[28.87749,40.99683],[28.87716,40.99676],[28.87692,40.99673],[28.87661,40.99669],[28.87605,40.99666]],[[28.87605,40.99666],[28.87539,40.99664],[28.87057,40.9965],[28.86986,40.99647],[28.86811,40.9963],[28.86615,40.99607],[28.86504,40.9959],[28.86389,40.99566],[28.8633,40.99551],[28.86265,40.99532],[28.86226,40.99519],[28.86207,40.99511],[28.86187,40.99503],[28.86142,40.99484],[28.86081,40.99458],[28.86001,40.99419],[28.85731,40.99278]],[[28.85731,40.99278],[28.85684,40.99254],[28.85636,40.99232],[28.85559,40.99202],[28.85294,40.99116],[28.85253,40.99105]],[[28.85253,40.99105],[28.85203,40.99095]],[[28.85203,40.99095],[28.85165,40.99091],[28.85119,40.99088],[28.85053,40.99089]],[[28.85053,40.99089],[28.85012,40.99093],[28.84966,40.99098],[28.84878,40.99111],[28.84808,40.99121],[28.84756,40.99126],[28.84686,40.99132],[28.84601,40.99138],[28.84413,40.99153],[28.84244,40.99164],[28.84204,40.99166],[28.84179,40.99166],[28.84153,40.99166],[28.84133,40.99163],[28.84112,40.99161],[28.84075,40.99153],[28.84038,40.99143],[28.83999,40.99129],[28.83963,40.99111],[28.83855,40.99048],[28.83825,40.99031],[28.83723,40.98972],[28.83674,40.98944],[28.83596,40.98896],[28.8355,40.98867],[28.83527,40.98855],[28.83502,40.98843],[28.83478,40.98834]],[[28.83478,40.98834],[28.83444,40.98825],[28.83421,40.98818],[28.8339,40.98813],[28.83251,40.98798],[28.83219,40.98794],[28.83182,40.98787],[28.83125,40.98774],[28.83076,40.98759],[28.83027,40.98741],[28.82845,40.98665],[28.827,40.98609],[28.82443,40.98528]],[[28.82443,40.98528],[28.82361,40.98504],[28.82315,40.98489],[28.82279,40.98477],[28.82249,40.98463],[28.82223,40.98449]],[[28.82223,40.98449],[28.82188,40.9843],[28.82164,40.98411],[28.82129,40.98376],[28.82102,40.98334],[28.82089,40.98303],[28.82079,40.98272],[28.82077,40.98229],[28.82079,40.98157],[28.82081,40.98117],[28.82082,40.98097],[28.82085,40.9806],[28.8209,40.98026],[28.82104,40.97974],[28.82118,40.97922]]]}},{"type":"Feature","properties":{"line":"M1B","name":"Yenikapı – Kirazlı","operator":"Metro İstanbul","mode":"subway"},"geometry":{"type":"MultiLineString","coordinates":[[[28.95042,41.0065],[28.95049,41.00572],[28.95053,41.00516]],[[28.95042,41.0065],[28.95043,41.0068],[28.95045,41.00714]],[[28.95045,41.00714],[28.95028,41.00905],[28.95004,41.01009],[28.94984,41.01055],[28.94966,41.01088],[28.94942,41.01119],[28.94909,41.01152],[28.94824,41.01207],[28.94739,41.01262],[28.94587,41.01339],[28.94569,41.01348],[28.94042,41.01685],[28.93963,41.01743],[28.93166,41.02315],[28.93125,41.02344],[28.93062,41.02388],[28.92948,41.02468],[28.92899,41.02507],[28.92859,41.02539],[28.92831,41.02566],[28.928,41.02601]],[[28.928,41.02601],[28.92777,41.02629],[28.92759,41.02657],[28.92743,41.02681],[28.92628,41.02895]],[[28.92628,41.02895],[28.92597,41.02943],[28.92552,41.02991],[28.92514,41.03025],[28.92461,41.03058],[28.92414,41.03083],[28.92351,41.03111]],[[28.92351,41.03111],[28.92241,41.0316],[28.92212,41.03176],[28.92179,41.03196],[28.92152,41.03217],[28.92131,41.03235],[28.92112,41.03256],[28.92095,41.03278],[28.9208,41.03301],[28.92069,41.03326]],[[28.92069,41.03326],[28.92061,41.03342]],[[28.92061,41.03342],[28.92054,41.03358],[28.92032,41.03412],[28.92003,41.03486],[28.91963,41.03567],[28.91942,41.03613],[28.91924,41.03641],[28.91902,41.03667],[28.91882,41.03689],[28.91858,41.03713],[28.91833,41.03731]],[[28.91833,41.03731],[28.91783,41.03768]],[[28.91783,41.03768],[28.91758,41.03783]],[[28.91758,41.03783],[28.91733,41.03798]],[[28.91733,41.03798],[28.91622,41.03866],[28.91559,41.03902],[28.91513,41.03928],[28.9148,41.03943],[28.91446,41.03957],[28.91406,41.03972],[28.91364,41.03985],[28.91316,41.03999],[28.9126,41.04012],[28.91215,41.04022],[28.91163,41.04033],[28.91118,41.04041],[28.91073,41.04047],[28.91035,41.04053],[28.90933,41.04065]],[[28.90933,41.04065],[28.90907,41.04068]],[[28.90907,41.04068],[28.90811,41.0408],[28.90723,41.04091],[28.90651,41.04097],[28.90524,41.04107],[28.90481,41.04111],[28.90449,41.04115],[28.90413,41.04121],[28.90342,41.04136]],[[28.90342,41.04136],[28.90265,41.04151],[28.90215,41.04164],[28.90165,41.0418],[28.90144,41.04191],[28.90122,41.04206],[28.90093,41.04231],[28.90068,41.04259]],[[28.90068,41.04259],[28.90046,41.04286],[28.90032,41.0431],[28.90021,41.04338],[28.90013,41.04365],[28.90011,41.04388],[28.90012,41.04414],[28.90017,41.04442],[28.90026,41.0447],[28.9005,41.04551],[28.90057,41.04589],[28.90055,41.04616],[28.90049,41.04643],[28.9004,41.04669],[28.90031,41.04691],[28.90015,41.04717],[28.89996,41.04741],[28.89968,41.0477],[28.89934,41.04795],[28.89899,41.04816]],[[28.89899,41.04816],[28.89866,41.04831],[28.89832,41.04844],[28.89802,41.04853]],[[28.89802,41.04853],[28.89758,41.04863],[28.89719,41.04866],[28.89677,41.04866],[28.89627,41.04862],[28.89586,41.04858],[28.89546,41.04851],[28.89483,41.04834],[28.8944,41.04819],[28.8942,41.04809],[28.89396,41.04797],[28.89373,41.04782],[28.89357,41.04771],[28.89344,41.0476]],[[28.89344,41.0476],[28.8932,41.04741]],[[28.8932,41.04741],[28.89301,41.04721],[28.89292,41.04711],[28.89286,41.04703],[28.89278,41.04692],[28.89266,41.04671],[28.89258,41.04654],[28.89251,41.04632],[28.89248,41.04616],[28.89246,41.04606],[28.89244,41.04589],[28.89245,41.04558]],[[28.89245,41.04558],[28.89247,41.04529]],[[28.89247,41.04529],[28.89251,41.04501],[28.89261,41.04461],[28.89275,41.04423],[28.89292,41.04389],[28.89321,41.04346],[28.89364,41.04301]],[[28.89364,41.04301],[28.89379,41.04282]],[[28.89379,41.04282],[28.89404,41.04252]],[[28.89404,41.04252],[28.89426,41.04217],[28.89445,41.04184],[28.89456,41.04163],[28.89462,41.04138],[28.89462,41.04115],[28.89461,41.04092]],[[28.89461,41.04092],[28.89447,41.04012],[28.89436,41.03943]],[[28.89436,41.03943],[28.89432,41.03922],[28.89427,41.0391],[28.89418,41.03891],[28.89398,41.03863],[28.89373,41.03833],[28.89356,41.03815],[28.89343,41.03797],[28.89327,41.03778],[28.89305,41.03756],[28.89285,41.03739],[28.89258,41.03721],[28.89228,41.03706],[28.89194,41.03694]],[[28.89194,41.03694],[28.89164,41.03686],[28.89145,41.03682],[28.89128,41.0368],[28.89105,41.03678],[28.8907,41.03678],[28.89042,41.0368],[28.89019,41.03683]],[[28.89019,41.03683],[28.88987,41.03691],[28.88945,41.03706],[28.88907,41.03723],[28.8888,41.03739],[28.88857,41.03755],[28.88822,41.03785],[28.88806,41.03801],[28.88784,41.03826],[28.88742,41.03889],[28.88713,41.03932],[28.88656,41.04017],[28.88581,41.04129]],[[28.88581,41.04129],[28.88563,41.0415],[28.88535,41.04186],[28.88503,41.04225],[28.88472,41.04259],[28.88425,41.04301],[28.88388,41.04327],[28.88331,41.04351],[28.88281,41.04364],[28.88215,41.04375],[28.88153,41.04379],[28.88102,41.04377],[28.88057,41.04371],[28.88007,41.04359],[28.87974,41.04345],[28.87908,41.04314],[28.87845,41.0428],[28.87725,41.04218],[28.87667,41.04186],[28.87638,41.04167],[28.87609,41.04143],[28.87559,41.04096],[28.87431,41.03971],[28.87405,41.03947],[28.87107,41.03709],[28.87062,41.03676],[28.87014,41.03641],[28.86847,41.03517],[28.86796,41.03484],[28.8676,41.03464],[28.86708,41.03444],[28.86651,41.0343],[28.86528,41.0341],[28.86423,41.03404],[28.86357,41.03407],[28.8574,41.03466],[28.8568,41.03473],[28.85665,41.03474],[28.85591,41.03482],[28.85475,41.03495],[28.85368,41.0351],[28.85269,41.0353],[28.85156,41.03558],[28.84831,41.03686],[28.8479,41.037],[28.84751,41.03707],[28.84723,41.03709],[28.84672,41.03707],[28.84622,41.03699],[28.84548,41.03683],[28.84495,41.03663],[28.84447,41.03639],[28.8439,41.03591],[28.84347,41.03539],[28.84309,41.03468],[28.84251,41.03311]],[[28.84251,41.03311],[28.84234,41.03249],[28.84216,41.03186],[28.84195,41.03109]]]}},{"type":"Feature","properties":{"line":"M2","name":"Yenikapı – Seyrantepe – Hacıosman","operator":"Metro İstanbul","mode":"subway"},"geometry":{"type":"MultiLineString","coordinates":[[[28.95007,41.00517],[28.95159,41.00547],[28.95264,41.00568],[28.95458,41.00611],[28.95703,41.00666],[28.9577,41.00684],[28.95815,41.007],[28.9585,41.00716],[28.95875,41.00733],[28.95895,41.0075],[28.95916,41.00772],[28.95944,41.00825],[28.95957,41.00867],[28.95968,41.00922],[28.95978,41.01049]],[[28.95978,41.01049],[28.95991,41.01225],[28.96,41.01349]],[[28.96,41.01349],[28.96003,41.01396],[28.96008,41.01449],[28.9602,41.01499],[28.96032,41.01533],[28.96048,41.0157],[28.96078,41.0162],[28.96119,41.01678],[28.96177,41.0175],[28.96306,41.01888],[28.96346,41.01932]],[[28.96346,41.01932],[28.96397,41.01985],[28.96664,41.02262],[28.96943,41.02552],[28.9699,41.02601]],[[28.9699,41.02601],[28.9709,41.02704],[28.9713,41.02738],[28.97164,41.02757],[28.97191,41.02772],[28.9728,41.02817],[28.97368,41.02861],[28.97488,41.02922]],[[28.97488,41.02922],[28.97629,41.02998],[28.97715,41.0305],[28.98436,41.03517],[28.9848,41.03558],[28.98509,41.03595],[28.98525,41.03631],[28.98551,41.03722],[28.98575,41.03802],[28.98603,41.03893],[28.98672,41.04097],[28.98684,41.04147],[28.9869,41.04199],[28.98683,41.04392],[28.9868,41.04449],[28.9868,41.04488],[28.98683,41.04527],[28.98692,41.04593],[28.98756,41.04797],[28.98773,41.04866],[28.98783,41.04948],[28.98787,41.05029],[28.98787,41.05109],[28.98779,41.05181],[28.98762,41.05279],[28.98736,41.05419],[28.98681,41.05835],[28.98678,41.05879],[28.9868,41.05912],[28.98683,41.05943],[28.98689,41.05973],[28.98706,41.06011],[28.9872,41.06039],[28.98741,41.06068],[28.98765,41.06098],[28.98794,41.0613],[28.99104,41.06322],[28.99196,41.0638],[28.9929,41.06441],[28.99583,41.06635],[28.99641,41.0666],[28.99688,41.06677],[28.99735,41.06686],[28.99788,41.06692],[29.00519,41.06745],[29.00668,41.06767],[29.00848,41.06808],[29.0103,41.06867],[29.01117,41.06897],[29.01226,41.06936],[29.01372,41.06993],[29.01462,41.07039],[29.01489,41.07059],[29.01516,41.0709],[29.01534,41.07114],[29.01557,41.07152],[29.01567,41.07183],[29.01571,41.07208],[29.01576,41.07233],[29.01577,41.07256],[29.01578,41.07285],[29.01573,41.07318],[29.01565,41.07342],[29.01483,41.07529],[29.01452,41.07594]],[[29.01452,41.07594],[29.0138,41.07706],[29.01323,41.07795]],[[29.01323,41.07795],[29.01203,41.07959],[29.01129,41.0805],[29.0103,41.0815],[29.00977,41.08207],[29.00872,41.08331],[29.00843,41.08376],[29.00832,41.08402],[29.00774,41.08542],[29.00734,41.08615],[29.00695,41.08692],[29.00666,41.08754],[29.00632,41.08834],[29.00504,41.09177],[29.00495,41.0921],[29.00495,41.09234]],[[29.02602,41.13569],[29.02514,41.13172],[29.02507,41.13132],[29.02506,41.13085],[29.02513,41.13009],[29.02525,41.1293],[29.02538,41.1285],[29.02554,41.12702],[29.02551,41.12652],[29.0254,41.12605],[29.02514,41.12543],[29.02474,41.12443],[29.02423,41.12303],[29.02407,41.12241],[29.02402,41.12187],[29.02402,41.12139],[29.02408,41.1209],[29.02431,41.11885],[29.02435,41.11822],[29.02443,41.11723],[29.02443,41.11721],[29.02463,41.11409],[29.02477,41.11354],[29.02555,41.11077],[29.02563,41.11026],[29.02558,41.10996],[29.02543,41.10963],[29.0252,41.10932],[29.02492,41.10904],[29.02455,41.10878],[29.02395,41.10847],[29.02366,41.10838],[29.02291,41.10818],[29.02207,41.10806],[29.021,41.10791],[29.01991,41.1078],[29.01778,41.10752],[29.01699,41.10738],[29.01628,41.10719],[29.01553,41.10692],[29.01487,41.10667],[29.01409,41.10629],[29.01349,41.10595],[29.01286,41.10557],[29.00954,41.10329],[29.00872,41.10263],[29.00799,41.10196],[29.00733,41.10109],[29.00703,41.10058],[29.00687,41.10013],[29.00581,41.09585],[29.00558,41.09495],[29.00537,41.09418],[29.00515,41.0934],[29.00498,41.09279],[29.00495,41.09234]],[[29.02602,41.13569],[29.02611,41.13605],[29.02628,41.13661],[29.02639,41.13692],[29.02664,41.13727],[29.02678,41.13741],[29.02704,41.1376],[29.02784,41.13808],[29.0306,41.13966],[29.03324,41.14125]],[[29.00557,41.09416],[29.00581,41.09493],[29.00611,41.09585],[29.00634,41.09644],[29.0064,41.09669],[29.0064,41.0969],[29.00639,41.09718],[29.00634,41.09741],[29.00624,41.09781],[29.00617,41.09802],[29.00609,41.09821],[29.00593,41.09846],[29.00568,41.09876],[29.00524,41.0992],[29.00479,41.0996],[29.00447,41.09984],[29.00398,41.10012]],[[29.00398,41.10012],[29.00367,41.10028],[29.0033,41.10043],[29.00288,41.10059],[29.00213,41.10079],[29.00039,41.1011],[28.99969,41.10119],[28.99899,41.10122],[28.99779,41.10121],[28.99732,41.10122],[28.99574,41.10129]]]}},{"type":"Feature","properties":{"line":"M3","name":"Bakırköy Sahil – Kayaşehir Merkez","operator":"Metro İstanbul","mode":"subway"},"geometry":{"type":"MultiLineString","coordinates":[[[28.86798,40.97356],[28.87051,40.97322],[28.87097,40.97322],[28.87131,40.97325],[28.87166,40.97328],[28.87205,40.97334],[28.87268,40.97346],[28.87363,40.97363],[28.87414,40.97374],[28.87485,40.97389],[28.8756,40.97411],[28.87606,40.97431],[28.8764,40.97452],[28.87672,40.97472],[28.87696,40.97491],[28.87731,40.97532],[28.8775,40.97559],[28.87775,40.97599],[28.87787,40.97629],[28.8779,40.97665],[28.87786,40.9769],[28.87779,40.97714],[28.87767,40.97744],[28.8774,40.97786],[28.8772,40.97813],[28.87676,40.97869],[28.87536,40.98029],[28.87515,40.98057],[28.87479,40.98108],[28.87431,40.98179],[28.87247,40.98454],[28.8723,40.98494],[28.8723,40.98495],[28.87212,40.98545],[28.87206,40.98599],[28.87203,40.98668],[28.87205,40.98709],[28.8721,40.98766],[28.87218,40.98801],[28.87232,40.98843],[28.87251,40.98892],[28.8728,40.98947],[28.87336,40.9903],[28.87382,40.99085],[28.87579,40.99273],[28.87602,40.99303],[28.87617,40.99333],[28.87627,40.99367],[28.87635,40.99407],[28.87638,40.99451],[28.87639,40.99489],[28.87637,40.99521],[28.87632,40.99551],[28.87627,40.99576],[28.87621,40.99596],[28.8761,40.99626],[28.87532,40.99765],[28.87442,40.99926],[28.87417,40.99964],[28.87397,40.99992],[28.87382,41.00015],[28.87367,41.00063],[28.87352,41.00175],[28.8735,41.00255],[28.87347,41.00283],[28.8734,41.0031],[28.87323,41.00332],[28.8719,41.0047],[28.87121,41.00537],[28.86678,41.01077],[28.86639,41.01114],[28.86573,41.01173],[28.86426,41.01305],[28.86355,41.01372],[28.86304,41.01429],[28.8626,41.01484],[28.86236,41.01515],[28.86215,41.01548],[28.86184,41.0161],[28.8615,41.01708],[28.86137,41.01737],[28.86117,41.01768],[28.86098,41.01788],[28.86063,41.01817],[28.86011,41.01851],[28.85783,41.01957],[28.85701,41.01993],[28.85629,41.02019],[28.85537,41.02045],[28.85242,41.02119],[28.8519,41.02139],[28.85144,41.02161],[28.85086,41.02196],[28.85048,41.02227],[28.8501,41.02264],[28.84974,41.02307],[28.8495,41.02341],[28.84906,41.02415]],[[28.84906,41.02415],[28.84889,41.02445],[28.84845,41.02527],[28.84808,41.02596],[28.84762,41.0268],[28.84744,41.02709],[28.84718,41.02747],[28.84681,41.02775],[28.84544,41.02859],[28.84513,41.02883],[28.84494,41.029],[28.84476,41.02921],[28.8436,41.03113],[28.84308,41.03205],[28.84256,41.03291],[28.84223,41.0335]],[[28.84223,41.0335],[28.84173,41.03435],[28.84131,41.03503],[28.84091,41.03547],[28.84041,41.03585],[28.83965,41.03638],[28.83767,41.03737],[28.83706,41.03787],[28.83671,41.03838],[28.8365,41.03894],[28.8363,41.03964],[28.83612,41.04043],[28.83594,41.04121],[28.83544,41.04282],[28.83414,41.046],[28.83089,41.05169],[28.83057,41.05227],[28.83042,41.05259],[28.83034,41.05289],[28.83031,41.05317],[28.83032,41.05345],[28.83038,41.05376],[28.83061,41.05489],[28.83089,41.05618],[28.831,41.05665],[28.83106,41.05716],[28.83102,41.05774],[28.83088,41.05847],[28.83061,41.05928],[28.83003,41.06036],[28.82816,41.06309],[28.82676,41.06448],[28.82608,41.06508],[28.82539,41.06568],[28.82431,41.06655],[28.82214,41.06785],[28.82084,41.06835],[28.81928,41.06873],[28.81787,41.06893],[28.8073,41.06934],[28.80637,41.06951],[28.80575,41.06974],[28.80525,41.07008],[28.80382,41.0714],[28.80304,41.07209],[28.80247,41.07261],[28.802,41.07303],[28.80059,41.07427],[28.79951,41.07525],[28.79788,41.07752],[28.79754,41.07805],[28.79739,41.07853],[28.79731,41.07924],[28.79732,41.0799],[28.79739,41.08032],[28.79763,41.08116],[28.79783,41.08185],[28.79794,41.08222],[28.79811,41.08335],[28.7981,41.08447],[28.79777,41.08597],[28.79705,41.08753],[28.79665,41.08828],[28.79628,41.08898],[28.79588,41.08969],[28.79547,41.0903],[28.79476,41.09091],[28.79192,41.09323],[28.79135,41.09378],[28.79098,41.09445],[28.79085,41.09512],[28.79085,41.09582],[28.79115,41.0969],[28.79146,41.09778],[28.7917,41.09845],[28.79208,41.09907],[28.7926,41.09973],[28.7932,41.10017],[28.79375,41.10051],[28.80087,41.10344],[28.80111,41.10359],[28.80129,41.10376],[28.80137,41.10389],[28.80145,41.10411],[28.80151,41.10434],[28.80158,41.10614],[28.8016,41.10741],[28.80162,41.1082],[28.80164,41.10909],[28.80164,41.11019],[28.80143,41.11293],[28.80137,41.11317],[28.80125,41.11345],[28.80109,41.11378],[28.80087,41.11409],[28.8006,41.11434],[28.80024,41.11457],[28.79992,41.11473],[28.79944,41.11492],[28.799,41.11504],[28.79863,41.11511],[28.79807,41.1152],[28.79777,41.11523],[28.79743,41.11523],[28.7969,41.11521],[28.79647,41.11517],[28.79602,41.11511],[28.79545,41.115],[28.79461,41.11482],[28.79376,41.11458],[28.79047,41.11354],[28.78618,41.11215],[28.78586,41.11202],[28.78559,41.11189],[28.78511,41.1116],[28.78472,41.11129],[28.78436,41.11088],[28.78408,41.11049],[28.78387,41.11017],[28.78365,41.10977],[28.7835,41.10926],[28.78344,41.10876],[28.78347,41.10622],[28.78346,41.10589],[28.78342,41.10551],[28.78331,41.10525],[28.78326,41.10511],[28.78312,41.10492]],[[28.78312,41.10492],[28.78275,41.10453],[28.78246,41.10432],[28.78201,41.10404],[28.78165,41.10387],[28.78096,41.1037],[28.78045,41.1036],[28.77936,41.10348]],[[28.77936,41.10348],[28.77929,41.10347],[28.77884,41.10343],[28.77756,41.10329],[28.77617,41.10313],[28.77429,41.103],[28.77325,41.10287],[28.7728,41.10285],[28.77229,41.10286],[28.77196,41.10289],[28.77167,41.10292],[28.77133,41.103],[28.77105,41.10309],[28.77079,41.10318],[28.77051,41.1033],[28.77003,41.10359],[28.76964,41.10389],[28.76931,41.10419],[28.76907,41.10444],[28.76891,41.10467],[28.76872,41.10505],[28.76826,41.10688],[28.76806,41.10774],[28.76783,41.1087],[28.76677,41.1133],[28.76667,41.11383],[28.76657,41.11434],[28.76649,41.11512],[28.76639,41.11601],[28.76635,41.11737],[28.76636,41.11796],[28.76638,41.11903]]]}},{"type":"Feature","properties":{"line":"M4","name":"Kadıköy – Sabiha Gökçen Havalimanı","operator":"Metro İstanbul","mode":"subway"},"geometry":{"type":"MultiLineString","coordinates":[[[29.02222,40.99049],[29.02296,40.99101],[29.02353,40.99147],[29.02377,40.99161]],[[29.02377,40.99161],[29.02433,40.99194]],[[29.02433,40.99194],[29.02548,40.99251],[29.02735,40.99371],[29.02789,40.99419],[29.02837,40.99478],[29.02879,40.99558],[29.02998,40.99842],[29.03034,40.99945],[29.03058,41.00018],[29.03102,41.00142],[29.03114,41.00179],[29.03123,41.00202],[29.03153,41.00242],[29.03175,41.00264],[29.03201,41.00285],[29.03229,41.00303],[29.03261,41.00318],[29.03292,41.00331],[29.0332,41.00342],[29.03347,41.00352],[29.03382,41.00361],[29.03415,41.00367],[29.03452,41.00369],[29.03556,41.00367],[29.03693,41.00352],[29.03836,41.00327],[29.04088,41.00285],[29.04333,41.00239],[29.04432,41.00218],[29.04549,41.00194],[29.05258,41.00063],[29.05397,41.00023],[29.05505,40.9999],[29.05904,40.99831],[29.05995,40.99795],[29.06098,40.99753],[29.06314,40.99674],[29.06943,40.99442],[29.07054,40.99397],[29.07146,40.9936],[29.0759,40.99152],[29.08501,40.98798],[29.08597,40.98751],[29.08689,40.98698],[29.08752,40.9865],[29.08886,40.98543],[29.09026,40.98448],[29.09165,40.98352],[29.09387,40.98224],[29.09613,40.98057],[29.09692,40.98002],[29.09737,40.97968],[29.09762,40.97942],[29.09789,40.97913],[29.09808,40.97881],[29.09836,40.97822],[29.09852,40.97775],[29.09913,40.97602],[29.09943,40.97529],[29.09976,40.97449],[29.0999,40.97411],[29.09996,40.97395],[29.1,40.97379],[29.10007,40.97356],[29.10012,40.97341],[29.10017,40.97327],[29.10041,40.97258],[29.10049,40.97239],[29.10057,40.97218],[29.10067,40.97197],[29.10305,40.96744],[29.10344,40.96686],[29.10448,40.96526],[29.1051,40.96455],[29.10569,40.96385],[29.10789,40.9617],[29.12117,40.94943],[29.12188,40.94887],[29.12264,40.94827],[29.12525,40.94647],[29.12806,40.94447],[29.13543,40.93886],[29.13569,40.93865],[29.13863,40.93632],[29.13935,40.93575],[29.14594,40.93048],[29.14662,40.92989],[29.14733,40.92927],[29.14877,40.9281],[29.14921,40.92768],[29.14973,40.92711],[29.15034,40.92634],[29.15096,40.92554],[29.15146,40.92505],[29.15187,40.92474],[29.15233,40.92447],[29.15364,40.92403],[29.15462,40.92372],[29.15574,40.92336],[29.15704,40.92304],[29.1572,40.92301],[29.16423,40.92139],[29.16538,40.92101],[29.16631,40.92072],[29.16743,40.92037],[29.1696,40.91969],[29.17069,40.91927],[29.17331,40.91805],[29.17396,40.9177],[29.17467,40.91741],[29.17545,40.91714],[29.17717,40.91657],[29.17816,40.91626],[29.17914,40.91596],[29.1814,40.91534],[29.18207,40.91519],[29.18264,40.91507],[29.18323,40.91496],[29.18384,40.91487],[29.18861,40.91427],[29.18923,40.91413],[29.18963,40.91402],[29.18999,40.9139],[29.19139,40.91343],[29.19236,40.9131],[29.19341,40.91274],[29.1993,40.91064],[29.20165,40.90994],[29.20492,40.90894],[29.20524,40.90884],[29.20876,40.90764],[29.2095,40.90733],[29.21035,40.90691],[29.21119,40.90647],[29.21211,40.90599],[29.21417,40.90473],[29.22265,40.89933],[29.22401,40.89851],[29.22456,40.89818],[29.22568,40.89737],[29.22699,40.89651],[29.22783,40.89596],[29.23023,40.89435],[29.23774,40.889],[29.23846,40.88855],[29.24017,40.8874],[29.2436,40.88499]],[[29.2436,40.88499],[29.24461,40.88437]],[[29.24461,40.88437],[29.24554,40.88378],[29.24671,40.88301],[29.24729,40.88267],[29.24773,40.88246],[29.24872,40.88204],[29.24969,40.88161],[29.25042,40.88133],[29.2513,40.88108],[29.25189,40.881]],[[29.25189,40.881],[29.25382,40.88087],[29.25481,40.8809],[29.25605,40.88118],[29.25694,40.8814],[29.25829,40.88182],[29.25906,40.88218],[29.25997,40.88268],[29.26073,40.88348],[29.26133,40.88446],[29.26204,40.88605],[29.26246,40.88752]],[[29.26246,40.88752],[29.26265,40.88883],[29.26284,40.88992]],[[29.26284,40.88992],[29.26312,40.89143],[29.26482,40.89603],[29.26529,40.89685],[29.26581,40.89753],[29.26738,40.89892],[29.26872,40.89988],[29.26942,40.90047],[29.27035,40.90126],[29.27096,40.90168],[29.27152,40.90202],[29.27209,40.90234],[29.27293,40.90273],[29.27376,40.90308],[29.27512,40.90363],[29.27735,40.90452],[29.2904,40.91013],[29.29098,40.91034],[29.29162,40.91049],[29.29228,40.91054],[29.29302,40.91046],[29.29489,40.9101],[29.2961,40.90985],[29.29847,40.90937],[29.29901,40.90919],[29.29967,40.90886],[29.30019,40.90836],[29.30198,40.90526],[29.30247,40.90471],[29.30299,40.90434],[29.30369,40.90397],[29.30414,40.90384],[29.30485,40.90377],[29.3057,40.90375],[29.30631,40.90379],[29.30704,40.9039],[29.3076,40.9041],[29.3082,40.9044],[29.30857,40.90463],[29.30911,40.90495]],[[29.30911,40.90495],[29.31056,40.90588]],[[29.31056,40.90588],[29.31148,40.90644]]]}},{"type":"Feature","properties":{"line":"M5","name":"Üsküdar – Sultanbeyli","operator":"Metro İstanbul","mode":"subway"},"geometry":{"type":"MultiLineString","coordinates":[[[29.01278,41.02527],[29.01388,41.02545],[29.01657,41.02588],[29.01695,41.02598],[29.01722,41.02607],[29.01748,41.02621],[29.01789,41.02643],[29.01811,41.02658],[29.01925,41.02737],[29.01947,41.02751],[29.01972,41.02764],[29.01997,41.02774],[29.02038,41.02789],[29.02092,41.02801],[29.02169,41.02806],[29.02364,41.02801]],[[29.02364,41.02801],[29.02568,41.02795],[29.02772,41.028],[29.02859,41.02805],[29.02945,41.02809],[29.03147,41.02818],[29.03187,41.02815],[29.03212,41.0281],[29.03238,41.02803],[29.03277,41.02788],[29.03329,41.0276],[29.03354,41.02744],[29.03392,41.02713],[29.03418,41.02677],[29.03436,41.02624],[29.03464,41.02419],[29.03482,41.02358],[29.03535,41.02281],[29.03632,41.02176],[29.037,41.02103],[29.03735,41.0207],[29.03762,41.02043],[29.03785,41.02025],[29.03822,41.01997],[29.03858,41.01978],[29.03903,41.01961],[29.03997,41.01934],[29.04092,41.01925],[29.04173,41.01929],[29.04238,41.01938],[29.04321,41.01966],[29.04606,41.02115],[29.04688,41.02144],[29.04844,41.02177],[29.04991,41.02209],[29.05185,41.02251],[29.05669,41.02367],[29.05751,41.0238],[29.05806,41.02381],[29.05864,41.02375],[29.05903,41.02368],[29.05934,41.02359],[29.05974,41.02346],[29.06018,41.02326],[29.06086,41.02282],[29.06193,41.02209],[29.06428,41.02051],[29.06828,41.01669],[29.06933,41.01594],[29.07002,41.01559],[29.07076,41.01537],[29.07152,41.01524],[29.07225,41.01516],[29.073,41.01518],[29.07373,41.01532],[29.07449,41.0155],[29.07513,41.01571],[29.07642,41.01617],[29.07811,41.01677],[29.07858,41.017],[29.07902,41.01726],[29.0795,41.01774],[29.07977,41.01814],[29.08001,41.01859],[29.08008,41.01904],[29.07991,41.02101],[29.08002,41.02157],[29.08013,41.02199],[29.08028,41.02234],[29.08051,41.02271],[29.08078,41.02307],[29.08107,41.02336],[29.08145,41.02362],[29.08202,41.02387],[29.08258,41.02407],[29.08338,41.02423],[29.08472,41.02445],[29.08776,41.02494],[29.08949,41.0252],[29.09065,41.0254],[29.09356,41.02611],[29.09398,41.02619],[29.09442,41.0262],[29.09483,41.02617],[29.0965,41.02593],[29.09736,41.0258],[29.09875,41.02558],[29.10595,41.02448],[29.10868,41.02408],[29.11023,41.02383],[29.11104,41.02364],[29.11176,41.02345],[29.11481,41.02257],[29.11685,41.02194],[29.11824,41.02149],[29.11907,41.02125],[29.12065,41.02082],[29.12131,41.02067],[29.12204,41.02061],[29.12261,41.02063],[29.12574,41.02109],[29.1264,41.02111],[29.12726,41.02103],[29.12779,41.02092],[29.1283,41.02076],[29.12909,41.02043],[29.13048,41.01969],[29.13452,41.01742],[29.13525,41.01713],[29.1361,41.01685],[29.13712,41.01666],[29.1406,41.01648],[29.14325,41.01633],[29.15086,41.01594],[29.1518,41.0159],[29.15273,41.01585],[29.15955,41.0154],[29.16148,41.01527],[29.16191,41.01524],[29.16287,41.01521],[29.16357,41.01518],[29.1652,41.01514],[29.16587,41.01519],[29.17505,41.01666],[29.17554,41.01675],[29.17604,41.01675],[29.17642,41.01673],[29.1768,41.01671],[29.1773,41.01664],[29.17771,41.01654],[29.17935,41.01598],[29.18059,41.01555],[29.1813,41.01536],[29.18189,41.01526],[29.18243,41.01519],[29.18388,41.01504],[29.1848,41.01497],[29.18687,41.01473],[29.18829,41.01459],[29.1895,41.01446],[29.1901,41.0144],[29.19125,41.01428],[29.19163,41.01422],[29.19198,41.01415]],[[29.19198,41.01415],[29.19248,41.01404],[29.19299,41.01387],[29.19337,41.0137],[29.19364,41.01352],[29.19385,41.01336],[29.1941,41.01315],[29.19582,41.01123],[29.19628,41.01082],[29.1965,41.01066],[29.19676,41.0105],[29.1971,41.0103],[29.19807,41.00984],[29.19877,41.00954],[29.2006,41.00879],[29.20103,41.00868],[29.20155,41.0086],[29.20212,41.00858],[29.20259,41.00863],[29.20322,41.00876],[29.20405,41.00896],[29.20798,41.01042]],[[29.20798,41.01042],[29.2085,41.01055],[29.209,41.01062],[29.20952,41.01061],[29.2101,41.01057],[29.21073,41.01045],[29.21123,41.01032],[29.21256,41.00992],[29.21403,41.00946],[29.21443,41.00929],[29.21478,41.00909],[29.21525,41.00873],[29.21559,41.00838],[29.21592,41.0079],[29.21613,41.0074],[29.21621,41.00686],[29.216,41.00496]],[[29.216,41.00496],[29.21597,41.00439],[29.21599,41.00416],[29.21605,41.00386],[29.21667,41.00251],[29.21711,41.00163],[29.21745,41.00094],[29.21834,40.99916],[29.21856,40.99885],[29.21879,40.99857],[29.21905,40.99829],[29.2193,40.99806],[29.21959,40.99787],[29.21992,40.99768],[29.22664,40.99478],[29.22714,40.9945],[29.22756,40.99418],[29.22781,40.99393],[29.22807,40.99362],[29.22826,40.99332],[29.22866,40.99255],[29.22889,40.99205],[29.22922,40.99135],[29.22996,40.98982],[29.23016,40.98953],[29.23037,40.98929],[29.23184,40.98784],[29.23208,40.98756],[29.23225,40.98726],[29.23236,40.98692],[29.23241,40.98658],[29.23242,40.9861],[29.23235,40.98568],[29.23223,40.98535],[29.23129,40.98381]],[[29.23129,40.98381],[29.22947,40.98101],[29.22929,40.98066],[29.22923,40.9802],[29.22925,40.9797],[29.22932,40.97922],[29.22948,40.97884],[29.22984,40.9783],[29.23088,40.97728],[29.23143,40.97673]],[[29.23143,40.97673],[29.23213,40.97599],[29.23282,40.97521],[29.23316,40.97467],[29.23555,40.97085],[29.23601,40.97044],[29.23638,40.97019],[29.23697,40.96991],[29.23919,40.96908],[29.23993,40.96883],[29.2408,40.96854],[29.24307,40.96787],[29.24471,40.96754],[29.24604,40.96735],[29.24745,40.96724],[29.24866,40.96725],[29.24949,40.96728],[29.25041,40.96739],[29.25137,40.96755],[29.25434,40.96838],[29.25506,40.96857],[29.25638,40.96894],[29.26156,40.9704],[29.26217,40.97051],[29.26298,40.97058],[29.26375,40.97055],[29.26458,40.97047],[29.26529,40.97031],[29.26579,40.97017],[29.26628,40.97],[29.26687,40.96975],[29.26733,40.96951],[29.26794,40.96917],[29.26898,40.9686],[29.26953,40.96826],[29.26969,40.96816],[29.2701,40.96789],[29.27062,40.9675],[29.27098,40.9672],[29.27138,40.96686],[29.27178,40.96649],[29.27248,40.9659]]]}},{"type":"Feature","properties":{"line":"M6","name":"Levent – Boğaziçi Üniversitesi/Hisarüstü","operator":"Metro İstanbul","mode":"subway"},"geometry":{"type":"MultiLineString","coordinates":[[[29.01394,41.07563],[29.01447,41.0758],[29.01501,41.07597],[29.01561,41.07621]],[[29.01561,41.07621],[29.0161,41.07634],[29.01708,41.07651],[29.0189,41.07673],[29.02276,41.07725]],[[29.02276,41.07725],[29.02344,41.07731],[29.024,41.07735],[29.02455,41.07739],[29.02542,41.07745]],[[29.02542,41.07745],[29.02801,41.07766],[29.02853,41.07776],[29.02909,41.07802],[29.03627,41.08151],[29.03659,41.0817]],[[29.03659,41.0817],[29.03722,41.08211],[29.03764,41.08244],[29.038,41.08272],[29.03845,41.08317]],[[29.03845,41.08317],[29.0392,41.08375],[29.04,41.08428],[29.04107,41.08465],[29.04382,41.08511]],[[29.04382,41.08511],[29.04435,41.08517],[29.04489,41.08522],[29.04564,41.0853],[29.04635,41.08538]]]}},{"type":"Feature","properties":{"line":"M7","name":"Yıldız – Mahmutbey","operator":"Metro İstanbul","mode":"subway"},"geometry":{"type":"MultiLineString","coordinates":[[[28.99556,41.06531],[28.99446,41.06552],[28.99313,41.06579],[28.99269,41.06588],[28.99179,41.06607],[28.99119,41.06621],[28.99011,41.06652]],[[28.99011,41.06652],[28.98938,41.06674],[28.98827,41.06708],[28.98527,41.06783],[28.98482,41.06798],[28.98405,41.06827],[28.98349,41.06852],[28.98308,41.06877],[28.98267,41.06907],[28.98229,41.06939],[28.98134,41.07016],[28.98063,41.0708],[28.97986,41.07148],[28.97913,41.07219],[28.97883,41.07256],[28.97851,41.07297],[28.97833,41.07323],[28.97806,41.07368],[28.97788,41.07422],[28.97711,41.07677],[28.97688,41.07731]],[[28.97688,41.07731],[28.97674,41.07753],[28.97657,41.0778],[28.97641,41.07799],[28.97614,41.07826],[28.97583,41.07851],[28.9757,41.07861]],[[28.9757,41.07861],[28.97541,41.07879],[28.9751,41.07895],[28.97472,41.07911],[28.97316,41.07966],[28.97174,41.08016],[28.96988,41.08079]],[[28.96988,41.08079],[28.96962,41.08087]],[[28.96962,41.08087],[28.96913,41.081],[28.96862,41.0811],[28.96818,41.08114],[28.96768,41.08116],[28.96706,41.08112],[28.96639,41.08104],[28.96579,41.0809],[28.96521,41.08072],[28.9645,41.08046],[28.96328,41.07996],[28.96227,41.07954],[28.9606,41.07894],[28.96015,41.07883],[28.95964,41.07877],[28.95899,41.07876],[28.95598,41.07883],[28.95334,41.07892],[28.95268,41.07896]],[[28.95268,41.07896],[28.9522,41.07899]],[[28.9522,41.07899],[28.95083,41.07908],[28.94959,41.07917],[28.94852,41.07924],[28.94779,41.0793],[28.947,41.07938]],[[28.947,41.07938],[28.94025,41.08032],[28.93933,41.0804],[28.93834,41.08042],[28.93744,41.08038],[28.93619,41.08028],[28.93492,41.08019],[28.93099,41.07975],[28.93024,41.07972],[28.92925,41.07973],[28.92818,41.07976],[28.92691,41.07979],[28.926,41.07984],[28.92555,41.07992],[28.92508,41.08006],[28.92464,41.08026],[28.9229,41.0814],[28.92249,41.08162],[28.92197,41.08179],[28.92146,41.08189],[28.92051,41.08205],[28.91961,41.08221],[28.91834,41.08241],[28.91747,41.08255],[28.91585,41.08282],[28.91515,41.08301],[28.91452,41.08323],[28.91399,41.08349],[28.91255,41.08441],[28.91216,41.08461],[28.91162,41.08481],[28.91096,41.085],[28.90855,41.08546],[28.90671,41.0858],[28.90604,41.08587],[28.90545,41.08587],[28.90481,41.08581],[28.90432,41.08572],[28.90379,41.0856],[28.90325,41.08541],[28.90287,41.08522],[28.90254,41.08503],[28.90044,41.08355],[28.89993,41.08323],[28.89956,41.08306],[28.89918,41.08291],[28.89858,41.08274],[28.898,41.08265],[28.89753,41.08262],[28.89708,41.08264],[28.89657,41.08273],[28.89614,41.08285],[28.89562,41.08301],[28.89477,41.0833],[28.89281,41.08397],[28.89177,41.08432],[28.88798,41.08558],[28.88718,41.08579],[28.88585,41.08601],[28.88454,41.08607],[28.88343,41.08607],[28.88223,41.08602],[28.88146,41.08593],[28.88078,41.08583],[28.87993,41.08562],[28.87908,41.08528],[28.87852,41.08495],[28.87792,41.08449],[28.87569,41.08217]],[[28.87569,41.08217],[28.87493,41.08134],[28.87428,41.08061],[28.87365,41.07973],[28.87313,41.07867],[28.87085,41.07491],[28.87055,41.07455],[28.87031,41.07429],[28.86997,41.07399],[28.86896,41.07318],[28.86863,41.07291],[28.86672,41.07138],[28.86512,41.07009],[28.86486,41.06991],[28.86407,41.06933],[28.86359,41.06905],[28.86301,41.06876],[28.85807,41.06667],[28.85768,41.06645],[28.85737,41.06626],[28.85702,41.06597],[28.8567,41.06565],[28.8564,41.06531],[28.85613,41.06487],[28.85587,41.06434],[28.85559,41.06371],[28.85528,41.0629],[28.85494,41.06206],[28.85379,41.05896],[28.85366,41.05871],[28.85351,41.0585],[28.85329,41.0583],[28.85291,41.05811],[28.85234,41.0579],[28.85168,41.05771],[28.85091,41.05754],[28.84903,41.05718],[28.84795,41.05702],[28.84685,41.05684],[28.8456,41.05661],[28.84415,41.0562],[28.84306,41.05586],[28.83826,41.05444],[28.8375,41.05431],[28.83689,41.05426],[28.83628,41.05427],[28.83549,41.05434],[28.83337,41.0547]],[[28.83337,41.0547],[28.83206,41.05495],[28.83107,41.05515],[28.82951,41.05546]],[[29.00984,41.05401],[29.01075,41.05915],[29.01078,41.05946],[29.01075,41.05975],[29.01067,41.06006],[29.01056,41.06027],[29.01045,41.06045],[29.01023,41.06071],[29.00999,41.0609],[29.00974,41.06109],[29.00932,41.06133],[29.00838,41.06181],[29.00783,41.06208],[29.00649,41.06272],[29.00465,41.06357],[29.00378,41.06391],[29.00293,41.06413],[29.0022,41.06426],[29.0012,41.06432],[28.99994,41.06447],[28.99893,41.06465],[28.99556,41.06531]]]}},{"type":"Feature","properties":{"line":"M8","name":"Bostancı – Parseller","operator":"Metro İstanbul","mode":"subway"},"geometry":{"type":"MultiLineString","coordinates":[[[29.09687,40.95177],[29.09641,40.9521],[29.09625,40.95222],[29.0958,40.95256],[29.09545,40.95284],[29.09514,40.9531],[29.09497,40.95328],[29.09481,40.95347],[29.09468,40.95364],[29.09457,40.95382],[29.09446,40.95407],[29.09441,40.95425],[29.09439,40.95444],[29.09438,40.95466],[29.09439,40.95507],[29.09442,40.95535],[29.09522,40.95816],[29.09525,40.95842],[29.09526,40.9586],[29.09527,40.95889],[29.09523,40.95914],[29.09514,40.95937],[29.09501,40.9596],[29.09491,40.95975],[29.0947,40.95998],[29.0943,40.96035],[29.09376,40.96085],[29.09314,40.96142],[29.09239,40.9619],[29.08955,40.96371],[29.08922,40.964],[29.08882,40.9644],[29.08767,40.9659],[29.08732,40.96643],[29.08707,40.96682],[29.08676,40.96729],[29.08651,40.96772],[29.08641,40.96792],[29.08626,40.9683],[29.08618,40.96866],[29.08616,40.96894],[29.08619,40.96924],[29.08622,40.96946],[29.08635,40.96985],[29.08649,40.97012],[29.08689,40.97062],[29.08741,40.97125],[29.08798,40.97194],[29.08845,40.97252],[29.08917,40.97331],[29.08973,40.97387],[29.09024,40.97432],[29.0908,40.9747],[29.09105,40.97484],[29.09129,40.97497],[29.0915,40.97507],[29.09177,40.97518],[29.0921,40.97532],[29.0925,40.97546],[29.09288,40.97555],[29.09928,40.97718]],[[29.09928,40.97718],[29.09996,40.97736],[29.10061,40.97754],[29.10314,40.97819],[29.10422,40.97839],[29.10524,40.97854],[29.10609,40.97864],[29.10738,40.97876],[29.10919,40.9789],[29.11118,40.97876],[29.11174,40.97872],[29.11244,40.97868],[29.11624,40.9786],[29.11751,40.97856],[29.11881,40.97851],[29.12182,40.97835],[29.12267,40.9783],[29.12352,40.97832],[29.12419,40.97839],[29.12563,40.9786],[29.1263,40.97873],[29.12676,40.97878],[29.1308,40.97966],[29.1313,40.97978],[29.13174,40.97993],[29.13227,40.98014],[29.13257,40.98028],[29.13281,40.98043],[29.13316,40.98064],[29.13387,40.98118],[29.13437,40.98161],[29.13699,40.98394],[29.13781,40.98465],[29.13865,40.98538],[29.13937,40.98596],[29.13965,40.98612],[29.14,40.9863],[29.1409,40.9867],[29.14621,40.98885],[29.15073,40.99093],[29.15169,40.99129],[29.15282,40.99175],[29.15348,40.99204],[29.1541,40.99233],[29.15551,40.99305],[29.15576,40.99324],[29.15593,40.99341],[29.15604,40.99357],[29.15611,40.99376],[29.15615,40.994],[29.15616,40.99423],[29.15611,40.99457],[29.15535,40.99667],[29.15528,40.99688],[29.15524,40.99712],[29.15523,40.99726],[29.15524,40.99754],[29.15529,40.99777],[29.15538,40.99803],[29.15552,40.99835],[29.15567,40.99865],[29.15623,40.99965],[29.15648,41.00008],[29.1567,41.00046],[29.15728,41.00147],[29.15784,41.00236],[29.15931,41.00405],[29.15993,41.00471],[29.16075,41.00551],[29.16119,41.00595],[29.16188,41.0068],[29.1622,41.0072],[29.16247,41.00755],[29.16431,41.01009],[29.1646,41.01058],[29.16475,41.01102],[29.16477,41.01139],[29.16468,41.012],[29.16451,41.0127],[29.16436,41.01321],[29.16411,41.01387],[29.16382,41.01461]],[[29.16382,41.01461],[29.16355,41.01524],[29.16332,41.0158]],[[29.16332,41.0158],[29.16266,41.01728],[29.16232,41.018],[29.16214,41.01836],[29.16194,41.01871],[29.16026,41.02136],[29.15984,41.02219],[29.15963,41.02263],[29.15946,41.02304],[29.15912,41.0238],[29.15898,41.02408],[29.15881,41.02436],[29.15864,41.0246],[29.15845,41.02482],[29.15834,41.02492],[29.15821,41.02503],[29.15784,41.02531],[29.15699,41.02591],[29.15611,41.02664],[29.15579,41.02691],[29.15555,41.02718],[29.15505,41.02784],[29.15311,41.03062],[29.15296,41.03083],[29.15268,41.03125]]]}},{"type":"Feature","properties":{"line":"M9","name":"Ataköy – Olimpiyat","operator":"Metro İstanbul","mode":"subway"},"geometry":{"type":"MultiLineString","coordinates":[[[28.85629,40.98001],[28.85543,40.98003],[28.85375,40.98001],[28.85278,40.98001],[28.85136,40.98001],[28.84971,40.9801],[28.84796,40.98022],[28.84732,40.9803],[28.84665,40.98041],[28.8459,40.98059],[28.84541,40.98073],[28.84474,40.98094],[28.84413,40.98122],[28.84365,40.98147],[28.84323,40.98173],[28.84271,40.98213],[28.84228,40.98251],[28.83907,40.98661],[28.83879,40.98713],[28.8386,40.98763],[28.83829,40.98865],[28.83812,40.98946],[28.83789,40.99057],[28.83771,40.991],[28.83748,40.99134],[28.83716,40.99172],[28.83683,40.99199],[28.83649,40.99222],[28.83596,40.9925],[28.83535,40.99271],[28.83471,40.99286],[28.83405,40.99295],[28.83351,40.99299],[28.83277,40.99301],[28.83199,40.99299],[28.83147,40.99297],[28.82552,40.99269],[28.82508,40.99272],[28.82462,40.99282],[28.82417,40.993],[28.82381,40.9932],[28.82356,40.99343],[28.82333,40.99374],[28.82319,40.99399],[28.82314,40.99425],[28.82312,40.9945],[28.82311,40.99716],[28.82308,40.99783],[28.82301,40.99824],[28.82282,40.99926],[28.82273,40.99976],[28.82263,41.00026],[28.82217,41.0017],[28.8219,41.00234],[28.82149,41.00292],[28.81983,41.00445],[28.81933,41.0052],[28.81914,41.00553],[28.81881,41.00623],[28.81861,41.00667],[28.81832,41.00738],[28.81819,41.00787],[28.81814,41.00832],[28.81814,41.01441],[28.81815,41.01494],[28.81817,41.01551],[28.81816,41.01589],[28.81812,41.01652],[28.81798,41.01762],[28.81685,41.0246],[28.81678,41.02508],[28.81671,41.02556],[28.81639,41.02755],[28.81508,41.03251],[28.81492,41.03324],[28.81454,41.03516],[28.81434,41.03624],[28.81421,41.03692],[28.81413,41.03737],[28.81359,41.04014],[28.8135,41.04055],[28.81341,41.04079],[28.81324,41.04106],[28.81306,41.04126],[28.81274,41.04156],[28.80709,41.04492],[28.80661,41.04517],[28.80614,41.04542],[28.80487,41.04607],[28.80234,41.04729],[28.80199,41.0475],[28.80175,41.04767],[28.80142,41.04791],[28.80119,41.04812],[28.79948,41.0502],[28.79917,41.05058],[28.79907,41.05091],[28.79899,41.05169],[28.79896,41.05219],[28.79893,41.05273],[28.79894,41.05314],[28.79898,41.05343],[28.79907,41.05375],[28.79952,41.05509],[28.79958,41.05547],[28.79953,41.05806],[28.79949,41.05851],[28.79946,41.05925],[28.79946,41.05981],[28.79964,41.06059],[28.79987,41.0611],[28.80024,41.06165],[28.80064,41.06208],[28.80136,41.06256],[28.80427,41.06399],[28.8054,41.06454],[28.80624,41.06515],[28.8067,41.06558],[28.807,41.06596],[28.80711,41.06622],[28.80715,41.06642],[28.80713,41.06695],[28.80704,41.06725],[28.80691,41.06752],[28.8066,41.06809],[28.80625,41.06864],[28.80585,41.06911],[28.80435,41.07049],[28.80363,41.07115],[28.80274,41.07192],[28.8016,41.07296],[28.80115,41.07337],[28.80003,41.07438],[28.79975,41.0746],[28.79941,41.07477],[28.79894,41.07486],[28.79842,41.07491],[28.79785,41.07491],[28.79217,41.07441],[28.79034,41.07441],[28.78746,41.07459],[28.78641,41.07469],[28.78537,41.07478],[28.78095,41.07526],[28.77979,41.07546],[28.77899,41.07565],[28.77847,41.07587]],[[28.77847,41.07587],[28.77283,41.07867]],[[28.77283,41.07867],[28.77265,41.07876],[28.77206,41.07904],[28.77169,41.07916],[28.77138,41.07923],[28.76992,41.07948]],[[28.76884,41.07947],[28.76936,41.07948],[28.76992,41.07948]],[[28.76708,41.07964],[28.76884,41.07947]]]}},{"type":"Feature","properties":{"line":"M11","name":"Gayrettepe – İstanbul Havalimanı – Halkalı","operator":"TCDD Taşımacılık","mode":"subway"},"geometry":{"type":"MultiLineString","coordinates":[[[28.76835,41.01991],[28.76831,41.02078],[28.76825,41.0215],[28.76823,41.02213],[28.76821,41.02256],[28.76825,41.023],[28.76843,41.02425],[28.76984,41.03342],[28.76994,41.0339],[28.77006,41.03435],[28.7703,41.03486],[28.77059,41.0354],[28.77271,41.03851],[28.77318,41.03944],[28.77369,41.04067],[28.7738,41.0411],[28.77455,41.05066],[28.77466,41.05207],[28.77493,41.05478],[28.77496,41.0554],[28.77489,41.05657],[28.77483,41.05746],[28.77474,41.05787],[28.77461,41.05823],[28.77446,41.05862],[28.77435,41.05888],[28.77403,41.05953],[28.77368,41.06013],[28.77356,41.06029],[28.77313,41.06091],[28.77079,41.06398],[28.77057,41.06437],[28.77042,41.06486],[28.77036,41.06534],[28.77038,41.06573],[28.77044,41.06621],[28.77119,41.06973],[28.77127,41.07008],[28.77134,41.07048],[28.77137,41.07076],[28.7714,41.07105],[28.77142,41.07162],[28.77136,41.07226],[28.77129,41.07288],[28.77103,41.07488],[28.77082,41.07578],[28.77064,41.07637],[28.77037,41.07705],[28.76991,41.07808],[28.76959,41.07879],[28.76873,41.08056],[28.76837,41.08141],[28.76803,41.08235],[28.76492,41.09097],[28.76466,41.09246],[28.7646,41.09382],[28.76477,41.09487],[28.76715,41.10497],[28.76716,41.10604],[28.76711,41.10677],[28.76701,41.10785],[28.76679,41.10916],[28.76617,41.11132],[28.76601,41.11225],[28.76577,41.11387],[28.76577,41.11482],[28.76588,41.11733],[28.76591,41.11811],[28.76603,41.12115],[28.76612,41.12152],[28.76623,41.12175],[28.76645,41.1221],[28.76665,41.12235],[28.76703,41.12266],[28.76749,41.12286],[28.76787,41.12299],[28.78182,41.12577],[28.78256,41.12591],[28.78326,41.12613],[28.7838,41.12636],[28.78432,41.12668],[28.78462,41.12692],[28.7849,41.12721],[28.78518,41.12762],[28.78551,41.12826],[28.78726,41.13243],[28.78763,41.13307],[28.78799,41.13359],[28.78873,41.13441],[28.79207,41.13771],[28.79344,41.13896],[28.79397,41.13947],[28.79466,41.14013],[28.80024,41.1455],[28.80066,41.14621],[28.80075,41.14657],[28.80076,41.147],[28.80071,41.14743],[28.80065,41.1479],[28.80053,41.14835],[28.80022,41.14902],[28.79985,41.14963],[28.79947,41.15009],[28.79904,41.15053],[28.79863,41.15092],[28.79808,41.1513],[28.78557,41.15884],[28.7845,41.15935],[28.78328,41.15986],[28.78266,41.16007],[28.78194,41.16027],[28.78106,41.16045],[28.78059,41.16054],[28.78002,41.16067],[28.77634,41.16162],[28.77565,41.16186],[28.77489,41.16212],[28.77429,41.16234],[28.77322,41.16276],[28.77209,41.16323],[28.75531,41.17138],[28.75385,41.17227],[28.75248,41.17323],[28.75146,41.17409],[28.75017,41.17525],[28.74985,41.17559],[28.74956,41.17592],[28.74924,41.17639],[28.74788,41.17912]],[[28.74788,41.17912],[28.74748,41.17996],[28.74717,41.18047],[28.74698,41.18074],[28.74674,41.18103],[28.74629,41.18146],[28.74571,41.18189],[28.73787,41.18713],[28.73726,41.18749],[28.72546,41.19318],[28.7244,41.19372],[28.71945,41.19647],[28.71907,41.19679],[28.71865,41.19716],[28.71837,41.19757],[28.71816,41.1981],[28.71625,41.20636],[28.71609,41.2071],[28.7159,41.20788],[28.7152,41.21107],[28.71489,41.2118],[28.71459,41.21231],[28.71419,41.21283],[28.71388,41.21315],[28.71342,41.21356],[28.7129,41.21395],[28.71234,41.21436],[28.71196,41.21459],[28.71157,41.21482],[28.71061,41.21531],[28.70917,41.21604],[28.7085,41.21637],[28.70621,41.21752],[28.70568,41.21785],[28.70509,41.21827],[28.70476,41.21856],[28.70445,41.21891],[28.7042,41.21932],[28.704,41.21993],[28.70384,41.22057],[28.70333,41.22415],[28.70322,41.22472],[28.70314,41.22567],[28.70319,41.22684],[28.70478,41.23469],[28.70484,41.23565],[28.70473,41.23677],[28.70416,41.2396],[28.70397,41.24023],[28.70243,41.24416],[28.70223,41.24484],[28.70205,41.2456],[28.70198,41.24652],[28.702,41.2474],[28.70209,41.24799],[28.70223,41.24861],[28.70241,41.24935],[28.70256,41.24978],[28.70274,41.25022],[28.70302,41.25072],[28.70424,41.25227],[28.70521,41.25326],[28.70589,41.25375],[28.70671,41.25424],[28.7074,41.25457],[28.70815,41.25489],[28.70909,41.25513],[28.71003,41.25527],[28.71106,41.25533],[28.71273,41.25534]],[[28.71273,41.25534],[28.71382,41.25534],[28.71989,41.25548],[28.72212,41.25556]],[[28.72212,41.25556],[28.72451,41.25562]],[[28.72451,41.25562],[28.72663,41.25562],[28.74261,41.25585],[28.74386,41.25587]],[[28.74386,41.25587],[28.74553,41.25592],[28.74792,41.25599],[28.75491,41.25621],[28.7684,41.25633],[28.76964,41.25634],[28.77207,41.25636],[28.7761,41.25631],[28.77719,41.25622],[28.77833,41.25596],[28.77921,41.25574],[28.78324,41.25421],[28.78404,41.25377],[28.78479,41.25332],[28.78716,41.25139],[28.78787,41.2509],[28.78882,41.25034],[28.79117,41.24916],[28.79241,41.24862],[28.79352,41.24822],[28.79477,41.24785],[28.80423,41.24582],[28.80473,41.24568],[28.80525,41.24547],[28.80584,41.24523],[28.80645,41.24488],[28.80799,41.24357],[28.80883,41.24285],[28.80957,41.24227],[28.81097,41.24115],[28.81229,41.24016],[28.81624,41.23722],[28.81681,41.23683],[28.81741,41.23647],[28.8185,41.23588],[28.81955,41.23536],[28.82157,41.23446],[28.8264,41.23261],[28.82705,41.23234],[28.82757,41.23208],[28.82802,41.23178],[28.82831,41.23154],[28.83624,41.22301],[28.8367,41.22236],[28.8372,41.22156],[28.84237,41.21169],[28.84274,41.21118],[28.84315,41.21071],[28.84386,41.21004],[28.84453,41.20951],[28.84532,41.20899],[28.8461,41.20856],[28.84695,41.20817],[28.8481,41.2077],[28.85086,41.20659],[28.85308,41.20553],[28.85451,41.20481],[28.86622,41.19866],[28.86741,41.19784],[28.86809,41.19733],[28.8686,41.1968],[28.86894,41.19631],[28.86928,41.19572],[28.86957,41.19509],[28.87108,41.19022],[28.87138,41.18957],[28.87192,41.18876],[28.87253,41.18792],[28.87357,41.18661],[28.87453,41.18553],[28.88364,41.17686],[28.88439,41.17617],[28.88745,41.17341],[28.89114,41.17042],[28.89202,41.16985],[28.89348,41.16908],[28.89445,41.16868],[28.89553,41.16823],[28.90486,41.16515],[28.9061,41.1648],[28.90716,41.16443],[28.90768,41.16416],[28.90819,41.16382],[28.9085,41.16353],[28.90897,41.16293],[28.90929,41.16238],[28.90948,41.16177],[28.90988,41.16009],[28.91011,41.1591],[28.91035,41.15803],[28.91123,41.15461],[28.9114,41.15419],[28.91157,41.15387],[28.91188,41.15349],[28.91225,41.15317],[28.91271,41.15291],[28.91663,41.15088],[28.92075,41.14874],[28.92157,41.14818],[28.92232,41.14759],[28.92288,41.14708],[28.92339,41.14647],[28.92379,41.14576],[28.92413,41.14496],[28.92575,41.13951],[28.926,41.13906],[28.92656,41.13842],[28.92705,41.13801],[28.92763,41.13758],[28.92819,41.13725],[28.94321,41.13029],[28.94383,41.12994],[28.94415,41.12974],[28.9444,41.12954],[28.94462,41.12931],[28.94477,41.12909],[28.94491,41.12879],[28.94498,41.12851],[28.94571,41.12557],[28.94605,41.12418],[28.94674,41.12123],[28.94695,41.12031],[28.94824,41.11297],[28.94844,41.11234],[28.94871,41.11176],[28.95193,41.10578],[28.95229,41.10483],[28.95265,41.10394],[28.9529,41.10309],[28.95363,41.09954],[28.95389,41.09886],[28.95412,41.09831],[28.95446,41.09757],[28.95483,41.09658],[28.95552,41.09413],[28.95584,41.09309],[28.95603,41.0926],[28.95628,41.09217],[28.95648,41.09179],[28.95671,41.09149],[28.957,41.09119],[28.9578,41.09062],[28.97042,41.08329],[28.97167,41.08276],[28.97247,41.08229],[28.97297,41.08201],[28.97365,41.08163],[28.97483,41.08089],[28.97646,41.08002]],[[28.97646,41.08002],[28.97747,41.07949],[28.98676,41.07512],[28.988,41.07469],[28.98887,41.0745],[28.98974,41.07436],[28.99545,41.07393],[28.99689,41.0737],[29.00292,41.0718],[29.00374,41.07141],[29.00458,41.07089],[29.00687,41.06906],[29.00791,41.06835],[29.00866,41.06785],[29.00939,41.06739],[29.01051,41.06676]]]}},{"type":"Feature","properties":{"line":"B1","name":"Marmaray: Halkalı – Gebze","operator":"TCDD Taşımacılık","mode":"suburban_rail"},"geometry":{"type":"MultiLineString","coordinates":[[[28.76668,41.01743],[28.76669,41.01848]],[[28.76668,41.01743],[28.76668,41.01668],[28.76667,41.01566],[28.76667,41.01529],[28.76667,41.01511],[28.76667,41.01487],[28.76669,41.01464],[28.76674,41.01436],[28.76682,41.01408],[28.76692,41.01382],[28.76704,41.01356],[28.76719,41.01332],[28.7673,41.01318],[28.76739,41.01307],[28.7675,41.01295],[28.76758,41.01286],[28.76771,41.01275],[28.76788,41.01261],[28.76811,41.01245],[28.76834,41.0123],[28.76858,41.01216],[28.76885,41.01203],[28.76913,41.01192],[28.76941,41.01183],[28.76969,41.01175],[28.76999,41.01169],[28.77028,41.01164]],[[28.77028,41.01164],[28.77124,41.01147],[28.77169,41.01136],[28.77208,41.01123],[28.77238,41.0111],[28.77266,41.01097],[28.77298,41.01078],[28.77324,41.01061],[28.7735,41.01041],[28.77374,41.01018],[28.77398,41.00992],[28.77421,41.00961],[28.77439,41.00929],[28.77453,41.00897],[28.77461,41.00866],[28.77462,41.00819],[28.77455,41.00779],[28.77444,41.00749],[28.77432,41.00722],[28.77408,41.00672],[28.7738,41.00619],[28.77355,41.00575],[28.77332,41.00536],[28.77318,41.00515],[28.77301,41.00493],[28.77276,41.00463],[28.7723,41.00426],[28.77192,41.00401],[28.77033,41.00297],[28.76978,41.00252],[28.76926,41.00204],[28.76876,41.00145],[28.76841,41.00095],[28.76815,41.00047],[28.76794,41.00004],[28.76774,40.99945],[28.76761,40.99889],[28.76753,40.99831],[28.76754,40.99768],[28.76758,40.99712],[28.76773,40.99649],[28.76802,40.9956],[28.76827,40.99511],[28.76863,40.99454],[28.76902,40.99402],[28.76952,40.99347],[28.77016,40.9929],[28.77129,40.99191],[28.77154,40.99167],[28.77174,40.99143],[28.77197,40.99112],[28.77224,40.99065],[28.7724,40.99033],[28.77249,40.99002],[28.77263,40.98951],[28.77283,40.98852],[28.77311,40.9875],[28.77321,40.98716],[28.77327,40.98698],[28.77341,40.98661],[28.77369,40.9862],[28.77403,40.98578],[28.77548,40.98425],[28.77577,40.98386],[28.77604,40.98336],[28.77616,40.983],[28.77622,40.98254],[28.77619,40.98199],[28.77609,40.98163],[28.77595,40.98127],[28.7755,40.98033],[28.77533,40.97983],[28.77526,40.97933],[28.77525,40.97895],[28.7753,40.97858],[28.7754,40.97826],[28.77554,40.97793],[28.77574,40.97759],[28.7759,40.97735],[28.77608,40.97714],[28.77633,40.9769],[28.77658,40.9767],[28.77689,40.97648],[28.77717,40.97632],[28.77747,40.97616],[28.77777,40.97603],[28.77809,40.97591],[28.77842,40.9758],[28.78054,40.97513],[28.78121,40.97492],[28.78344,40.97421],[28.78594,40.97338],[28.78757,40.97282],[28.78922,40.97229]],[[28.78922,40.97229],[28.78941,40.97222]],[[28.78941,40.97222],[28.79054,40.97183],[28.79156,40.97149],[28.79263,40.97112],[28.7931,40.97095],[28.79374,40.97067],[28.79417,40.97041],[28.79457,40.97013],[28.79501,40.96977],[28.79536,40.96943],[28.79622,40.96852],[28.79691,40.96778],[28.7978,40.96683],[28.79864,40.966],[28.79899,40.96573],[28.79943,40.96547],[28.79992,40.9652],[28.8004,40.965],[28.80084,40.96485],[28.80132,40.96472],[28.80201,40.9646],[28.80239,40.96455],[28.8036,40.96445]],[[28.8036,40.96445],[28.80389,40.96443]],[[28.80389,40.96443],[28.80699,40.96417],[28.80773,40.9641],[28.80992,40.96392],[28.81735,40.96326]],[[28.81735,40.96326],[28.81765,40.96323]],[[28.81765,40.96323],[28.81875,40.96312]],[[28.81875,40.96312],[28.81901,40.9631]],[[28.81901,40.9631],[28.81942,40.96306],[28.82009,40.963],[28.82215,40.96283],[28.8233,40.96273],[28.82486,40.96258],[28.82724,40.96242],[28.82835,40.96236],[28.82917,40.96236],[28.83001,40.96242],[28.83055,40.96248],[28.83145,40.96263],[28.83218,40.96281],[28.83304,40.96305],[28.83382,40.96332],[28.83458,40.96362],[28.83524,40.96393],[28.83561,40.96413],[28.83596,40.96433],[28.83659,40.96476],[28.83716,40.9652],[28.83746,40.96545],[28.8379,40.96582],[28.83836,40.96631],[28.83875,40.96683],[28.83908,40.96726],[28.83936,40.96773],[28.84016,40.96955]],[[28.84016,40.96955],[28.84032,40.9699]],[[28.84032,40.9699],[28.84241,40.97434],[28.84272,40.97488],[28.84302,40.97532],[28.84336,40.97579],[28.8438,40.97629]],[[28.8438,40.97629],[28.844,40.97651]],[[28.844,40.97651],[28.84455,40.97698],[28.84497,40.97734],[28.84532,40.97763],[28.84559,40.97782],[28.84592,40.97804],[28.84626,40.97825],[28.84685,40.97857],[28.84727,40.97879],[28.84783,40.97905],[28.84834,40.97925],[28.84899,40.97949],[28.84979,40.97973],[28.85027,40.97987],[28.85083,40.98],[28.85166,40.98014],[28.85248,40.98022],[28.85303,40.98025],[28.85342,40.98026],[28.85396,40.98026],[28.85436,40.98026],[28.85467,40.98024],[28.85623,40.98016]],[[28.85623,40.98016],[28.85781,40.98012],[28.8583,40.98011]],[[28.8583,40.98011],[28.8586,40.9801]],[[28.8586,40.9801],[28.86169,40.98],[28.86309,40.97995]],[[28.86309,40.97995],[28.86359,40.97993]],[[28.86359,40.97993],[28.86817,40.97978],[28.86882,40.97981],[28.86956,40.97987],[28.87082,40.98004],[28.87244,40.98031],[28.87393,40.98056],[28.87454,40.98068],[28.87562,40.98086],[28.87877,40.98137],[28.87956,40.98146],[28.88105,40.98167],[28.88261,40.98195],[28.88433,40.98228]],[[28.88433,40.98228],[28.88487,40.98236]],[[28.88487,40.98236],[28.88523,40.98238],[28.88572,40.9824],[28.88967,40.98245]],[[28.88967,40.98245],[28.89019,40.98246]],[[28.89019,40.98246],[28.8908,40.98247],[28.89301,40.98241]],[[28.89301,40.98241],[28.89338,40.98241]],[[28.89338,40.98241],[28.89516,40.98244],[28.89587,40.98243],[28.89725,40.9824],[28.89813,40.98238],[28.89842,40.98238],[28.89877,40.98241],[28.89903,40.98245],[28.89994,40.98261],[28.90045,40.98272],[28.90074,40.9828],[28.90107,40.98291],[28.90152,40.98311],[28.9021,40.98336]],[[28.9021,40.98336],[28.90235,40.98348]],[[28.90235,40.98348],[28.90268,40.98367],[28.90307,40.98392],[28.90347,40.98421],[28.90397,40.9846],[28.90433,40.98489],[28.9046,40.98511],[28.90551,40.98585],[28.90664,40.9868]],[[28.90664,40.9868],[28.90754,40.98754]],[[28.90754,40.98754],[28.90776,40.98774]],[[28.90776,40.98774],[28.90802,40.98801],[28.90841,40.98847]],[[28.90841,40.98847],[28.90846,40.98853]],[[28.90846,40.98853],[28.90858,40.98867]],[[28.90858,40.98867],[28.90884,40.98898]],[[28.90884,40.98898],[28.909,40.98918]],[[28.909,40.98918],[28.90928,40.98955]],[[28.90928,40.98955],[28.90948,40.98979]],[[28.90948,40.98979],[28.91,40.99041]],[[28.91,40.99041],[28.9106,40.9911],[28.9109,40.99141],[28.91112,40.9916],[28.91152,40.99192]],[[28.91152,40.99192],[28.91192,40.99219],[28.9123,40.99239],[28.91272,40.99258],[28.91308,40.99271],[28.91339,40.9928],[28.91367,40.99285],[28.91409,40.99291]],[[28.91409,40.99291],[28.91438,40.99293]],[[28.91438,40.99293],[28.91471,40.99293],[28.9151,40.99291],[28.91533,40.99288],[28.91557,40.99284],[28.9169,40.99261]],[[28.9169,40.99261],[28.91818,40.99244],[28.91878,40.99234],[28.91944,40.99221]],[[28.91944,40.99221],[28.91975,40.99214]],[[28.91975,40.99214],[28.92067,40.9919],[28.92091,40.99184]],[[28.92091,40.99184],[28.92112,40.9918],[28.92134,40.99177],[28.92179,40.99173],[28.92208,40.99173],[28.92239,40.99175],[28.92265,40.99177],[28.92288,40.99181],[28.92323,40.9919],[28.92368,40.99205]],[[28.92368,40.99205],[28.92406,40.99221],[28.9256,40.99307],[28.93069,40.99548],[28.93111,40.99577],[28.93146,40.99605],[28.9317,40.99628],[28.93192,40.99654],[28.93216,40.99699],[28.93312,40.99895],[28.93361,40.99967],[28.93417,41.00023],[28.9347,41.00062],[28.93588,41.00123],[28.93708,41.00177],[28.93898,41.00244],[28.94052,41.00281],[28.94573,41.00392],[28.95006,41.00479],[28.95163,41.00509],[28.95787,41.00633],[28.95885,41.00657],[28.96004,41.00701],[28.96082,41.00747],[28.96144,41.0079],[28.96602,41.0112],[28.96639,41.01141],[28.96748,41.01186],[28.96883,41.01222],[28.9698,41.01243],[28.97249,41.01275],[28.97736,41.01341]],[[28.97736,41.01341],[28.9791,41.01365],[28.98022,41.01394],[28.9813,41.01433],[28.9819,41.01458],[28.98244,41.01485],[28.98552,41.01681],[28.98581,41.01696],[28.98702,41.01746],[29.00696,41.02417],[29.00868,41.02459],[29.01104,41.02521],[29.01178,41.02535],[29.01333,41.02561],[29.01526,41.02596],[29.01595,41.02605],[29.01653,41.02609],[29.01856,41.0261],[29.02036,41.02603],[29.02046,41.02602],[29.02149,41.02598],[29.02279,41.02582],[29.02335,41.0257],[29.02472,41.02522],[29.02522,41.02496],[29.02575,41.02459],[29.02655,41.02393],[29.02691,41.02356],[29.02723,41.02317],[29.02761,41.02257],[29.02779,41.02211],[29.02804,41.02109],[29.02813,41.02052],[29.02826,41.01972],[29.02859,41.01655],[29.02867,41.01602],[29.02906,41.01313],[29.03047,41.00743],[29.03114,41.00509],[29.03127,41.00437],[29.03127,41.00392],[29.03091,41.0027]],[[29.03091,41.0027],[29.03033,41.00103]],[[29.03033,41.00103],[29.0301,41.00032],[29.02984,40.99955],[29.02979,40.99937],[29.02974,40.99896],[29.02972,40.99864]],[[29.02972,40.99864],[29.02974,40.99847]],[[29.02974,40.99847],[29.02979,40.99821],[29.02984,40.99802],[29.02992,40.99779],[29.03006,40.99755],[29.03017,40.99736]],[[29.03017,40.99736],[29.03029,40.99718],[29.03114,40.99606]],[[29.03114,40.99606],[29.03133,40.99579],[29.03144,40.99564]],[[29.03144,40.99564],[29.03211,40.99472],[29.03216,40.99464],[29.0322,40.9946],[29.03225,40.99454],[29.03231,40.99449],[29.03236,40.99443],[29.03239,40.9944],[29.03245,40.99435],[29.03251,40.99429],[29.03257,40.99424],[29.03264,40.99418],[29.03271,40.99413],[29.03276,40.99409],[29.0328,40.99407]],[[29.0328,40.99407],[29.03284,40.99404],[29.03289,40.99401],[29.03294,40.99398],[29.03298,40.99395],[29.03302,40.99393],[29.03306,40.99391],[29.0331,40.99389],[29.03315,40.99386],[29.03365,40.99359]],[[29.03365,40.99359],[29.03402,40.9934],[29.03412,40.99335],[29.03424,40.99328],[29.03435,40.99322],[29.03447,40.99316],[29.03457,40.99311],[29.03465,40.99306],[29.03488,40.99294]],[[29.03488,40.99294],[29.03521,40.99277],[29.03531,40.99273],[29.03541,40.99268],[29.03549,40.99263],[29.03557,40.99259],[29.03566,40.99254],[29.03575,40.99249],[29.03585,40.99244],[29.03594,40.99239],[29.03603,40.99234],[29.03608,40.99231],[29.03617,40.99225],[29.03626,40.99219],[29.03635,40.99213],[29.03645,40.99206],[29.03657,40.99198],[29.03664,40.99192],[29.03671,40.99187],[29.0368,40.9918],[29.03686,40.99176],[29.03693,40.9917],[29.03699,40.99164],[29.03707,40.99157],[29.03715,40.9915],[29.03722,40.99143],[29.03728,40.99138],[29.03732,40.99133],[29.0374,40.99126],[29.03746,40.99119],[29.03751,40.99114],[29.03757,40.99108],[29.03762,40.99102],[29.03772,40.99091],[29.03779,40.99082],[29.03785,40.99075],[29.03792,40.99066],[29.03815,40.99039],[29.03826,40.99025],[29.03838,40.99011],[29.0385,40.98997],[29.03883,40.98959]],[[29.03883,40.98959],[29.03902,40.98936]],[[29.03902,40.98936],[29.03932,40.989],[29.0394,40.98891],[29.03949,40.98881],[29.03967,40.98858],[29.04006,40.98808],[29.04025,40.98784],[29.04069,40.98731],[29.04103,40.98689]],[[29.04103,40.98689],[29.04114,40.98677]],[[29.04114,40.98677],[29.04134,40.98652],[29.0414,40.98645],[29.04144,40.9864],[29.04149,40.98632],[29.04156,40.98622],[29.04161,40.98616],[29.04163,40.98612],[29.04166,40.98608],[29.04169,40.98603],[29.04175,40.98593],[29.04179,40.98585],[29.04184,40.98576],[29.04188,40.98568],[29.04192,40.98559],[29.04195,40.98551],[29.04198,40.98545],[29.04199,40.9854],[29.04202,40.98534],[29.04205,40.98524],[29.04209,40.98515],[29.04244,40.98413],[29.04251,40.98394]],[[29.04251,40.98394],[29.04255,40.98382]],[[29.04255,40.98382],[29.04264,40.9836],[29.04307,40.98235],[29.04309,40.98229],[29.04312,40.98223],[29.04317,40.9821],[29.04321,40.98201],[29.04327,40.9819],[29.04334,40.98177],[29.04341,40.98168],[29.04347,40.98159],[29.04356,40.98148],[29.04362,40.9814],[29.04369,40.98133],[29.04377,40.98125],[29.04386,40.98117],[29.04394,40.98111],[29.04407,40.98101],[29.04416,40.98094],[29.04424,40.98089],[29.04432,40.98084],[29.04439,40.98079],[29.04447,40.98075],[29.04455,40.9807],[29.04466,40.98065],[29.04476,40.9806],[29.04487,40.98055],[29.04505,40.98047],[29.04525,40.98038],[29.04647,40.97984],[29.04676,40.97971],[29.04695,40.97962],[29.04709,40.97955],[29.04722,40.97949],[29.04746,40.97938],[29.04766,40.97928],[29.04805,40.9791],[29.04838,40.97894],[29.04883,40.97872],[29.04902,40.97864],[29.04921,40.97855],[29.0494,40.97847],[29.04963,40.97837],[29.04985,40.97828],[29.05009,40.97818],[29.05016,40.97815],[29.05022,40.97813],[29.05027,40.97811],[29.05034,40.97809],[29.0504,40.97806],[29.05047,40.97804],[29.05054,40.97802],[29.05064,40.97798],[29.05072,40.97796],[29.05079,40.97793],[29.05089,40.97791],[29.05099,40.97788],[29.05109,40.97786],[29.05122,40.97784],[29.05135,40.97781],[29.05146,40.97779],[29.05156,40.97778],[29.05164,40.97777],[29.05173,40.97776],[29.05182,40.97775],[29.05197,40.97774],[29.05211,40.97773],[29.05231,40.97772],[29.05257,40.97771],[29.05271,40.9777],[29.05283,40.9777],[29.05292,40.97769],[29.05301,40.9777],[29.05308,40.9777],[29.05317,40.9777],[29.05324,40.97771],[29.05331,40.97771],[29.05339,40.97772],[29.05344,40.97772],[29.05352,40.97773],[29.05394,40.97779],[29.05987,40.97873],[29.06018,40.97877],[29.0606,40.97884],[29.06103,40.9789],[29.06128,40.97893],[29.06153,40.97897],[29.06173,40.979],[29.06199,40.97903],[29.06217,40.97906],[29.06234,40.97909],[29.06254,40.97912],[29.06265,40.97914],[29.0629,40.97918],[29.06312,40.97921],[29.0633,40.97924],[29.06353,40.97929],[29.0637,40.97932],[29.06405,40.97938],[29.06413,40.97939],[29.0642,40.9794],[29.06429,40.97941],[29.06435,40.97942],[29.06444,40.97943],[29.06453,40.97944],[29.06461,40.97944],[29.06469,40.97944],[29.06476,40.97945],[29.06484,40.97945],[29.06492,40.97945],[29.065,40.97945],[29.06506,40.97944],[29.06514,40.97944],[29.0652,40.97944],[29.06528,40.97943],[29.06535,40.97943],[29.06542,40.97942],[29.06552,40.97941],[29.06562,40.97939],[29.06571,40.97938],[29.0658,40.97936],[29.06591,40.97934],[29.06601,40.97931],[29.06612,40.97928],[29.06623,40.97925],[29.06635,40.97922],[29.06644,40.97919],[29.06651,40.97917],[29.06659,40.97915],[29.06669,40.97911],[29.06675,40.97909],[29.06683,40.97906],[29.06691,40.97903],[29.06697,40.979],[29.06707,40.97896],[29.06716,40.97892],[29.06725,40.97887],[29.06735,40.97882],[29.06744,40.97877],[29.06757,40.9787],[29.06768,40.97864],[29.0678,40.97857],[29.06791,40.97849],[29.06804,40.97841],[29.06817,40.97832],[29.06833,40.97821],[29.06844,40.97814],[29.06891,40.97781],[29.0695,40.9774],[29.06989,40.97713],[29.07004,40.97702],[29.07022,40.9769],[29.07095,40.97642]],[[29.07095,40.97642],[29.07114,40.97629]],[[29.07114,40.97629],[29.07136,40.97614],[29.07157,40.976],[29.07198,40.9757],[29.07224,40.97552],[29.07251,40.97534],[29.07279,40.97514],[29.07393,40.97437],[29.0745,40.97398],[29.07465,40.97388],[29.07481,40.97377],[29.07497,40.97366],[29.0751,40.97356],[29.07517,40.97351],[29.07521,40.97348],[29.07526,40.97343],[29.07531,40.97339],[29.07536,40.97334],[29.0754,40.9733],[29.07544,40.97326],[29.0755,40.9732],[29.07555,40.97314],[29.07559,40.9731],[29.07564,40.97304],[29.07567,40.97299],[29.07571,40.97294],[29.07578,40.97284],[29.07583,40.97275],[29.07589,40.97265],[29.07594,40.97255],[29.07598,40.97245],[29.07611,40.97212],[29.07618,40.97194],[29.07624,40.97179],[29.07631,40.97163],[29.07642,40.97137],[29.0765,40.97117],[29.07669,40.97076],[29.07688,40.97033],[29.07704,40.96996],[29.0771,40.96981],[29.07717,40.96966],[29.07726,40.96945],[29.07733,40.9693],[29.07739,40.96915],[29.07744,40.96906],[29.07748,40.96899],[29.07752,40.96892],[29.07757,40.96883],[29.0776,40.96877],[29.07767,40.96866],[29.07773,40.96856],[29.07778,40.96849],[29.07785,40.96839],[29.07797,40.96822],[29.07829,40.96778],[29.07835,40.96769],[29.07848,40.96752],[29.07855,40.96741],[29.07861,40.96733],[29.07868,40.96721],[29.07873,40.96713],[29.07878,40.96705],[29.07882,40.96697],[29.07886,40.9669],[29.07889,40.96682],[29.07892,40.96674],[29.07895,40.96667],[29.07897,40.96661],[29.07899,40.96654],[29.079,40.96648],[29.07901,40.96644],[29.07902,40.9664],[29.07903,40.96632],[29.07904,40.96626],[29.07905,40.96621],[29.07905,40.96618],[29.07905,40.96609],[29.07906,40.96603],[29.07906,40.96599],[29.07905,40.96595],[29.07905,40.96589],[29.07905,40.9658],[29.07904,40.96574],[29.07903,40.96567],[29.07901,40.9656],[29.079,40.96552],[29.07898,40.96543],[29.07895,40.96533],[29.0789,40.96515],[29.07874,40.96456]],[[29.07874,40.96456],[29.07864,40.96418]],[[29.07864,40.96418],[29.07862,40.96411],[29.0786,40.96402],[29.07859,40.96395],[29.07858,40.96387],[29.07857,40.96378],[29.07857,40.96367],[29.07857,40.96359],[29.07857,40.96346],[29.07859,40.96335],[29.07861,40.96326],[29.07863,40.96317],[29.07864,40.96311],[29.07867,40.96303],[29.07869,40.96295],[29.07872,40.96287],[29.07877,40.96276],[29.07881,40.96268],[29.07885,40.9626],[29.0789,40.96252],[29.07894,40.96245],[29.07901,40.96235],[29.07906,40.96228],[29.07911,40.96222],[29.07919,40.96213],[29.07923,40.96208],[29.07928,40.96203]],[[29.07928,40.96203],[29.07933,40.96198],[29.07938,40.96193],[29.07945,40.96187]],[[29.07945,40.96187],[29.07951,40.96182],[29.07956,40.96178],[29.07963,40.96172],[29.07971,40.96166],[29.0798,40.9616],[29.07988,40.96155],[29.07995,40.9615],[29.08006,40.96144],[29.08018,40.96138],[29.08029,40.96132],[29.08039,40.96128],[29.08051,40.96123],[29.08062,40.96119],[29.08076,40.96114],[29.08087,40.9611],[29.081,40.96106],[29.0811,40.96104],[29.0812,40.96102],[29.08145,40.96097],[29.08178,40.96091],[29.08214,40.96084],[29.08255,40.96076],[29.08282,40.96071]],[[29.08282,40.96071],[29.08317,40.96064],[29.0836,40.96056],[29.08375,40.96053],[29.08393,40.96049],[29.08416,40.96045],[29.08441,40.96041],[29.085,40.96032],[29.08516,40.96029],[29.08542,40.96025],[29.08558,40.96023],[29.08575,40.9602],[29.08602,40.96016]],[[29.08602,40.96016],[29.08642,40.9601],[29.0866,40.96008],[29.08675,40.96006],[29.0872,40.95998],[29.0877,40.95989],[29.08783,40.95987],[29.08794,40.95985],[29.08806,40.95982],[29.08815,40.9598],[29.08823,40.95978],[29.08838,40.95973],[29.08846,40.95971],[29.08853,40.95968],[29.0886,40.95966],[29.08866,40.95964],[29.08873,40.95961],[29.08882,40.95957],[29.08893,40.95952],[29.08899,40.95949],[29.08904,40.95946],[29.0891,40.95943],[29.08919,40.95938],[29.08924,40.95935],[29.08931,40.95931],[29.08941,40.95924],[29.08948,40.9592],[29.08953,40.95915],[29.08966,40.95906],[29.08973,40.959],[29.08979,40.95894],[29.08987,40.95886],[29.08993,40.9588],[29.09,40.95873],[29.09008,40.95864],[29.09017,40.95852],[29.09024,40.95841],[29.09031,40.95831],[29.09036,40.9582],[29.09043,40.95806],[29.09047,40.95796],[29.0905,40.95787],[29.09053,40.95778],[29.09057,40.95767],[29.09088,40.95654],[29.09091,40.95645],[29.09094,40.95636],[29.09098,40.95626],[29.091,40.95619],[29.09103,40.95613],[29.09106,40.95607],[29.09109,40.95602],[29.09111,40.95597],[29.09115,40.9559],[29.0912,40.95583],[29.09127,40.95573],[29.09132,40.95566],[29.09139,40.95557],[29.09147,40.95549],[29.09153,40.95541],[29.0916,40.95534],[29.09169,40.95526],[29.09177,40.95519],[29.09186,40.95512],[29.09194,40.95505],[29.09199,40.95501],[29.09204,40.95498],[29.09209,40.95494],[29.09219,40.95488],[29.09227,40.95483],[29.09235,40.95478],[29.09242,40.95474],[29.0925,40.9547],[29.09262,40.95464],[29.09273,40.95459],[29.09284,40.95454],[29.09292,40.95451],[29.09301,40.95447],[29.0931,40.95444],[29.0932,40.95441],[29.09335,40.95436],[29.09487,40.95387],[29.09592,40.95354],[29.09609,40.95349],[29.09627,40.95343],[29.09642,40.95338],[29.09651,40.95335],[29.0966,40.95331],[29.09669,40.95327],[29.09677,40.95324],[29.09687,40.95319],[29.09696,40.95314],[29.09708,40.95308],[29.09717,40.95302],[29.09729,40.95294],[29.09739,40.95287],[29.09751,40.95278],[29.09766,40.95266],[29.09777,40.95256],[29.09788,40.95244],[29.098,40.95232],[29.09807,40.95223],[29.09817,40.95211],[29.09826,40.95199]],[[29.09826,40.95199],[29.09839,40.95183]],[[29.09839,40.95183],[29.09983,40.95001],[29.1008,40.94881],[29.10086,40.94874],[29.10092,40.94866],[29.101,40.94857],[29.10112,40.94844],[29.10118,40.94838],[29.10122,40.94833],[29.10128,40.94827],[29.10134,40.94822],[29.10157,40.948],[29.10235,40.94726],[29.10278,40.9469],[29.10329,40.94662],[29.10387,40.94641],[29.10444,40.94625],[29.10476,40.9462],[29.10508,40.94618],[29.10537,40.94618],[29.10717,40.94621],[29.10825,40.94625],[29.109,40.94625],[29.10932,40.94621],[29.10963,40.94616],[29.11022,40.94596],[29.11076,40.9457],[29.11122,40.94536],[29.11162,40.94498],[29.11191,40.94454],[29.11206,40.94419],[29.11214,40.94383],[29.11217,40.94336],[29.11199,40.94189],[29.11197,40.9414],[29.112,40.94114],[29.11214,40.94066],[29.11237,40.9402],[29.11267,40.93976],[29.11293,40.93943],[29.11343,40.93876],[29.11417,40.93781],[29.11499,40.93681],[29.11546,40.93628],[29.1176,40.93365],[29.11835,40.93274],[29.11916,40.93186],[29.12263,40.9284],[29.12325,40.92774],[29.12419,40.92674],[29.12509,40.92586],[29.12584,40.92517],[29.12643,40.92459],[29.12681,40.92422],[29.12723,40.9238]],[[29.12723,40.9238],[29.12734,40.9237]],[[29.12734,40.9237],[29.12766,40.92342],[29.12795,40.9232],[29.12826,40.92299],[29.1286,40.92279],[29.12892,40.92263],[29.12925,40.92248],[29.12963,40.92232],[29.13147,40.92154],[29.13219,40.92121],[29.13325,40.92077]],[[29.13325,40.92077],[29.13513,40.92],[29.13711,40.91915],[29.14185,40.91715],[29.14877,40.91422]],[[29.14877,40.91422],[29.14895,40.91415]],[[29.14895,40.91415],[29.15218,40.91278],[29.15345,40.91223],[29.15409,40.91191],[29.15454,40.91161],[29.15492,40.9113],[29.15521,40.91099],[29.15549,40.91067],[29.15596,40.91002],[29.15668,40.90907],[29.15688,40.90881],[29.1571,40.90856],[29.15729,40.90839],[29.15748,40.90822],[29.15783,40.90797],[29.16222,40.90506],[29.16264,40.90475],[29.1629,40.90457],[29.16365,40.90393],[29.16443,40.90321],[29.16575,40.902],[29.16631,40.90147],[29.16667,40.90109],[29.16741,40.90035],[29.16793,40.89987],[29.16816,40.89965],[29.16912,40.89878],[29.16967,40.89832],[29.17048,40.89768],[29.17096,40.8973],[29.17131,40.89706],[29.17268,40.89621],[29.17315,40.89589],[29.17364,40.8955],[29.17437,40.89481],[29.17473,40.89444],[29.17527,40.89386],[29.17545,40.89366],[29.17571,40.89332],[29.17614,40.89261],[29.17668,40.89162],[29.1774,40.8903],[29.17792,40.88947],[29.17814,40.88912],[29.1784,40.88877],[29.1786,40.88858],[29.1788,40.88842],[29.17899,40.88825],[29.17921,40.8881],[29.17947,40.88797],[29.17972,40.88785],[29.17998,40.88776],[29.18026,40.88766],[29.18053,40.8876],[29.18081,40.88754],[29.18111,40.88752],[29.1814,40.8875],[29.1817,40.8875],[29.182,40.88751],[29.18228,40.88754],[29.18257,40.88759],[29.18286,40.88765],[29.18314,40.88773],[29.18342,40.88782],[29.18368,40.88792],[29.18393,40.88805],[29.18417,40.88819],[29.18503,40.88873]],[[29.18503,40.88873],[29.18536,40.88893],[29.18569,40.88913],[29.18611,40.88934]],[[29.18611,40.88934],[29.18637,40.88945],[29.18665,40.88955],[29.18693,40.88963],[29.18718,40.88968],[29.18748,40.88972],[29.18778,40.88974],[29.18808,40.88974],[29.18853,40.88971]],[[29.18853,40.88971],[29.18887,40.88965],[29.18923,40.88956],[29.18959,40.88944],[29.18995,40.88927],[29.19054,40.88893],[29.19103,40.88864],[29.1915,40.88835]],[[29.1915,40.88835],[29.1924,40.88781],[29.19273,40.88764],[29.19311,40.88749],[29.19367,40.88734],[29.19426,40.88726],[29.1963,40.8871],[29.19686,40.887],[29.19733,40.88686],[29.19766,40.88672],[29.19903,40.88607],[29.19974,40.88581],[29.2017,40.88527],[29.20215,40.88514],[29.20258,40.88504],[29.20303,40.885],[29.20339,40.88499],[29.20385,40.88501],[29.20431,40.88507],[29.2046,40.88514],[29.20597,40.8855],[29.20642,40.88561],[29.20692,40.88565],[29.20742,40.88564],[29.20785,40.88561],[29.20814,40.88555],[29.20842,40.88548],[29.20871,40.88539],[29.20896,40.88528],[29.20926,40.88512],[29.21037,40.88452],[29.21179,40.88377],[29.2125,40.88342],[29.21315,40.88318],[29.21389,40.88289],[29.2152,40.88239],[29.21618,40.88209],[29.21722,40.88186],[29.22428,40.88038],[29.225,40.88023],[29.22626,40.87997],[29.22661,40.87991],[29.22746,40.87985],[29.22797,40.87988],[29.22831,40.87992],[29.22866,40.87996],[29.22948,40.88007],[29.22994,40.88013],[29.23046,40.88018],[29.23173,40.88027]],[[29.23173,40.88027],[29.23337,40.88038],[29.23389,40.88042],[29.23436,40.88043],[29.23606,40.88046],[29.2364,40.88046],[29.23676,40.88044],[29.23707,40.88041],[29.23743,40.88036],[29.23755,40.88033],[29.2377,40.8803],[29.23803,40.88022],[29.23825,40.88015],[29.23869,40.87997],[29.23923,40.8797],[29.23976,40.87935],[29.2424,40.87744],[29.24337,40.87674],[29.24392,40.87638],[29.24431,40.87614],[29.2447,40.87594],[29.2451,40.87574],[29.24551,40.87557],[29.24594,40.87542],[29.25096,40.87382],[29.25195,40.8735],[29.25271,40.87321],[29.25326,40.87295],[29.25397,40.87256],[29.25479,40.87202],[29.2559,40.87133],[29.25723,40.87053],[29.25799,40.87009],[29.25967,40.86908]],[[29.25967,40.86908],[29.26004,40.86886]],[[29.26004,40.86886],[29.26261,40.86727],[29.26335,40.86684],[29.26419,40.8664],[29.26509,40.86604],[29.26942,40.86451],[29.26976,40.86437],[29.27007,40.86423],[29.27039,40.86404],[29.27095,40.86366],[29.27126,40.86343]],[[29.27126,40.86343],[29.27149,40.86325]],[[29.27149,40.86325],[29.27189,40.86292],[29.27215,40.86269],[29.27229,40.8625],[29.27237,40.8624]],[[29.27237,40.8624],[29.27256,40.86216]],[[29.27256,40.86216],[29.27264,40.86202],[29.27321,40.8611],[29.27381,40.86023],[29.27411,40.8598],[29.27442,40.85945],[29.27483,40.8591],[29.27516,40.85884],[29.27578,40.85834],[29.27645,40.85791],[29.27719,40.85755],[29.27777,40.85734],[29.27841,40.85715],[29.27969,40.85687],[29.28002,40.85682],[29.28035,40.85678],[29.28102,40.85675],[29.28206,40.85674],[29.28363,40.8568],[29.28513,40.85688],[29.28559,40.8569],[29.28592,40.8569],[29.28643,40.85685],[29.28708,40.85672],[29.28798,40.85647],[29.2885,40.85629]],[[29.2885,40.85629],[29.28874,40.85619]],[[29.28874,40.85619],[29.28924,40.85596],[29.28962,40.85574],[29.29036,40.85529],[29.291,40.85476],[29.29152,40.85424],[29.29179,40.85392],[29.29232,40.85326],[29.2931,40.85229],[29.29397,40.85125],[29.29477,40.85031],[29.29506,40.84995],[29.29587,40.84895],[29.2962,40.84859],[29.29659,40.84822],[29.29694,40.84792],[29.29735,40.84762],[29.29804,40.84716],[29.29851,40.84682],[29.29908,40.84638],[29.29997,40.84565],[29.30098,40.84487],[29.30167,40.84435],[29.30267,40.84351],[29.30315,40.84315],[29.30354,40.8429]],[[29.30354,40.8429],[29.30387,40.84269]],[[29.30387,40.84269],[29.30704,40.84092],[29.30752,40.84062],[29.30791,40.84034],[29.31169,40.83746],[29.31261,40.83676],[29.31392,40.83576],[29.31501,40.83494],[29.3155,40.83456],[29.31607,40.83416],[29.31725,40.83338],[29.3202,40.83144],[29.32079,40.83102],[29.32134,40.8306],[29.32217,40.82999],[29.32332,40.8292],[29.32414,40.82862],[29.32449,40.82836],[29.32491,40.82802],[29.32538,40.82764],[29.3258,40.82731],[29.32646,40.82678],[29.32687,40.82637],[29.32729,40.82589],[29.32763,40.82535],[29.32786,40.82493],[29.32803,40.82452],[29.32815,40.82412],[29.32842,40.823],[29.32867,40.82224]],[[29.32867,40.82224],[29.32911,40.82135]],[[29.32911,40.82135],[29.32949,40.82081],[29.32979,40.82043],[29.33012,40.82008],[29.33058,40.81967],[29.33883,40.81325],[29.33929,40.81292],[29.33974,40.81264],[29.34023,40.81237],[29.34066,40.81217],[29.3414,40.81189],[29.34199,40.81169],[29.34423,40.811],[29.34486,40.81082],[29.34536,40.81071],[29.34609,40.81061],[29.34736,40.81048],[29.34878,40.81034],[29.35042,40.81015],[29.35105,40.81005],[29.3594,40.80846]],[[29.3594,40.80846],[29.3597,40.8084]],[[29.3597,40.8084],[29.36411,40.80753],[29.3653,40.8073],[29.36613,40.80714],[29.3667,40.80701],[29.36781,40.80669],[29.36877,40.80634],[29.3698,40.80588],[29.37076,40.80536],[29.37126,40.80504],[29.38006,40.79921],[29.3826,40.79752],[29.39072,40.79209],[29.39182,40.79137],[29.39436,40.78968],[29.39525,40.78911],[29.3961,40.78865],[29.39701,40.78827],[29.39808,40.78791],[29.40153,40.78681],[29.4032,40.78628],[29.4054,40.78558],[29.40692,40.78507],[29.40724,40.78497],[29.4078,40.78479],[29.40833,40.78463],[29.40884,40.78447],[29.40937,40.7843],[29.40999,40.78411],[29.41074,40.78387]]]}},{"type":"Feature","properties":{"line":"B2","name":"Halkalı – Bahçeşehir","operator":"TCDD Taşımacılık","mode":"suburban_rail"},"geometry":{"type":"MultiLineString","coordinates":[[[28.76663,41.01844],[28.76664,41.01939]],[[28.76664,41.01939],[28.76664,41.01958],[28.76664,41.01977],[28.76665,41.02005],[28.76665,41.02041],[28.76665,41.02049],[28.76664,41.02063],[28.76662,41.02082],[28.76659,41.02097],[28.76652,41.0212],[28.76648,41.02132],[28.76641,41.02148],[28.76637,41.0216],[28.76631,41.02175],[28.76611,41.02229],[28.76595,41.02265],[28.7658,41.02294],[28.76569,41.02313],[28.76562,41.02325],[28.76556,41.02338]],[[28.76556,41.02338],[28.76539,41.02377],[28.76534,41.02389],[28.76528,41.02412],[28.7652,41.02451]],[[28.7652,41.02451],[28.76513,41.02481],[28.76511,41.02488],[28.76508,41.02504]],[[28.76508,41.02504],[28.76502,41.02536],[28.76501,41.02564],[28.76501,41.02583],[28.76499,41.02615],[28.76499,41.02633],[28.76497,41.02667],[28.76496,41.02703],[28.76495,41.02733],[28.76495,41.02738],[28.76494,41.02765],[28.76492,41.02793],[28.76488,41.02819],[28.76483,41.02843],[28.76472,41.02911],[28.7646,41.02983],[28.76451,41.03033],[28.76426,41.03178],[28.76411,41.0325],[28.76401,41.03286],[28.76391,41.03322],[28.76378,41.03358],[28.76363,41.03391],[28.76355,41.03409],[28.76338,41.03444],[28.76318,41.03478],[28.76303,41.03504],[28.76096,41.0385],[28.76072,41.03891],[28.7604,41.03932],[28.76015,41.03963],[28.76006,41.03973],[28.75988,41.03992],[28.75942,41.04035],[28.75911,41.04061],[28.75877,41.04086],[28.75841,41.04109],[28.75803,41.04131],[28.75743,41.0416],[28.75655,41.04194],[28.75242,41.04346],[28.75179,41.04371],[28.75138,41.04389],[28.75113,41.04403],[28.75022,41.04458],[28.74974,41.04498],[28.74943,41.04527],[28.74902,41.04573],[28.74877,41.04605],[28.74842,41.04654],[28.74832,41.04671],[28.74807,41.04724],[28.74793,41.0476],[28.74781,41.04796],[28.74773,41.04833],[28.74769,41.04871],[28.74768,41.0491],[28.74769,41.04929],[28.74773,41.04968],[28.74778,41.05007],[28.74792,41.05063],[28.74869,41.05282],[28.74879,41.05315],[28.74888,41.05365],[28.7489,41.05391],[28.74891,41.05416],[28.7489,41.0545],[28.74886,41.05485],[28.74876,41.05538]],[[28.74876,41.05538],[28.74866,41.05573],[28.74844,41.05624],[28.74827,41.05658],[28.74795,41.05709],[28.74772,41.05741],[28.74731,41.05787],[28.74684,41.05832],[28.7465,41.05859],[28.74616,41.05884],[28.7458,41.05908],[28.74552,41.05922]],[[28.74552,41.05922],[28.7451,41.05946]],[[28.7451,41.05946],[28.74461,41.05968],[28.74396,41.05992],[28.74327,41.06013],[28.74256,41.06028],[28.74185,41.06039],[28.74112,41.06046],[28.74063,41.06047],[28.73992,41.06044],[28.73923,41.06037],[28.73832,41.06022],[28.73763,41.06005],[28.73699,41.05982],[28.73657,41.05964],[28.73616,41.05945],[28.73536,41.05903],[28.73499,41.0588],[28.73449,41.05841],[28.73418,41.05812],[28.73374,41.05767],[28.73347,41.05735],[28.73344,41.05731],[28.73335,41.05719],[28.73304,41.05669],[28.73287,41.05636],[28.73272,41.05601],[28.7326,41.05566],[28.73206,41.05384],[28.73178,41.05311],[28.7317,41.05293],[28.73152,41.05257],[28.73141,41.05239],[28.73118,41.05205],[28.7308,41.05156],[28.73018,41.05094],[28.72984,41.05065],[28.72912,41.05011],[28.72894,41.04999],[28.72855,41.04976],[28.72774,41.04934],[28.72731,41.04916],[28.72688,41.049],[28.72622,41.04879],[28.72577,41.04867],[28.72483,41.04848],[28.72436,41.0484],[28.72389,41.04835],[28.72341,41.04832],[28.72294,41.0483],[28.72247,41.0483],[28.72175,41.04834],[28.72078,41.04845],[28.72007,41.04858],[28.71927,41.0488],[28.71891,41.0489],[28.71826,41.04915],[28.71763,41.04943],[28.71206,41.05257],[28.70433,41.05688],[28.70391,41.05713],[28.70338,41.05748],[28.70302,41.05774],[28.70269,41.058],[28.70222,41.05842],[28.7016,41.05906],[28.70132,41.05934]],[[28.70132,41.05934],[28.70112,41.05962],[28.70073,41.06021],[28.70055,41.06055],[28.69901,41.06384],[28.69882,41.06417],[28.69861,41.06449],[28.69838,41.06481],[28.6981,41.06518],[28.69799,41.06529],[28.69782,41.06545]],[[28.69782,41.06545],[28.69738,41.06592],[28.69694,41.06638],[28.69514,41.06794],[28.6943,41.06869],[28.69388,41.06916],[28.69364,41.0695],[28.6933,41.07001],[28.69299,41.07053],[28.6927,41.07106],[28.69226,41.07196],[28.69197,41.07248],[28.69166,41.07299],[28.69141,41.07333],[28.69071,41.07413],[28.69027,41.0746],[28.68996,41.0749],[28.68963,41.07518],[28.68909,41.0756],[28.68842,41.07616],[28.68779,41.07675],[28.68736,41.07721],[28.68625,41.07848],[28.68549,41.07925],[28.68282,41.08171]],[[28.68282,41.08171],[28.68269,41.08183]],[[28.68269,41.08183],[28.68251,41.08199],[28.68184,41.08255],[28.68113,41.08307],[28.68032,41.08358]],[[28.67884,41.08444],[28.6796,41.08397],[28.6799,41.08379],[28.68032,41.08358]]]}},{"type":"Feature","properties":{"line":"T1","name":"Kabataş – Bağcılar","operator":"Metro İstanbul","mode":"tram"},"geometry":{"type":"MultiLineString","coordinates":[[[28.97447,41.02187],[28.97476,41.02223],[28.97485,41.02236],[28.97493,41.0225],[28.97498,41.02261],[28.975,41.02267],[28.97508,41.02325],[28.97513,41.02338],[28.97518,41.02346],[28.97526,41.02356],[28.97539,41.02369],[28.97636,41.02446],[28.97638,41.02448],[28.9764,41.02449],[28.97741,41.02523],[28.97831,41.02585],[28.97963,41.02649],[28.97975,41.02655],[28.98028,41.0268],[28.98059,41.02694],[28.98064,41.02697],[28.98073,41.02701],[28.98103,41.02712],[28.98212,41.02749],[28.98226,41.02753],[28.98421,41.02813],[28.98425,41.02814],[28.9843,41.02816],[28.98436,41.02818],[28.98457,41.02825],[28.98665,41.02886],[28.98701,41.02899],[28.9872,41.02906],[28.98737,41.02915],[28.98753,41.02924],[28.98778,41.02939],[28.98797,41.02955],[28.98816,41.02972],[28.98827,41.02982],[28.98841,41.03001],[28.98851,41.03016],[28.98866,41.0304],[28.98879,41.03062],[28.98895,41.03089],[28.98907,41.03106],[28.98909,41.03109],[28.98913,41.03114],[28.98946,41.03153],[28.98968,41.03177],[28.9897,41.03179],[28.98975,41.03184],[28.98979,41.03189],[28.98987,41.03197],[28.99011,41.03218],[28.99089,41.03278],[28.99125,41.03309],[28.99153,41.03336],[28.992,41.03382],[28.99218,41.03398],[28.99267,41.03448],[28.99294,41.03475]],[[28.97447,41.02187],[28.97188,41.01828],[28.97184,41.01822]],[[28.97184,41.01822],[28.9718,41.01808],[28.97179,41.01797],[28.97182,41.01787],[28.97187,41.01778],[28.97192,41.01771],[28.97202,41.01764],[28.97216,41.01758],[28.97234,41.01753],[28.97252,41.01751],[28.97321,41.01745],[28.97368,41.01741],[28.97394,41.01739],[28.97408,41.01737],[28.97422,41.01734],[28.97435,41.0173],[28.97626,41.01648],[28.97633,41.01644],[28.97638,41.01639],[28.97641,41.01635],[28.97644,41.01627],[28.97644,41.01622],[28.97643,41.01614],[28.97624,41.01584],[28.97605,41.01553],[28.97583,41.01516],[28.97569,41.01494],[28.97569,41.01493],[28.97567,41.01486],[28.97569,41.01479],[28.97571,41.01474],[28.97579,41.01467],[28.9759,41.01458],[28.97662,41.01423],[28.97666,41.01419],[28.97731,41.01349],[28.97781,41.01298],[28.97842,41.01252],[28.97845,41.01249],[28.97846,41.01246],[28.97847,41.0124],[28.97841,41.01216],[28.97832,41.01187],[28.97832,41.01185],[28.97832,41.01185],[28.97808,41.01107],[28.97807,41.01104],[28.97807,41.01101],[28.97806,41.01099],[28.97807,41.01094],[28.97808,41.01091],[28.97811,41.01088],[28.97815,41.01084],[28.9786,41.01055],[28.97861,41.01054],[28.97864,41.01053],[28.97866,41.01051],[28.97868,41.01049],[28.97869,41.01045],[28.9787,41.01042],[28.97869,41.01029],[28.97868,41.01026],[28.97867,41.01022],[28.97866,41.01019],[28.97866,41.01016],[28.97867,41.01012],[28.97867,41.01009],[28.97867,41.01006],[28.9785,41.00853],[28.97845,41.0084],[28.97842,41.00832],[28.9784,41.00829],[28.97838,41.00825],[28.97833,41.00818],[28.97829,41.00811],[28.97824,41.00806],[28.97817,41.008],[28.9781,41.00796],[28.97802,41.00792],[28.97794,41.00789],[28.97785,41.00788],[28.97775,41.00786],[28.97764,41.00786],[28.9775,41.00786],[28.97641,41.00801],[28.97615,41.00805],[28.97589,41.00807],[28.97551,41.00811],[28.97512,41.00815],[28.9751,41.00815],[28.97438,41.0082],[28.97392,41.00824],[28.97345,41.00827],[28.97343,41.00827],[28.9724,41.00836],[28.97239,41.00836],[28.97237,41.00836],[28.9716,41.00843],[28.97155,41.00843],[28.97151,41.00844],[28.97115,41.00847],[28.97075,41.00849],[28.96941,41.0086],[28.96894,41.00864],[28.96831,41.00877],[28.96806,41.00882],[28.96749,41.00888],[28.96722,41.00896],[28.96711,41.00899],[28.96703,41.00902],[28.96665,41.00909],[28.96633,41.00914],[28.96587,41.00919],[28.96557,41.00924],[28.96553,41.00925],[28.96503,41.00932],[28.96353,41.00943],[28.96326,41.00945],[28.96298,41.0095],[28.9627,41.00955],[28.96239,41.00958],[28.96204,41.00961],[28.96147,41.00962],[28.96028,41.00961],[28.95971,41.00961],[28.95939,41.00962],[28.95936,41.00962],[28.95888,41.00962],[28.95845,41.00962],[28.95735,41.00959],[28.95562,41.00959],[28.95543,41.0096],[28.95469,41.00963],[28.95388,41.00961],[28.95359,41.00961],[28.95353,41.00961],[28.95329,41.00961],[28.95303,41.0096],[28.95298,41.0096],[28.95291,41.00959],[28.95229,41.00957],[28.95166,41.00961],[28.95029,41.00971],[28.9497,41.00972],[28.94905,41.00975],[28.94872,41.00977],[28.94807,41.00981],[28.94744,41.00992],[28.94708,41.01],[28.94665,41.0101],[28.94589,41.01028],[28.94562,41.01036],[28.94549,41.01039],[28.94539,41.01042],[28.94521,41.01047],[28.94353,41.01093],[28.94311,41.01104],[28.94118,41.01154],[28.94098,41.01161],[28.94081,41.01168],[28.94049,41.01182],[28.94003,41.01203],[28.93983,41.0121],[28.9396,41.01218],[28.93867,41.01253],[28.93853,41.0126],[28.9382,41.01279],[28.93762,41.01318],[28.93633,41.01383],[28.93372,41.0151],[28.93334,41.01528],[28.93299,41.01544],[28.9329,41.01548],[28.93111,41.01636],[28.93097,41.01642],[28.93087,41.01647],[28.9278,41.01795],[28.9277,41.01799],[28.9275,41.01809],[28.92719,41.01824],[28.92518,41.01922],[28.92457,41.01952],[28.92421,41.01964],[28.92391,41.0197],[28.92376,41.01971],[28.92362,41.01971],[28.92343,41.01971],[28.92314,41.01968],[28.92175,41.0195],[28.92124,41.01947],[28.92079,41.01945],[28.92041,41.01944],[28.91985,41.01936]],[[28.91985,41.01936],[28.91945,41.01929],[28.91902,41.01921]],[[28.91902,41.01921],[28.91877,41.01915],[28.9185,41.01908],[28.91777,41.01894],[28.91743,41.01886],[28.91728,41.01882],[28.91713,41.01877],[28.91646,41.01846],[28.91608,41.01827],[28.91554,41.01813],[28.91539,41.01808],[28.91523,41.01803],[28.9151,41.01795],[28.91496,41.01786],[28.91484,41.01778],[28.91462,41.01756],[28.91421,41.01719],[28.91401,41.01708],[28.91381,41.01697],[28.91272,41.01649],[28.91218,41.01627],[28.91159,41.01606],[28.91125,41.01593],[28.91113,41.01586],[28.91104,41.01578],[28.91099,41.01571],[28.91096,41.01567],[28.91093,41.01561],[28.91089,41.01553],[28.90988,41.01315],[28.90982,41.01299],[28.90978,41.01282],[28.90974,41.01253],[28.9097,41.01189],[28.90967,41.01171],[28.90949,41.01071],[28.90948,41.01059],[28.90946,41.01035],[28.90944,41.01006],[28.90943,41.0099],[28.90943,41.0098],[28.90945,41.00969],[28.9095,41.00959],[28.90965,41.00937],[28.90968,41.00933],[28.90977,41.00919]],[[28.90977,41.00919],[28.9098,41.00907],[28.90979,41.00898],[28.90977,41.00888],[28.90908,41.00737],[28.90892,41.00667],[28.90891,41.00656],[28.90893,41.00648],[28.90894,41.00644],[28.90928,41.00548],[28.90937,41.00529],[28.90943,41.0052],[28.90952,41.00511],[28.90963,41.005],[28.90968,41.00494],[28.90972,41.00484],[28.9097,41.00472],[28.90969,41.00467],[28.90964,41.00462],[28.90961,41.00459],[28.90953,41.00453],[28.90946,41.00449],[28.90939,41.00447],[28.90932,41.00445],[28.90773,41.00428]],[[28.90773,41.00428],[28.90736,41.00424],[28.90694,41.00419],[28.90676,41.00416],[28.90605,41.00409],[28.90507,41.00404],[28.90462,41.00398],[28.90439,41.00394],[28.90282,41.00366],[28.90223,41.00354],[28.90221,41.00354],[28.90216,41.00353],[28.9018,41.00351],[28.90177,41.00351],[28.90092,41.00346],[28.90027,41.00342],[28.89989,41.00339],[28.89961,41.00334],[28.89851,41.00306],[28.89798,41.00288],[28.89786,41.00283],[28.89655,41.00212],[28.8963,41.00204],[28.896,41.00197],[28.89485,41.00181],[28.89446,41.00177],[28.89433,41.00176],[28.89366,41.00169],[28.89319,41.00165],[28.89274,41.0016],[28.8922,41.0015],[28.89197,41.00147],[28.89157,41.00148],[28.8914,41.00149],[28.89099,41.00151],[28.89065,41.00152],[28.89016,41.00153],[28.88987,41.00154],[28.8898,41.00155],[28.88952,41.00156],[28.88918,41.00157],[28.88892,41.00156]],[[28.88892,41.00156],[28.88864,41.00154],[28.88788,41.00147],[28.88765,41.00145],[28.88743,41.00142],[28.88719,41.00137],[28.88662,41.00123],[28.88638,41.0012],[28.88626,41.00119],[28.88611,41.0012],[28.88593,41.00121],[28.88579,41.00124],[28.88564,41.00128],[28.88549,41.00133],[28.8853,41.00142],[28.88432,41.00197],[28.88407,41.00214],[28.88396,41.00224],[28.88368,41.0025],[28.88342,41.00282]],[[28.88342,41.00282],[28.88287,41.00377],[28.88202,41.00528],[28.8819,41.0055],[28.88169,41.00584],[28.88151,41.0061],[28.88148,41.00615],[28.8814,41.00633],[28.88136,41.00647],[28.88113,41.00808],[28.88112,41.00811],[28.88092,41.01045],[28.8809,41.01092],[28.88086,41.01122],[28.88078,41.01157],[28.88067,41.01206],[28.88055,41.01242],[28.88023,41.01372],[28.8802,41.01386],[28.88015,41.01397],[28.8801,41.01406],[28.88002,41.01414],[28.87985,41.01427],[28.87975,41.01432],[28.87966,41.01435],[28.87871,41.01462],[28.87834,41.01472],[28.87818,41.0148],[28.87783,41.01502],[28.87749,41.01526],[28.87724,41.01544],[28.87717,41.01552],[28.87694,41.01577],[28.87687,41.0158],[28.87682,41.01582],[28.87676,41.01583],[28.87667,41.01583],[28.87656,41.01581],[28.8755,41.01552],[28.87543,41.01552],[28.87531,41.01551],[28.87519,41.01553],[28.87389,41.01603],[28.87205,41.01676],[28.87186,41.01689],[28.87147,41.01714],[28.87117,41.01734],[28.87096,41.01746],[28.87015,41.01803],[28.86989,41.01827],[28.86979,41.01838],[28.86944,41.01881],[28.86855,41.01985],[28.86848,41.01992],[28.86816,41.02018],[28.86793,41.02036],[28.86762,41.02059],[28.86728,41.02085],[28.86684,41.02121],[28.8665,41.02154],[28.86607,41.02201],[28.86571,41.02242],[28.86559,41.02257],[28.86545,41.02269],[28.86457,41.02319],[28.8644,41.02332],[28.86407,41.02355],[28.8637,41.02382],[28.86343,41.02401],[28.8633,41.02416],[28.86321,41.02431],[28.86308,41.02465],[28.86283,41.02502],[28.86199,41.02591],[28.86175,41.02628],[28.86159,41.02661],[28.86155,41.0267],[28.86137,41.02722],[28.86127,41.02758],[28.86116,41.02846],[28.86114,41.02865],[28.86102,41.02896],[28.86089,41.02932],[28.86084,41.02942],[28.86062,41.02993],[28.86036,41.03047],[28.86034,41.03056],[28.86034,41.03066],[28.86035,41.03077],[28.86043,41.03112],[28.86053,41.03156],[28.86054,41.03166],[28.86062,41.03221],[28.86066,41.03251],[28.86069,41.03272]],[[28.86078,41.03336],[28.86074,41.03312],[28.86069,41.03272]]]}},{"type":"Feature","properties":{"line":"T2","name":"Taksim – Tünel (Nostaljik Tramvay)","operator":"İETT","mode":"heritage_tram"},"geometry":{"type":"MultiLineString","coordinates":[[[28.98483,41.03653],[28.98487,41.03659],[28.98489,41.03663],[28.9849,41.03669],[28.9849,41.03672],[28.98488,41.03677],[28.98484,41.03681],[28.9848,41.03688],[28.98477,41.03694],[28.98476,41.03701],[28.98478,41.03707],[28.98478,41.03708],[28.98483,41.03714],[28.9849,41.03719],[28.98497,41.03723],[28.98507,41.03725],[28.98516,41.03725],[28.98521,41.03724],[28.98526,41.03723],[28.98534,41.03719],[28.9854,41.03714],[28.98545,41.03708],[28.98547,41.03702],[28.98547,41.03695],[28.98546,41.0369],[28.98546,41.03688],[28.98541,41.03682],[28.98535,41.03678],[28.98528,41.03675],[28.98516,41.03672],[28.98505,41.03669],[28.98504,41.03668],[28.98495,41.03663],[28.98489,41.03659]],[[28.98489,41.03659],[28.98483,41.03653],[28.98477,41.03648],[28.98471,41.03644],[28.98457,41.03633],[28.98455,41.03632],[28.98451,41.03629],[28.98446,41.03626],[28.9844,41.03623],[28.98324,41.03591],[28.98251,41.03562],[28.98194,41.03539],[28.9814,41.03518],[28.98094,41.03499],[28.98065,41.03487],[28.98058,41.03484],[28.97996,41.0346],[28.97877,41.03411],[28.97862,41.03405],[28.97824,41.03391],[28.97793,41.03379],[28.97792,41.03379]],[[28.97792,41.03379],[28.97759,41.03366],[28.97729,41.03355]],[[28.97729,41.03355],[28.97725,41.03354],[28.9771,41.03347],[28.97691,41.03337],[28.97683,41.03331],[28.97672,41.03318],[28.97658,41.03288],[28.97655,41.03281],[28.97649,41.03268],[28.97641,41.03256],[28.97628,41.03229],[28.97626,41.03223],[28.97615,41.03199],[28.9761,41.03187],[28.97604,41.03164],[28.97588,41.03126],[28.97566,41.03063],[28.97558,41.03039],[28.97542,41.02995],[28.97528,41.02956],[28.9752,41.02937],[28.97509,41.0292],[28.975,41.02909],[28.97488,41.02894],[28.97477,41.02884],[28.97456,41.02858],[28.97451,41.02854],[28.97449,41.02851],[28.97448,41.02851],[28.97447,41.0285],[28.97442,41.02849],[28.97438,41.02848],[28.97434,41.02848],[28.97429,41.02848]]]}},{"type":"Feature","properties":{"line":"T3","name":"Kadıköy – Moda (Nostaljik Tramvay)","operator":"Metro İstanbul","mode":"heritage_tram"},"geometry":{"type":"MultiLineString","coordinates":[[[29.02336,40.9908],[29.02339,40.99083],[29.02342,40.99086],[29.02344,40.99089],[29.02346,40.99091],[29.02347,40.99093],[29.02349,40.99095],[29.02351,40.99097],[29.02365,40.99113],[29.02376,40.99127],[29.02377,40.99128],[29.02379,40.9913],[29.0238,40.99131],[29.02382,40.99132],[29.02383,40.99133],[29.02385,40.99134],[29.02387,40.99135],[29.02388,40.99136],[29.0239,40.99137],[29.02392,40.99137],[29.02395,40.99138],[29.02397,40.99138],[29.024,40.99138],[29.02404,40.99138],[29.02408,40.99138],[29.02413,40.99138],[29.02416,40.99138],[29.0242,40.99137],[29.02423,40.99137],[29.02426,40.99136],[29.02489,40.99126],[29.02499,40.99124],[29.02552,40.99115],[29.02606,40.99106],[29.02612,40.99105],[29.02646,40.99099],[29.02712,40.99089],[29.02838,40.99067],[29.02869,40.9906],[29.0288,40.99057],[29.0289,40.99054],[29.02896,40.99051],[29.02904,40.99048],[29.02908,40.99045],[29.0291,40.99044],[29.02912,40.99041],[29.02913,40.99038],[29.02912,40.99035],[29.0291,40.99025],[29.02905,40.99008],[29.02902,40.98999],[29.02892,40.98966],[29.02884,40.98938],[29.02884,40.98937],[29.02882,40.9893],[29.0288,40.98917],[29.02868,40.98837],[29.02866,40.98823],[29.02862,40.98804],[29.02861,40.988],[29.02859,40.98788],[29.02855,40.98767],[29.02854,40.98758],[29.02843,40.98717],[29.02838,40.98704],[29.02834,40.98693],[29.02826,40.98676],[29.02824,40.98671],[29.02802,40.98622],[29.02792,40.98598],[29.02785,40.98585],[29.02784,40.98583],[29.02784,40.98581],[29.02771,40.98552],[29.02769,40.98538],[29.02767,40.98459],[29.02766,40.98456],[29.02765,40.98454],[29.02761,40.98445],[29.02758,40.98442],[29.02743,40.98435],[29.02736,40.98433],[29.02728,40.98433],[29.02723,40.98433],[29.02718,40.98435],[29.0271,40.98438],[29.02706,40.98439],[29.027,40.98439],[29.02695,40.98437],[29.0269,40.98434],[29.0267,40.98409],[29.02663,40.98401],[29.02635,40.98357],[29.02635,40.98357],[29.02634,40.98356],[29.02634,40.98356],[29.02633,40.98356],[29.02632,40.98355],[29.0263,40.98354],[29.0263,40.98354],[29.02629,40.98354],[29.02628,40.98354],[29.02627,40.98354],[29.02626,40.98354],[29.02625,40.98354],[29.02624,40.98354],[29.02623,40.98354],[29.02518,40.98384],[29.02502,40.98389],[29.02467,40.98399],[29.02438,40.98406],[29.0242,40.98411],[29.02415,40.98413],[29.02347,40.98439],[29.02282,40.98463],[29.02272,40.98467],[29.0222,40.98489],[29.02191,40.98501],[29.02155,40.98514],[29.02108,40.98534],[29.02107,40.98535],[29.02106,40.98537],[29.02111,40.98549],[29.02129,40.98584],[29.02132,40.98591],[29.02144,40.98622],[29.02151,40.98643],[29.02152,40.98648],[29.02159,40.98687],[29.02159,40.98695],[29.02157,40.98701],[29.02148,40.98723],[29.02147,40.98724],[29.02136,40.98746],[29.02112,40.98786],[29.02103,40.988],[29.02072,40.98849],[29.02057,40.98876],[29.02056,40.98879],[29.02056,40.98881],[29.02056,40.98885],[29.02057,40.98894],[29.02058,40.98897],[29.0206,40.98901],[29.02062,40.98904],[29.02064,40.98907],[29.02067,40.98909],[29.02135,40.98959],[29.02157,40.98976],[29.0216,40.98978],[29.02163,40.9898],[29.02166,40.98981],[29.02168,40.98983],[29.02172,40.98984],[29.02176,40.98986],[29.0218,40.98987],[29.02184,40.98989],[29.02187,40.9899],[29.02212,40.98998],[29.02216,40.98999],[29.02221,40.99001],[29.02226,40.99003],[29.02228,40.99004],[29.0223,40.99005],[29.02232,40.99006],[29.02234,40.99007],[29.02237,40.99009],[29.0224,40.99011],[29.02244,40.99014],[29.02306,40.99056],[29.02313,40.99062],[29.02318,40.99065],[29.02328,40.99073],[29.02331,40.99076],[29.02333,40.99078],[29.02336,40.9908]]]}},{"type":"Feature","properties":{"line":"T4","name":"Topkapı – Mescid-i Selam","operator":"Metro İstanbul","mode":"tram"},"geometry":{"type":"MultiLineString","coordinates":[[[28.92278,41.02016],[28.92245,41.02002],[28.92229,41.01996],[28.92204,41.0199],[28.92171,41.01983],[28.92136,41.01978],[28.92058,41.01969],[28.92016,41.01964]],[[28.92278,41.02016],[28.92338,41.02041],[28.92352,41.02047],[28.92384,41.02064],[28.92409,41.0208],[28.92441,41.02103],[28.92502,41.02149],[28.9253,41.02171],[28.92556,41.02195],[28.92733,41.02359]],[[28.92733,41.02359],[28.92846,41.02469],[28.92927,41.02555],[28.92967,41.02598],[28.92985,41.02616],[28.92998,41.02627],[28.93007,41.02635],[28.9302,41.02645],[28.93055,41.02672]],[[28.93055,41.02672],[28.93092,41.02704],[28.93166,41.02775],[28.93197,41.02804],[28.93222,41.02829]],[[28.93222,41.02829],[28.93429,41.03033],[28.9344,41.03045],[28.93446,41.03061],[28.93446,41.03072],[28.93444,41.03086],[28.93436,41.03097],[28.93408,41.03133],[28.93372,41.03179],[28.93369,41.03186],[28.93352,41.03217],[28.93346,41.03228],[28.93341,41.03235],[28.93332,41.03243]],[[28.93332,41.03243],[28.93314,41.03254],[28.93283,41.03268],[28.9324,41.03285],[28.93212,41.03295],[28.93182,41.03305],[28.93034,41.03352]],[[28.93034,41.03352],[28.92953,41.03378]],[[28.92953,41.03378],[28.92882,41.03402],[28.92833,41.03418],[28.92613,41.0349],[28.92558,41.03509],[28.92534,41.03518],[28.92506,41.03531],[28.92485,41.03542],[28.92476,41.03547],[28.92457,41.0356],[28.92439,41.03574],[28.92418,41.03593],[28.92409,41.03603],[28.9239,41.03627],[28.92366,41.03661],[28.92342,41.03699],[28.92312,41.03746],[28.92296,41.03769],[28.92239,41.03858],[28.92229,41.03873],[28.92206,41.03904]],[[28.92206,41.03904],[28.92165,41.03957],[28.92136,41.04003],[28.92112,41.04032],[28.92093,41.04052],[28.92053,41.04091],[28.92031,41.04108],[28.92005,41.04129],[28.91956,41.04164],[28.91916,41.04193],[28.91898,41.04204],[28.91835,41.0425],[28.9183,41.04254],[28.9175,41.0434],[28.91722,41.04376],[28.91717,41.04385],[28.91609,41.0458],[28.91591,41.04614],[28.91561,41.0466],[28.91537,41.04696],[28.915,41.04745],[28.91481,41.0477],[28.91466,41.04786],[28.91455,41.04795],[28.91442,41.04804],[28.9131,41.04886],[28.91295,41.04896],[28.91282,41.04907],[28.91264,41.04926],[28.9125,41.04941],[28.91118,41.05139],[28.91096,41.0518],[28.91088,41.05202],[28.91081,41.05229],[28.9106,41.05334],[28.91059,41.05339],[28.91051,41.05365],[28.91029,41.05413],[28.91012,41.05451],[28.91002,41.05469],[28.90988,41.05495],[28.90969,41.05525],[28.90952,41.05542],[28.90914,41.05571]],[[28.90914,41.05571],[28.90773,41.05673],[28.90737,41.057],[28.90681,41.05739],[28.9065,41.05761],[28.90433,41.05912],[28.90376,41.05953],[28.90344,41.05976],[28.90319,41.05997],[28.90303,41.06013],[28.90288,41.06032],[28.90275,41.06053],[28.90263,41.06078],[28.90232,41.06142],[28.90215,41.06182],[28.90211,41.0619],[28.90186,41.06233],[28.90182,41.06242],[28.9016,41.06286],[28.90123,41.06357],[28.90084,41.06435],[28.90055,41.06486]],[[28.90055,41.06486],[28.90048,41.06497],[28.90036,41.0651],[28.89806,41.06667],[28.89639,41.06791],[28.89607,41.06819],[28.89567,41.06849],[28.89521,41.06883],[28.89481,41.06908],[28.89401,41.06964],[28.89376,41.06979],[28.89346,41.06994],[28.88915,41.07178],[28.88854,41.07209],[28.88818,41.07232],[28.88774,41.07261],[28.88733,41.07289],[28.8869,41.07317],[28.88642,41.07352],[28.88607,41.07374],[28.88576,41.07392],[28.88555,41.07404],[28.88534,41.07414],[28.88478,41.07436],[28.88336,41.07486],[28.883,41.07503],[28.88262,41.07519],[28.88249,41.07523],[28.88194,41.07544],[28.88145,41.07562],[28.88091,41.07584],[28.8806,41.07598],[28.88031,41.07617],[28.88007,41.07632],[28.87978,41.07653],[28.8772,41.0786]],[[28.8772,41.0786],[28.87699,41.0788],[28.87677,41.079],[28.87584,41.08003],[28.87559,41.0803],[28.87536,41.08054],[28.87496,41.08099],[28.87469,41.08128]],[[28.87469,41.08128],[28.87465,41.08132],[28.87399,41.08206]],[[28.87399,41.08206],[28.87374,41.08229],[28.87271,41.08342],[28.87243,41.08373],[28.87162,41.08459],[28.87102,41.08524],[28.87072,41.08552],[28.8704,41.08581],[28.87017,41.08599],[28.86996,41.08614],[28.86962,41.08635],[28.86916,41.08661],[28.86886,41.08677],[28.86869,41.08687],[28.86695,41.08783],[28.86658,41.08803],[28.86636,41.08816],[28.86603,41.08839],[28.86584,41.08854],[28.86569,41.08866],[28.86554,41.08879],[28.86495,41.0894],[28.86483,41.08956],[28.86471,41.08976],[28.86463,41.08995],[28.86458,41.09015],[28.86421,41.09192],[28.86413,41.09231],[28.86403,41.09282],[28.86402,41.09284],[28.86402,41.09287],[28.86383,41.09378],[28.86345,41.09573],[28.86322,41.09688],[28.86317,41.09723],[28.86312,41.09791],[28.86312,41.09798],[28.86312,41.09804],[28.86311,41.09808],[28.86306,41.09888],[28.86302,41.09932],[28.86298,41.09978],[28.86293,41.10071],[28.86291,41.10112],[28.86289,41.10123],[28.86285,41.10138],[28.86278,41.10156],[28.86228,41.10262],[28.86162,41.10402],[28.86127,41.10481],[28.86098,41.10544],[28.86082,41.10577],[28.86053,41.10636],[28.8601,41.10727],[28.86006,41.10735],[28.86003,41.10741],[28.85924,41.10902],[28.85827,41.111],[28.858,41.11155],[28.85784,41.11189],[28.85739,41.11281],[28.85735,41.11291],[28.85707,41.11342],[28.85697,41.11357],[28.85682,41.11375],[28.85669,41.11388],[28.85654,41.11402],[28.85637,41.11414],[28.8562,41.11425],[28.85602,41.11436],[28.85579,41.11446],[28.85554,41.11456],[28.85526,41.11465],[28.85359,41.11514]],[[28.85359,41.11514],[28.85336,41.11521],[28.85283,41.11536]],[[28.85283,41.11536],[28.85261,41.11542],[28.85237,41.11551]],[[28.85237,41.11551],[28.85222,41.11557],[28.85211,41.11563],[28.85201,41.11569]],[[28.85201,41.11569],[28.85181,41.11582],[28.85169,41.11591],[28.85118,41.11629],[28.85085,41.11654],[28.85075,41.11662]]]}},{"type":"Feature","properties":{"line":"T5","name":"Eminönü – Alibeyköy Cep Otogarı","operator":"Metro İstanbul","mode":"tram"},"geometry":{"type":"MultiLineString","coordinates":[[[28.9613,41.02332],[28.96086,41.02365],[28.96062,41.02389],[28.9606,41.02392],[28.96032,41.02425],[28.96003,41.02457],[28.95993,41.0247],[28.95985,41.0248],[28.95978,41.0249],[28.95972,41.02498],[28.95966,41.02509],[28.95961,41.02518],[28.95957,41.02528],[28.95936,41.02578],[28.9592,41.02617],[28.95915,41.02629],[28.95911,41.02639],[28.95905,41.02648],[28.95898,41.02657],[28.95892,41.02663],[28.95881,41.02673],[28.95872,41.02678],[28.95859,41.02685],[28.95782,41.02718],[28.95773,41.02722],[28.95762,41.02729],[28.9569,41.02798],[28.95672,41.02815],[28.95662,41.02823],[28.95652,41.02828],[28.95643,41.02832],[28.95633,41.02835],[28.95625,41.02838],[28.95611,41.0284],[28.95541,41.02844],[28.95525,41.02846],[28.95495,41.02853],[28.95447,41.02864],[28.95395,41.02876],[28.9534,41.02889],[28.9533,41.02893],[28.95319,41.02897],[28.95308,41.02902],[28.953,41.02907],[28.9529,41.02913],[28.95284,41.02917],[28.95274,41.02924],[28.95194,41.03006],[28.95192,41.03008],[28.95137,41.03072],[28.95105,41.03113]],[[28.96237,41.02209],[28.96215,41.02266],[28.96209,41.02275],[28.96203,41.02284],[28.96194,41.02295],[28.96187,41.02301],[28.9618,41.02306],[28.96143,41.02324],[28.9613,41.02332]],[[28.9705,41.01823],[28.97002,41.01829],[28.96956,41.01834],[28.96929,41.01835],[28.96906,41.01838],[28.96885,41.01842],[28.96878,41.01844],[28.96848,41.01857],[28.96838,41.0186],[28.96814,41.01864],[28.96794,41.01867],[28.96783,41.01868],[28.96772,41.01869],[28.96745,41.0187],[28.96733,41.0187],[28.96726,41.01871],[28.96715,41.01873],[28.96655,41.0189],[28.96652,41.01891],[28.96622,41.01901],[28.96601,41.0191],[28.96582,41.01917],[28.96562,41.01927],[28.9654,41.01937],[28.96521,41.01946],[28.96504,41.01956],[28.96489,41.01965],[28.96478,41.01972],[28.9646,41.01983],[28.96454,41.01987],[28.96408,41.0202],[28.96397,41.02029],[28.9639,41.02035],[28.96364,41.02061],[28.9633,41.02094],[28.96296,41.02127],[28.96263,41.02159],[28.96259,41.02164],[28.96255,41.02171],[28.96248,41.02183],[28.9624,41.022],[28.96237,41.02209]],[[28.95105,41.03113],[28.95084,41.03142],[28.95071,41.03159],[28.95063,41.03168],[28.95056,41.03175],[28.95029,41.03201],[28.95017,41.03211],[28.94979,41.03243]],[[28.94979,41.03243],[28.94921,41.03293],[28.94878,41.03333],[28.94836,41.03375],[28.94807,41.03404],[28.94773,41.03438],[28.94737,41.03474],[28.94697,41.03518],[28.94678,41.03541],[28.94669,41.03553],[28.94662,41.03565],[28.94566,41.03721],[28.94563,41.03724],[28.94536,41.03772],[28.94514,41.03811],[28.94499,41.03839],[28.94494,41.0385],[28.94478,41.03887],[28.94475,41.03896],[28.9447,41.03906],[28.94466,41.03912],[28.94462,41.03916],[28.94457,41.03922],[28.94451,41.03926],[28.94437,41.03935],[28.94397,41.03957],[28.94354,41.03981],[28.94307,41.04006],[28.94292,41.04013],[28.94272,41.04022],[28.94257,41.04027],[28.94239,41.04033],[28.94182,41.04049],[28.94173,41.04052],[28.94151,41.04059],[28.94143,41.04063],[28.9413,41.04069],[28.94119,41.04074],[28.94099,41.04086],[28.94076,41.04104],[28.94052,41.04123],[28.94039,41.04134],[28.94026,41.04146],[28.94005,41.04169],[28.93999,41.04176],[28.93984,41.04195],[28.93934,41.04274],[28.93865,41.04382],[28.93859,41.04392],[28.93853,41.04402],[28.93844,41.04423],[28.93832,41.04449],[28.93823,41.0447],[28.93819,41.04478],[28.93817,41.04488],[28.93813,41.04507],[28.93802,41.04555],[28.93795,41.04584],[28.93794,41.04593],[28.93765,41.04701],[28.93761,41.04711]],[[28.93761,41.04711],[28.93756,41.04723],[28.93751,41.04732],[28.93746,41.04741],[28.93742,41.04746],[28.93731,41.04759],[28.93527,41.04971],[28.93522,41.04977],[28.93518,41.04983],[28.93515,41.04989],[28.93514,41.04996],[28.93513,41.05002],[28.93514,41.05012]],[[28.93514,41.05012],[28.93521,41.05056],[28.93527,41.05091],[28.9354,41.0518],[28.93543,41.05195],[28.93547,41.05207],[28.93554,41.05219],[28.93563,41.05231],[28.93584,41.05253],[28.93614,41.05288],[28.93626,41.05304],[28.93633,41.05316],[28.93641,41.05332],[28.93645,41.05346],[28.93649,41.05381],[28.93651,41.05398],[28.93653,41.05404],[28.93658,41.05419],[28.93663,41.0543],[28.93672,41.05444],[28.93741,41.05517],[28.93758,41.05532],[28.9377,41.05542],[28.93855,41.05595],[28.93873,41.05606],[28.93898,41.05617],[28.93919,41.05625],[28.93942,41.05632],[28.94035,41.05654],[28.94062,41.05661],[28.94114,41.05673],[28.94162,41.05685],[28.94231,41.05701],[28.94261,41.05708],[28.94287,41.05717],[28.94312,41.05726],[28.94338,41.05739],[28.94373,41.05761],[28.94403,41.05783],[28.94469,41.05831],[28.9448,41.05843],[28.94488,41.05853],[28.94503,41.05871],[28.94523,41.05897],[28.94534,41.05912],[28.94541,41.05928],[28.94545,41.05938],[28.94546,41.05957],[28.94544,41.05969],[28.9454,41.05983],[28.94535,41.05993],[28.94526,41.06006],[28.94448,41.0612],[28.94446,41.06123],[28.94407,41.06179],[28.94392,41.06195],[28.94376,41.0621],[28.94309,41.06253],[28.94295,41.06265],[28.94282,41.06278],[28.94274,41.06291],[28.94253,41.06341],[28.94247,41.0636],[28.94245,41.06376],[28.94247,41.06393],[28.94251,41.06409],[28.9426,41.06426],[28.94269,41.0644],[28.94297,41.06485],[28.94314,41.06512],[28.94377,41.06613],[28.94389,41.06634],[28.94398,41.06656],[28.94402,41.06674],[28.94401,41.06712],[28.94397,41.06733],[28.94393,41.06748],[28.94384,41.06764],[28.9437,41.06785],[28.94322,41.06839],[28.9431,41.06861],[28.94304,41.06877],[28.94295,41.06937],[28.94288,41.0699],[28.94284,41.0702],[28.94273,41.07097],[28.94276,41.07115],[28.94291,41.0714],[28.94326,41.07189],[28.94346,41.07206],[28.94368,41.0722],[28.94477,41.07271],[28.94496,41.07281],[28.94516,41.07294],[28.94523,41.07298],[28.94573,41.07344],[28.946,41.07369],[28.94641,41.07408],[28.94678,41.07441],[28.94689,41.07449],[28.94703,41.07454],[28.94718,41.0746],[28.94734,41.07461],[28.94777,41.07461],[28.94792,41.07461],[28.948,41.07461],[28.94814,41.07464],[28.94821,41.07467],[28.94833,41.07474],[28.9484,41.0748],[28.94888,41.07534]],[[28.94888,41.07534],[28.94908,41.07557]],[[28.94908,41.07557],[28.94922,41.07572],[28.94926,41.07578],[28.94933,41.07588],[28.94937,41.07597],[28.94942,41.07611],[28.94943,41.07625],[28.94948,41.07683],[28.94948,41.07689],[28.94949,41.07694],[28.94953,41.07758],[28.94954,41.07777],[28.94952,41.07804],[28.94949,41.07843],[28.94944,41.07895],[28.94933,41.08014],[28.9493,41.08037],[28.94904,41.08163],[28.94898,41.08184],[28.94876,41.08248],[28.94872,41.08262],[28.94868,41.08276],[28.94863,41.08313],[28.94862,41.08316],[28.9485,41.08385],[28.94849,41.08392],[28.9485,41.08399],[28.94852,41.08412],[28.94856,41.08423],[28.94877,41.08466],[28.94881,41.08478],[28.94881,41.08488],[28.94878,41.0852],[28.94875,41.08532],[28.94869,41.08545],[28.94858,41.08561],[28.94836,41.08579],[28.94822,41.08587],[28.94806,41.08595],[28.94729,41.08625],[28.94608,41.08672],[28.94592,41.08676],[28.94576,41.0868],[28.94553,41.08682],[28.9453,41.08684],[28.94496,41.08685],[28.94465,41.08687],[28.9446,41.08687],[28.94393,41.0869],[28.94339,41.08693]]]}},{"type":"Feature","properties":{"line":"T6","name":"Sirkeci – Kazlıçeşme","operator":"TCDD Taşımacılık","mode":"tram"},"geometry":{"type":"MultiLineString","coordinates":[[[28.97844,41.015],[28.9785,41.015],[28.97893,41.01504],[28.98053,41.01526],[28.98096,41.01533],[28.98123,41.01539],[28.98169,41.01551],[28.98197,41.01559],[28.98248,41.01575],[28.98275,41.01584]],[[28.9836,41.00598],[28.98383,41.00615],[28.98418,41.00641],[28.98449,41.00666],[28.98481,41.00695],[28.98519,41.00732],[28.98542,41.00758],[28.98569,41.00791],[28.98591,41.00819],[28.98614,41.00856],[28.98634,41.00892],[28.98649,41.00923],[28.98663,41.00954],[28.98672,41.00979],[28.9868,41.01004],[28.98688,41.01035],[28.98695,41.01073],[28.98699,41.011],[28.98701,41.01125],[28.98702,41.01161],[28.98703,41.01197],[28.98693,41.01407],[28.98691,41.01429],[28.98688,41.0145],[28.98684,41.01469],[28.98677,41.01486],[28.98667,41.01506],[28.98658,41.01521],[28.98647,41.01534],[28.98634,41.01546],[28.98615,41.01561],[28.98583,41.0158],[28.98553,41.01595],[28.98531,41.01602],[28.98508,41.01608],[28.98484,41.01614],[28.9846,41.01618],[28.9843,41.01619],[28.98404,41.01618],[28.9838,41.01616],[28.98357,41.01611],[28.98338,41.01606],[28.98321,41.016],[28.98275,41.01584]],[[28.9835,41.00592],[28.9836,41.00598]],[[28.98233,41.0052],[28.98295,41.00558],[28.9835,41.00592]],[[28.98222,41.00512],[28.98233,41.0052]],[[28.97934,41.00352],[28.9796,41.00363],[28.97985,41.00376],[28.98034,41.00402],[28.98106,41.00442],[28.98143,41.00464],[28.98222,41.00512]],[[28.97922,41.00347],[28.97934,41.00352]],[[28.9738,41.00246],[28.97415,41.00247],[28.9745,41.0025],[28.97491,41.00254],[28.97529,41.00259],[28.97608,41.00274],[28.97815,41.00316],[28.97841,41.00322],[28.97861,41.00327],[28.97881,41.00333],[28.97901,41.00339],[28.97922,41.00347]],[[28.9735,41.00246],[28.9738,41.00246]],[[28.97151,41.00262],[28.97209,41.00254],[28.97263,41.00249],[28.97294,41.00247],[28.9735,41.00246]],[[28.9713,41.00264],[28.97151,41.00262]],[[28.96876,41.00297],[28.9713,41.00264]],[[28.96865,41.00299],[28.96876,41.00297]],[[28.96678,41.00314],[28.9679,41.00307],[28.96825,41.00304],[28.96865,41.00299]],[[28.96669,41.00315],[28.96678,41.00314]],[[28.96544,41.00323],[28.96658,41.00315],[28.96669,41.00315]],[[28.96511,41.00325],[28.96544,41.00323]],[[28.96055,41.00366],[28.96091,41.0036],[28.96131,41.00355],[28.96175,41.00351],[28.96324,41.00342],[28.96436,41.00334],[28.96511,41.00325]],[[28.96039,41.00369],[28.96055,41.00366]],[[28.95403,41.00481],[28.9557,41.0047],[28.95644,41.00461],[28.95674,41.00457],[28.95704,41.00452],[28.95757,41.0044],[28.95805,41.00428],[28.95891,41.00406],[28.96001,41.00378],[28.96039,41.00369]],[[28.95323,41.00486],[28.95403,41.00481]],[[28.95032,41.00447],[28.95085,41.0046],[28.95139,41.00471],[28.9519,41.0048],[28.95224,41.00484],[28.95282,41.00487],[28.95323,41.00486]],[[28.95008,41.00441],[28.95032,41.00447]],[[28.9381,41.00234],[28.93861,41.00249],[28.93902,41.00258],[28.94025,41.00277],[28.9455,41.00352],[28.94637,41.00368],[28.94682,41.00377],[28.94951,41.0043],[28.95008,41.00441]],[[28.93776,41.00222],[28.9381,41.00234]],[[28.93172,40.99792],[28.93187,40.99833],[28.93202,40.99863],[28.9322,40.99895],[28.93241,40.99924],[28.93252,40.99938],[28.9326,40.99947],[28.93303,40.9999],[28.93311,40.99997],[28.93332,41.00016],[28.93362,41.0004],[28.93398,41.00063],[28.93436,41.00084],[28.93491,41.00111],[28.93518,41.00121],[28.93657,41.00175],[28.93776,41.00222]],[[28.93172,40.99792],[28.93157,40.99763],[28.93147,40.99738],[28.93139,40.99716]],[[28.93139,40.99716],[28.93135,40.99709]],[[28.93135,40.99709],[28.93123,40.99686],[28.93112,40.99667],[28.93098,40.99645],[28.93082,40.99625],[28.93066,40.99606],[28.93039,40.99577],[28.93018,40.99558]],[[28.93018,40.99558],[28.93009,40.9955]],[[28.93009,40.9955],[28.92931,40.99487],[28.92889,40.9946],[28.92857,40.99441],[28.92809,40.99418],[28.92655,40.99345],[28.92554,40.99299],[28.92538,40.99291],[28.92521,40.9928],[28.92497,40.99264],[28.9248,40.99253],[28.92464,40.99243],[28.92443,40.99231]],[[28.91973,40.99209],[28.92064,40.99185],[28.92091,40.99179],[28.92112,40.99175],[28.92133,40.99172],[28.92178,40.99168],[28.92208,40.99168],[28.9224,40.9917],[28.92266,40.99172],[28.9229,40.99176],[28.92326,40.99185],[28.92373,40.992],[28.9241,40.99215],[28.92443,40.99231]],[[28.91941,40.99216],[28.91973,40.99209]],[[28.91688,40.99258],[28.91817,40.9924],[28.91877,40.99231],[28.91941,40.99216]]]}},{"type":"Feature","properties":{"line":"F1","name":"Taksim – Kabataş","operator":"Metro İstanbul","mode":"funicular"},"geometry":{"type":"MultiLineString","coordinates":[[[28.98653,41.03685],[28.98667,41.03678],[28.98898,41.03561]],[[28.98898,41.03561],[28.98929,41.03547],[28.98986,41.03518],[28.99016,41.03501]],[[28.99016,41.03501],[28.99228,41.03393],[28.99242,41.03386]]]}},{"type":"Feature","properties":{"line":"F2","name":"Karaköy – Beyoğlu (Tarihi Tünel)","operator":"İETT","mode":"heritage_funicular"},"geometry":{"type":"MultiLineString","coordinates":[[[28.97399,41.02834],[28.97401,41.02647]],[[28.97401,41.02647],[28.97398,41.0262],[28.97399,41.0255],[28.97402,41.02523]],[[28.97402,41.02523],[28.97403,41.02439],[28.97403,41.02397],[28.97404,41.02286]],[[28.97401,41.02647],[28.97406,41.0262],[28.97406,41.02549],[28.97402,41.02523]]]}},{"type":"Feature","properties":{"line":"F3","name":"Seyrantepe – Vadistanbul","operator":"Metro İstanbul","mode":"funicular"},"geometry":{"type":"MultiLineString","coordinates":[[[28.99429,41.10332],[28.99462,41.10313]],[[28.99173,41.10482],[28.99196,41.10474],[28.99214,41.10467],[28.99229,41.1046],[28.99243,41.10451],[28.9926,41.10441],[28.99277,41.1043],[28.9935,41.10383],[28.99376,41.10365],[28.99405,41.10347],[28.99429,41.10332]],[[28.99007,41.10525],[28.99029,41.10519],[28.99056,41.10513],[28.99137,41.10494],[28.99156,41.10488],[28.99173,41.10482]],[[28.9886,41.10744],[28.98868,41.10741],[28.98875,41.10738],[28.9888,41.10735],[28.98888,41.10731],[28.98897,41.10725],[28.98905,41.10718],[28.98912,41.1071],[28.98919,41.10701],[28.98924,41.10691],[28.98928,41.10682],[28.9893,41.10673],[28.98931,41.10664],[28.98931,41.1065],[28.9893,41.10616],[28.9893,41.10608],[28.9893,41.10599],[28.98931,41.10593],[28.98933,41.10586],[28.98936,41.10579],[28.9894,41.10571],[28.98945,41.10564],[28.98951,41.10558],[28.98959,41.1055],[28.98971,41.10541],[28.98981,41.10536],[28.98991,41.10531],[28.99007,41.10525]],[[28.98824,41.10756],[28.9886,41.10744]]]}},{"type":"Feature","properties":{"line":"F4","name":"Boğaziçi Üniversitesi/Hisarüstü – Aşiyan","operator":"Metro İstanbul","mode":"funicular"},"geometry":{"type":"MultiLineString","coordinates":[[[29.04951,41.08351],[29.04608,41.085]],[[29.04951,41.08351],[29.04971,41.08341],[29.05054,41.08306],[29.05078,41.08298]],[[29.05397,41.08154],[29.05078,41.08298]]]}},{"type":"Feature","properties":{"line":"TF1","name":"Maçka – Taşkışla","operator":"Metro İstanbul","mode":"cable_car"},"geometry":{"type":"MultiLineString","coordinates":[[[28.99034,41.0435],[28.99065,41.04361],[28.99194,41.04405],[28.99324,41.0445],[28.99398,41.04476]]]}},{"type":"Feature","properties":{"line":"TF2","name":"Eyüp – Piyer Loti","operator":"Metro İstanbul","mode":"cable_car"},"geometry":{"type":"MultiLineString","coordinates":[[[28.9344,41.04981],[28.93342,41.05335]]]}},{"type":"Feature","properties":{"line":"34","name":"Metrobüs: Beylikdüzü Sondurak – Söğütlüçeşme","operator":"İETT","mode":"brt"},"geometry":{"type":"MultiLineString","coordinates":[[[29.01385,41.06605],[29.01373,41.0661],[29.01309,41.0664]],[[29.01423,41.06663],[29.0143,41.0666],[29.01438,41.06654],[29.01441,41.06648],[29.01443,41.06643],[29.01443,41.06632],[29.0144,41.06622],[29.01431,41.06615],[29.01422,41.0661],[29.01406,41.06605],[29.01385,41.06605]],[[29.01384,41.06625],[29.0138,41.06641],[29.01384,41.0665],[29.01393,41.06659],[29.01401,41.06664],[29.01412,41.06665],[29.01423,41.06663]],[[29.014,41.06614],[29.01391,41.06618],[29.01384,41.06625]],[[29.01444,41.06592],[29.01418,41.06605],[29.014,41.06614]],[[29.01456,41.06584],[29.01444,41.06592]],[[29.01535,41.06427],[29.0152,41.06457],[29.01493,41.06507],[29.01479,41.06556],[29.01467,41.06572],[29.01456,41.06584]],[[29.01843,41.05804],[29.01804,41.0583],[29.01768,41.05858],[29.01728,41.05894],[29.01701,41.05924],[29.01677,41.05959],[29.01654,41.06001],[29.01639,41.0604],[29.01606,41.06143],[29.01579,41.06254],[29.01556,41.06356],[29.01546,41.06397],[29.01535,41.06427]],[[29.01858,41.05794],[29.01843,41.05804]],[[29.01998,41.05703],[29.0198,41.05719],[29.01949,41.0574],[29.01898,41.05769],[29.01858,41.05794]],[[29.02151,41.05618],[29.02113,41.05639],[29.02074,41.0566],[29.02036,41.05681],[29.01998,41.05703]],[[29.02872,41.05102],[29.02823,41.05149],[29.02778,41.05193],[29.02734,41.05234],[29.02702,41.05263],[29.02668,41.05293],[29.02651,41.05308],[29.02626,41.05329],[29.02594,41.05352],[29.02561,41.05376],[29.02526,41.054],[29.02481,41.05428],[29.02447,41.05449],[29.02377,41.0549],[29.02266,41.05552],[29.02205,41.05588],[29.02151,41.05618]],[[29.04017,41.04003],[29.03926,41.04092],[29.03835,41.04181],[29.03051,41.04934],[29.02937,41.05041],[29.02872,41.05102]],[[29.04061,41.03961],[29.04027,41.03993],[29.04017,41.04003]],[[29.041,41.03926],[29.04061,41.03961]],[[29.0422,41.03822],[29.04171,41.03869],[29.04151,41.0389],[29.04136,41.03902],[29.04123,41.03911],[29.041,41.03926]],[[29.04297,41.03737],[29.0422,41.03822]],[[29.04333,41.03712],[29.04319,41.03722],[29.04297,41.03737]],[[29.04354,41.03681],[29.04345,41.03696],[29.04333,41.03712]],[[29.04388,41.03629],[29.04354,41.03681]],[[29.04401,41.03594],[29.04388,41.03629]],[[29.04521,41.0342],[29.045,41.03434],[29.0449,41.03442],[29.04483,41.03451],[29.04446,41.0352],[29.04401,41.03594]],[[29.04595,41.031],[29.04625,41.03135],[29.04658,41.03168],[29.04679,41.03189],[29.04698,41.03212],[29.04709,41.0323],[29.04718,41.03248],[29.04721,41.0326],[29.04724,41.03272],[29.04725,41.03281],[29.04723,41.0329],[29.04718,41.03305],[29.04711,41.03319],[29.04698,41.03336],[29.04679,41.03351],[29.04658,41.03363],[29.04634,41.03373],[29.0456,41.034],[29.04521,41.0342]],[[29.04565,41.02999],[29.04564,41.03043],[29.04571,41.03067],[29.04595,41.031]],[[29.04577,41.0282],[29.04572,41.02873],[29.04567,41.02943],[29.04565,41.02999]],[[29.0458,41.02797],[29.04577,41.0282]],[[29.049,41.02099],[29.04862,41.02143],[29.0483,41.02184],[29.04816,41.02204],[29.04792,41.02238],[29.0475,41.02303],[29.04719,41.0236],[29.04686,41.02431],[29.04666,41.0248],[29.04646,41.02529],[29.04626,41.02589],[29.04611,41.02646],[29.04597,41.02704],[29.04588,41.02749],[29.04583,41.02778],[29.0458,41.02797]],[[29.05026,41.01973],[29.04987,41.02011],[29.04953,41.02044],[29.04923,41.02074],[29.049,41.02099]],[[29.05057,41.01946],[29.05026,41.01973]],[[29.05619,41.01532],[29.05575,41.01563],[29.05513,41.01606],[29.05466,41.01639],[29.05415,41.01674],[29.05366,41.01708],[29.05335,41.01729],[29.05297,41.01756],[29.05255,41.01787],[29.05221,41.01812],[29.05174,41.01847],[29.05139,41.01875],[29.05097,41.0191],[29.05069,41.01935],[29.05057,41.01946]],[[29.05881,41.01344],[29.05825,41.01381],[29.05737,41.01444],[29.05678,41.01487],[29.05654,41.01505],[29.05619,41.01532]],[[29.05762,41.00017],[29.05788,41.00068],[29.05809,41.00108],[29.05842,41.00175],[29.05869,41.00227],[29.05906,41.00303],[29.0594,41.00373],[29.05964,41.00419],[29.05976,41.00443],[29.05988,41.00467],[29.06002,41.00496],[29.06017,41.00524],[29.06027,41.00545],[29.06036,41.00562],[29.06049,41.00589],[29.06064,41.0062],[29.06074,41.00641],[29.06087,41.00665],[29.06103,41.00701],[29.06112,41.00722],[29.06127,41.0076],[29.06136,41.00789],[29.06148,41.00832],[29.06153,41.00852],[29.06157,41.00872],[29.06161,41.00896],[29.06163,41.00911],[29.06163,41.00942],[29.0616,41.00975],[29.06156,41.01001],[29.06146,41.01037],[29.06132,41.01076],[29.06121,41.01099],[29.06107,41.01125],[29.06089,41.01154],[29.06077,41.0117],[29.06051,41.01201],[29.06022,41.01231],[29.05999,41.01251],[29.05966,41.01279],[29.05939,41.01301],[29.0591,41.01323],[29.05881,41.01344]],[[29.05711,40.99946],[29.05725,40.99961],[29.05741,40.99985],[29.05762,41.00017]],[[29.05702,40.99936],[29.05711,40.99946]],[[29.0568,40.99915],[29.05702,40.99936]],[[29.05582,40.99833],[29.05609,40.99853],[29.05634,40.99874],[29.05657,40.99894],[29.05667,40.99903],[29.0568,40.99915]],[[29.0554,40.99804],[29.05566,40.9982],[29.05582,40.99833]],[[29.05526,40.99795],[29.0554,40.99804]],[[29.0551,40.99787],[29.05526,40.99795]],[[29.0548,40.99768],[29.0551,40.99787]],[[29.05452,40.9975],[29.0548,40.99768]],[[29.05483,40.99766],[29.05452,40.9975]],[[29.05516,40.99782],[29.05483,40.99766]],[[29.05531,40.9979],[29.05516,40.99782]],[[29.05546,40.99798],[29.05531,40.9979]],[[29.05591,40.99827],[29.05571,40.99814],[29.05546,40.99798]],[[29.05689,40.99911],[29.05667,40.99891],[29.05641,40.99868],[29.05633,40.99862],[29.05616,40.99848],[29.05591,40.99827]],[[29.0571,40.99933],[29.05689,40.99911]],[[29.05719,40.99943],[29.0571,40.99933]],[[29.05888,41.01346],[29.05915,41.01326],[29.05943,41.01305],[29.05969,41.01283],[29.06003,41.01255],[29.06028,41.01232],[29.06056,41.01203],[29.06082,41.01172],[29.06093,41.01156],[29.06112,41.01126],[29.06125,41.01101],[29.06137,41.01077],[29.06151,41.01038],[29.06161,41.01003],[29.06166,41.00976],[29.06169,41.00943],[29.06168,41.00911],[29.06167,41.00896],[29.06165,41.00872],[29.06161,41.0085],[29.06156,41.00828],[29.06143,41.00788],[29.06132,41.00757],[29.06118,41.00721],[29.06109,41.007],[29.06092,41.00664],[29.0608,41.0064],[29.0607,41.00619],[29.06053,41.00586],[29.0604,41.00562],[29.06031,41.00543],[29.06021,41.00522],[29.06007,41.00495],[29.05993,41.00466],[29.0598,41.0044],[29.05969,41.00418],[29.05946,41.00372],[29.0591,41.00301],[29.05873,41.00225],[29.05848,41.00174],[29.05814,41.00107],[29.05796,41.0007],[29.05781,41.00037],[29.05767,41.00014],[29.05748,40.99981],[29.05731,40.99958],[29.05719,40.99943]],[[29.05623,41.01536],[29.0566,41.0151],[29.05743,41.01451],[29.05759,41.0144],[29.05833,41.01387],[29.05888,41.01346]],[[29.05062,41.01948],[29.051,41.01913],[29.05144,41.01877],[29.05178,41.01851],[29.05224,41.01816],[29.05258,41.0179],[29.05301,41.0176],[29.05337,41.01734],[29.05369,41.01712],[29.05419,41.01677],[29.0547,41.01642],[29.05517,41.01609],[29.05578,41.01567],[29.05623,41.01536]],[[29.05032,41.01976],[29.05062,41.01948]],[[29.04586,41.02797],[29.04594,41.02751],[29.04605,41.02695],[29.0461,41.02671],[29.04621,41.02629],[29.04634,41.02583],[29.04647,41.02546],[29.04661,41.02506],[29.04675,41.02474],[29.04696,41.02425],[29.04715,41.02382],[29.04732,41.0235],[29.04757,41.02309],[29.04777,41.02276],[29.04785,41.02264],[29.04812,41.02226],[29.0485,41.02174],[29.04873,41.02145],[29.04888,41.02128],[29.04909,41.02104],[29.04932,41.02079],[29.04962,41.02049],[29.04993,41.02016],[29.05032,41.01976]],[[29.04583,41.02823],[29.04586,41.02797]],[[29.0457,41.02999],[29.04572,41.02943],[29.04576,41.02874],[29.04583,41.02823]],[[29.04602,41.03096],[29.04578,41.03064],[29.0457,41.03044],[29.0457,41.02999]],[[29.04527,41.03432],[29.04666,41.03375],[29.04693,41.03361],[29.04713,41.03344],[29.04729,41.03322],[29.04737,41.03301],[29.0474,41.03288],[29.04738,41.03276],[29.04734,41.03262],[29.04727,41.03247],[29.04718,41.03228],[29.04705,41.03207],[29.04698,41.03199],[29.04687,41.03186],[29.04667,41.03166],[29.04629,41.03128],[29.04602,41.03096]],[[29.04427,41.03445],[29.04452,41.03438],[29.04498,41.03439],[29.04527,41.03432]],[[29.04341,41.0359],[29.04353,41.03567],[29.04358,41.03554],[29.0437,41.03518],[29.04372,41.0351],[29.04377,41.03486],[29.04383,41.03474],[29.04394,41.03463],[29.0441,41.03453],[29.04427,41.03445]],[[29.04318,41.03626],[29.04341,41.0359]],[[29.04245,41.03719],[29.04254,41.03709],[29.04278,41.03686],[29.04298,41.0366],[29.04318,41.03626]],[[29.0419,41.03817],[29.04226,41.03769],[29.04236,41.03752],[29.04245,41.03719]],[[29.04005,41.03996],[29.0404,41.03961],[29.04108,41.03893],[29.0419,41.03817]],[[29.02861,41.05095],[29.02895,41.05063],[29.03841,41.04157],[29.04005,41.03996]],[[29.02137,41.0561],[29.02274,41.05533],[29.02352,41.05489],[29.02436,41.0544],[29.02487,41.05409],[29.02513,41.05393],[29.02543,41.05373],[29.02589,41.05339],[29.02615,41.0532],[29.0264,41.05299],[29.02666,41.05277],[29.02713,41.05235],[29.02759,41.05192],[29.02808,41.05145],[29.02861,41.05095]],[[29.02076,41.05636],[29.02088,41.0563],[29.02106,41.05622],[29.02137,41.0561]],[[29.01823,41.0574],[29.01845,41.05725],[29.01866,41.05717],[29.01912,41.05703],[29.01949,41.05689],[29.02003,41.05667],[29.02018,41.05661],[29.02044,41.05649],[29.02076,41.05636]],[[29.01774,41.05788],[29.01823,41.0574]],[[29.01319,41.06579],[29.01333,41.06574],[29.01343,41.06571],[29.01352,41.06566],[29.01364,41.06559],[29.01377,41.06549],[29.01388,41.06539],[29.01409,41.06517],[29.01425,41.06499],[29.01435,41.06484],[29.01446,41.06468],[29.01452,41.06456],[29.01458,41.06441],[29.01467,41.06418],[29.01509,41.06325],[29.0152,41.06291],[29.01549,41.06169],[29.01562,41.06122],[29.01575,41.06077],[29.01584,41.06051],[29.01589,41.06033],[29.01599,41.06007],[29.01611,41.05983],[29.01623,41.0596],[29.0163,41.05949],[29.01645,41.05926],[29.01682,41.05882],[29.01697,41.05865],[29.01729,41.05834],[29.01774,41.05788]],[[29.01292,41.06594],[29.01319,41.06579]],[[29.04812,41.02218],[29.04832,41.0219],[29.04848,41.02171],[29.04857,41.02159],[29.0487,41.02143],[29.04884,41.02127],[29.04904,41.02102],[29.04907,41.02098]],[[29.04907,41.02098],[29.04918,41.02087]],[[29.04853,41.02243],[29.04841,41.0224]],[[29.04841,41.0224],[29.04806,41.02226],[29.04786,41.02219]],[[29.04786,41.02219],[29.04778,41.02215]],[[29.04778,41.02215],[29.04778,41.02215]],[[29.04982,41.02103],[29.04989,41.02107],[29.04992,41.02113]],[[29.04873,41.02064],[29.04918,41.02087],[29.04939,41.02098],[29.0495,41.02086],[29.04982,41.02103]],[[29.04861,41.02078],[29.04873,41.02064]],[[29.05699,41.01538],[29.05658,41.01505],[29.05628,41.01481]],[[29.05628,41.01481],[29.05609,41.01488]],[[29.05452,40.9975],[29.05436,40.9974],[29.05416,40.99727],[29.05355,40.99687],[29.05261,40.99625],[29.05131,40.99541]],[[29.04533,40.99331],[29.04549,40.99337],[29.04574,40.99344],[29.04614,40.99355],[29.04714,40.99373],[29.04759,40.99381],[29.04793,40.99387],[29.04871,40.99405],[29.04918,40.99421],[29.04965,40.99442],[29.05016,40.99469],[29.05062,40.99497],[29.05131,40.99541]],[[29.04501,40.99318],[29.04533,40.99331]],[[29.04335,40.99227],[29.04345,40.99234],[29.04381,40.99255],[29.04414,40.99275],[29.04474,40.99306],[29.04501,40.99318]],[[29.04335,40.99227],[29.0427,40.99188],[29.04246,40.99174],[29.04213,40.99154],[29.0416,40.9912]],[[29.04037,40.99057],[29.04078,40.99077],[29.04094,40.99086],[29.04097,40.99087],[29.0416,40.9912]],[[29.03921,40.99002],[29.03934,40.99006],[29.03969,40.99022],[29.0399,40.99033],[29.04037,40.99057]],[[29.03921,40.99002],[29.03905,40.99006],[29.03895,40.9901],[29.03885,40.99016],[29.03876,40.99026],[29.03845,40.99075],[29.03837,40.99087],[29.03829,40.99098]],[[29.03829,40.99098],[29.03823,40.99105],[29.03817,40.99112],[29.03811,40.99122],[29.03808,40.9913],[29.03806,40.9914],[29.038,40.99169],[29.03797,40.9918],[29.03791,40.9919],[29.03782,40.99201]],[[29.03782,40.99201],[29.03769,40.99214],[29.03761,40.99221],[29.03752,40.99227],[29.03749,40.99228],[29.03745,40.99229]],[[29.03745,40.99229],[29.0374,40.99229],[29.03734,40.99228],[29.0373,40.99225],[29.03728,40.99223],[29.03728,40.99217],[29.03731,40.99212],[29.03748,40.99189],[29.03759,40.99177],[29.0377,40.99162]],[[29.0377,40.99162],[29.03801,40.99121],[29.03816,40.99103],[29.03822,40.99095]],[[29.03822,40.99095],[29.03824,40.99093],[29.03843,40.99065],[29.03861,40.99036],[29.03875,40.99017],[29.03885,40.99008],[29.03892,40.99003],[29.039,40.99001],[29.03913,40.99001],[29.03921,40.99002]],[[29.04042,40.99053],[29.03995,40.99029],[29.03954,40.99009],[29.03945,40.99005],[29.03935,40.99003],[29.03921,40.99002]],[[29.0416,40.9912],[29.04104,40.99084],[29.04082,40.99072],[29.04042,40.99053]],[[29.04376,41.03638],[29.04361,41.0366],[29.0435,41.03675]],[[29.0435,41.03675],[29.04333,41.03701]],[[29.04579,41.02983],[29.04581,41.0301],[29.04583,41.03056],[29.04583,41.03082],[29.04583,41.03093],[29.04585,41.03104],[29.0459,41.03113],[29.04596,41.03121],[29.04617,41.03141],[29.04678,41.03204],[29.04693,41.03223],[29.04705,41.03242],[29.0471,41.03259],[29.04711,41.03266],[29.04712,41.03276],[29.0471,41.03287],[29.04709,41.03295],[29.04706,41.03303],[29.04703,41.0331],[29.04699,41.03316],[29.04687,41.03331],[29.04675,41.03341],[29.04663,41.03349],[29.04623,41.03367],[29.04585,41.03383],[29.04568,41.03391],[29.04551,41.034],[29.04534,41.0341],[29.04521,41.0342]],[[29.0464,40.99383],[29.04648,40.99356],[29.04654,40.99337]],[[29.04661,40.99319],[29.04654,40.99337]],[[29.04655,40.99358],[29.04652,40.99357],[29.04648,40.99356]],[[29.04801,41.02234],[29.04789,41.02253],[29.04752,41.02306]],[[29.04349,41.03554],[29.04362,41.0351],[29.0437,41.03483]],[[28.93722,41.03843],[28.93764,41.03877]],[[28.62843,41.02126],[28.62829,41.02137],[28.62811,41.02149],[28.62782,41.02167],[28.62721,41.02197]],[[28.62909,41.02074],[28.62843,41.02126]],[[28.62964,41.02029],[28.62954,41.02037],[28.62909,41.02074]],[[28.63973,41.01611],[28.63909,41.01635],[28.63848,41.01658],[28.63797,41.01677],[28.63734,41.017],[28.63676,41.01722],[28.63601,41.0175],[28.63526,41.01777],[28.63452,41.01805],[28.63395,41.01827],[28.63365,41.01838],[28.63318,41.01859],[28.63288,41.01871],[28.63232,41.01893],[28.63169,41.01916],[28.63137,41.01928],[28.63111,41.01938],[28.63091,41.01946],[28.63074,41.01955],[28.6305,41.01968],[28.63026,41.01982],[28.63004,41.01996],[28.62992,41.02006],[28.62964,41.02029]],[[28.64711,41.01328],[28.64645,41.01353],[28.64589,41.01374],[28.6453,41.01397],[28.64486,41.01413],[28.64457,41.01424],[28.64397,41.01447],[28.64346,41.01467],[28.64298,41.01484],[28.64238,41.01506],[28.64138,41.01544],[28.64074,41.01568],[28.64021,41.01592],[28.64,41.016],[28.63973,41.01611]],[[28.65049,41.01198],[28.6498,41.01224],[28.64881,41.01261],[28.64855,41.01271],[28.64828,41.01281],[28.64775,41.01302],[28.6475,41.01313],[28.64711,41.01328]],[[28.65208,41.01136],[28.65049,41.01198]],[[28.65498,41.01031],[28.65457,41.01046],[28.65394,41.01069],[28.65328,41.01094],[28.65287,41.01108],[28.65262,41.01117],[28.65208,41.01136]],[[28.66296,41.00728],[28.66233,41.00752],[28.66144,41.00787],[28.66061,41.0082],[28.65998,41.00844],[28.65941,41.00866],[28.65881,41.00888],[28.65838,41.00904],[28.65817,41.00912],[28.65777,41.00926],[28.65736,41.00941],[28.65614,41.00986],[28.65588,41.00995],[28.65498,41.01031]],[[28.66731,41.00619],[28.66709,41.0062],[28.66674,41.00624],[28.66641,41.00629],[28.66609,41.00636],[28.66562,41.00646],[28.66531,41.00653],[28.66512,41.00658],[28.66478,41.00666],[28.66407,41.00689],[28.66382,41.00698],[28.66296,41.00728]],[[28.66298,41.0073],[28.66405,41.00696],[28.6644,41.00686],[28.66499,41.00669],[28.66517,41.00663],[28.66554,41.00655],[28.66588,41.00647],[28.66624,41.0064],[28.66661,41.00633],[28.66731,41.00619]],[[28.655,41.01035],[28.65592,41.01004],[28.65708,41.00961],[28.65742,41.00949],[28.65781,41.00933],[28.65839,41.00909],[28.65883,41.00892],[28.65944,41.00869],[28.66001,41.00847],[28.66063,41.00823],[28.66145,41.00791],[28.66235,41.00755],[28.66298,41.0073]],[[28.65214,41.01143],[28.65266,41.01122],[28.6529,41.01112],[28.65331,41.01097],[28.65395,41.01073],[28.65458,41.0105],[28.655,41.01035]],[[28.65053,41.01205],[28.65214,41.01143]],[[28.64714,41.01331],[28.64779,41.01307],[28.64834,41.01288],[28.6486,41.01279],[28.64972,41.01237],[28.64985,41.01232],[28.65053,41.01205]],[[28.63975,41.01614],[28.64003,41.01604],[28.6402,41.01598],[28.64079,41.01577],[28.64146,41.01552],[28.64217,41.01524],[28.64244,41.01514],[28.64302,41.0149],[28.64349,41.0147],[28.644,41.01451],[28.64458,41.01429],[28.64488,41.01417],[28.64531,41.014],[28.64592,41.01377],[28.64647,41.01357],[28.64714,41.01331]],[[28.6297,41.02032],[28.63004,41.02007],[28.63029,41.0199],[28.63057,41.01973],[28.63078,41.01961],[28.63096,41.01953],[28.63117,41.01944],[28.63143,41.01933],[28.63172,41.01922],[28.63196,41.01913],[28.63236,41.01897],[28.63291,41.01874],[28.63324,41.0186],[28.63367,41.01842],[28.63397,41.0183],[28.63454,41.01809],[28.63526,41.01781],[28.63603,41.01753],[28.63678,41.01725],[28.63736,41.01703],[28.63799,41.0168],[28.6385,41.01662],[28.63911,41.01639],[28.63975,41.01614]],[[28.62911,41.02079],[28.6293,41.02064],[28.62949,41.02049],[28.62965,41.02035],[28.6297,41.02032]],[[28.62844,41.02132],[28.62857,41.02123],[28.62878,41.02107],[28.62911,41.02079]],[[28.62725,41.022],[28.62785,41.02171],[28.62823,41.02146],[28.62834,41.02139],[28.62844,41.02132]],[[28.62624,41.02224],[28.62634,41.02226],[28.62642,41.02227],[28.62659,41.02224],[28.62693,41.02214],[28.62725,41.022]],[[28.62611,41.02208],[28.62611,41.02213],[28.62614,41.02219],[28.62624,41.02224]],[[28.62615,41.02161],[28.62626,41.02156],[28.6264,41.02152],[28.62647,41.02153],[28.62656,41.02154],[28.62662,41.02159],[28.62664,41.02164],[28.62664,41.02172],[28.62659,41.02177],[28.62631,41.02191],[28.62618,41.02199],[28.62613,41.02203],[28.62611,41.02208]],[[28.62549,41.02187],[28.62615,41.02161]],[[28.62569,41.02231],[28.62558,41.02233],[28.62528,41.02245],[28.62506,41.02254],[28.6245,41.02276],[28.6244,41.02278],[28.62428,41.02277],[28.62418,41.02274],[28.6241,41.02268],[28.62407,41.02263],[28.62405,41.02254],[28.62407,41.02246],[28.62417,41.02237],[28.62432,41.0223],[28.62481,41.02213],[28.62549,41.02187]],[[28.62602,41.02229],[28.62586,41.02227],[28.62569,41.02231]],[[28.62617,41.02229],[28.62602,41.02229]],[[28.62663,41.0222],[28.62634,41.02226],[28.62619,41.02229],[28.62617,41.02229]],[[28.62721,41.02197],[28.62688,41.02211],[28.62663,41.0222]],[[28.66449,41.00642],[28.66449,41.00645],[28.66452,41.00679],[28.66454,41.00704],[28.66454,41.00709]],[[28.67097,41.00602],[28.6697,41.00603],[28.66884,41.00605],[28.66816,41.00609],[28.66777,41.00612],[28.66731,41.00619]],[[28.67097,41.00602],[28.67133,41.00603],[28.67169,41.00603],[28.6721,41.00604],[28.67286,41.00602],[28.67321,41.00601],[28.67365,41.00601],[28.67395,41.006],[28.67414,41.00599],[28.67433,41.00598],[28.67463,41.00596],[28.67502,41.00593],[28.67537,41.00591]],[[28.67537,41.00591],[28.675,41.00591],[28.67425,41.00592],[28.67402,41.00592],[28.67342,41.00593],[28.67318,41.00594],[28.67234,41.00596],[28.67199,41.00596],[28.67165,41.00599],[28.67116,41.00601],[28.67097,41.00602]],[[28.67833,41.00583],[28.67694,41.00587],[28.67537,41.00591]],[[28.67873,41.00582],[28.67833,41.00583]],[[28.68304,41.00527],[28.68251,41.00543],[28.682,41.00555],[28.68173,41.0056],[28.68143,41.00565],[28.68105,41.00571],[28.68059,41.00574],[28.68021,41.00577],[28.67976,41.00578],[28.67873,41.00582]],[[28.68656,41.00332],[28.68566,41.00396],[28.68507,41.00432],[28.68434,41.00469],[28.68428,41.00472],[28.68344,41.00508],[28.68304,41.00527]],[[28.68304,41.00527],[28.68352,41.00513],[28.68416,41.00487],[28.68499,41.00448],[28.68514,41.00439],[28.68557,41.00413],[28.68599,41.00379],[28.68656,41.00332]],[[28.68595,41.00417],[28.68581,41.00429]],[[28.68527,41.00381],[28.68529,41.00379],[28.68531,41.00381],[28.68557,41.00406],[28.68579,41.00427],[28.6858,41.00429],[28.68581,41.00429],[28.6858,41.0043]],[[28.68542,41.00374],[28.68531,41.00381]],[[28.68553,41.00383],[28.68542,41.00374]],[[28.70617,40.99566],[28.70628,40.9956]],[[28.70628,40.9956],[28.70611,40.99544]],[[28.7056,40.99532],[28.70563,40.99534],[28.70584,40.9952],[28.70609,40.99542],[28.7061,40.99543],[28.70611,40.99544]],[[28.70515,40.99522],[28.70516,40.99522],[28.70518,40.99524],[28.70538,40.99545],[28.7056,40.99532]],[[28.70502,40.99509],[28.70515,40.99522]],[[28.70491,40.99511],[28.70496,40.99508],[28.70499,40.99506],[28.70502,40.99509],[28.70502,40.99509]],[[28.7123,40.9915],[28.71254,40.99139],[28.71279,40.99126],[28.71312,40.99107],[28.71347,40.99087],[28.71381,40.99066],[28.71403,40.99054],[28.71417,40.99046],[28.71452,40.99025],[28.71523,40.98979]],[[28.71523,40.98979],[28.71421,40.99033],[28.71401,40.99044],[28.71346,40.99076],[28.71301,40.99103],[28.71251,40.99136],[28.7123,40.9915]],[[28.7123,40.9915],[28.70983,40.99294],[28.70845,40.99374]],[[28.70488,40.99575],[28.70519,40.9956],[28.70576,40.9953],[28.70636,40.99495],[28.70697,40.99462],[28.70714,40.99453],[28.70791,40.99409],[28.70817,40.99394],[28.70845,40.99374]],[[28.70845,40.99374],[28.70638,40.99483],[28.70604,40.99501],[28.70586,40.99511],[28.7052,40.99553],[28.70488,40.99575]],[[28.70488,40.99575],[28.70405,40.99627],[28.70227,40.99736],[28.70089,40.99824],[28.70031,40.99859],[28.69971,40.99894]],[[28.69971,40.99894],[28.69948,40.99907],[28.69923,40.99919],[28.69902,40.9993]],[[28.69902,40.9993],[28.69868,40.99944],[28.69842,40.99953],[28.69811,40.99962],[28.69768,40.99973],[28.69728,40.9998],[28.69679,40.99987],[28.69634,40.9999],[28.69594,40.99989],[28.69558,40.99987],[28.69539,40.99986],[28.69471,40.99979]],[[28.69114,41.00009],[28.69158,41.0],[28.69198,40.99991],[28.69273,40.99979],[28.693,40.99977],[28.69311,40.99976],[28.69362,40.99975],[28.69407,40.99977],[28.69471,40.99979]],[[28.69471,40.99979],[28.69408,40.9997],[28.69365,40.99968],[28.6932,40.99967],[28.69299,40.99968],[28.69278,40.9997],[28.69242,40.99974],[28.69214,40.99979],[28.69208,40.9998],[28.6917,40.99989],[28.69142,40.99998],[28.69114,41.00009]],[[28.69114,41.00009],[28.69087,41.00019],[28.69059,41.0003],[28.69032,41.00042],[28.69007,41.00054],[28.68981,41.0007],[28.68957,41.00085],[28.68923,41.0011],[28.68899,41.0013],[28.68876,41.00149],[28.68775,41.00233],[28.68656,41.00332]],[[28.7056,40.99532],[28.70565,40.99529],[28.7057,40.99526],[28.70582,40.99518]],[[28.70502,40.99509],[28.70516,40.99522]],[[28.70609,40.99542],[28.70622,40.99535]],[[28.70625,40.99527],[28.70628,40.9953],[28.70622,40.99535]],[[28.71322,40.99095],[28.71336,40.99087]],[[28.71343,40.99058],[28.71334,40.9905],[28.71328,40.99044],[28.71316,40.99044]],[[28.71316,40.99044],[28.71325,40.99051]],[[28.71325,40.99051],[28.71333,40.99058]],[[28.71334,40.99057],[28.71333,40.99058],[28.71333,40.99058],[28.71334,40.99059],[28.71352,40.99076],[28.71355,40.99079],[28.71373,40.99099],[28.71372,40.991]],[[28.71394,40.99089],[28.71373,40.99099]],[[28.71391,40.99082],[28.71395,40.99085],[28.71397,40.99087],[28.71396,40.99088],[28.71394,40.99089]],[[28.72528,40.98388],[28.72523,40.98394],[28.7243,40.98453]],[[28.7243,40.98453],[28.72425,40.98459],[28.72423,40.98464],[28.72423,40.98469]],[[28.72423,40.98469],[28.72433,40.98461],[28.7246,40.98444],[28.72519,40.98409],[28.72587,40.98369],[28.72623,40.9835]],[[28.72623,40.9835],[28.72667,40.98325]],[[28.72667,40.98325],[28.72689,40.98312],[28.72769,40.98259],[28.7282,40.98227],[28.7286,40.98198]],[[28.7286,40.98198],[28.72763,40.98251],[28.72734,40.98268],[28.72674,40.98304],[28.72607,40.98342]],[[28.72607,40.98342],[28.72528,40.98388]],[[28.72528,40.98388],[28.72519,40.9839],[28.72428,40.98448],[28.72258,40.98552],[28.72218,40.98576],[28.721,40.98644]],[[28.721,40.98644],[28.72221,40.98585],[28.72286,40.98549],[28.72454,40.98455],[28.72562,40.98388],[28.72623,40.9835]],[[28.721,40.98644],[28.72085,40.98651],[28.72017,40.98688],[28.71957,40.98721],[28.71842,40.9879],[28.71665,40.98894],[28.71523,40.98979]],[[28.72435,40.9849],[28.72431,40.98483],[28.72423,40.98469]],[[28.72592,40.984],[28.72586,40.98411],[28.72584,40.98422],[28.72581,40.98432],[28.72569,40.98448],[28.72522,40.98482],[28.72505,40.98494],[28.72491,40.98503],[28.7248,40.98506],[28.72469,40.98505],[28.72442,40.98495],[28.72435,40.9849]],[[28.7253,40.98446],[28.72535,40.98438],[28.72553,40.98423],[28.72566,40.98415],[28.72592,40.984]],[[28.72435,40.9849],[28.72441,40.98491],[28.72453,40.98496],[28.7247,40.98501],[28.72481,40.98502],[28.72489,40.98499],[28.72501,40.98491],[28.72519,40.98478],[28.72524,40.9847],[28.7253,40.98446]],[[28.72395,40.98482],[28.72435,40.9849]],[[28.72221,40.98585],[28.72301,40.98535],[28.7238,40.9849],[28.72395,40.98482]],[[28.72722,40.98343],[28.72709,40.98342],[28.72696,40.98345],[28.72592,40.984]],[[28.7243,40.98453],[28.72382,40.98481],[28.72265,40.98552],[28.72218,40.98576]],[[28.72395,40.98482],[28.72391,40.98481],[28.72382,40.98481]],[[28.72689,40.98312],[28.72689,40.98309],[28.72686,40.98306],[28.7268,40.98305],[28.72674,40.98304]],[[28.72569,40.98373],[28.7255,40.98384]],[[28.72499,40.98383],[28.72493,40.98377],[28.72488,40.98372]],[[28.72488,40.98372],[28.72506,40.98362]],[[28.72506,40.98362],[28.72507,40.98364],[28.72537,40.98392],[28.72558,40.98415],[28.72568,40.98426],[28.72569,40.98427],[28.72572,40.98431],[28.72587,40.98448],[28.72591,40.98446]],[[28.72541,40.98424],[28.72558,40.98415]],[[28.73026,40.98101],[28.72889,40.98181],[28.7286,40.98198]],[[28.73026,40.98101],[28.73056,40.98086],[28.73083,40.98072],[28.73145,40.98037],[28.73273,40.97962],[28.73323,40.97933],[28.73403,40.97887],[28.73443,40.97863]],[[28.73443,40.97863],[28.73374,40.97896],[28.73314,40.97929],[28.73172,40.98011],[28.73078,40.98066],[28.73026,40.98101]],[[28.73164,40.98067],[28.73158,40.98071]],[[28.73158,40.98071],[28.73148,40.98061]],[[28.73111,40.9802],[28.73109,40.98021],[28.7311,40.98023],[28.73129,40.98042],[28.73148,40.98061],[28.7315,40.9806]],[[28.73107,40.98022],[28.73097,40.98027],[28.73099,40.98029],[28.7311,40.98023]],[[28.73443,40.97863],[28.73488,40.97844],[28.73522,40.9783],[28.7357,40.97813],[28.73619,40.97797],[28.73646,40.97789],[28.73672,40.97782],[28.7372,40.9777],[28.73769,40.97761],[28.73827,40.9775],[28.73897,40.97741],[28.73947,40.97737],[28.74014,40.97733],[28.74052,40.97733],[28.74089,40.97733],[28.74216,40.97739],[28.74303,40.97752]],[[28.74303,40.97752],[28.74361,40.97762],[28.7441,40.97775],[28.74456,40.97788],[28.74519,40.97809],[28.74584,40.9783],[28.74664,40.97855],[28.74701,40.97867],[28.74754,40.97883]],[[28.74754,40.97883],[28.74699,40.97862],[28.74586,40.97823],[28.74521,40.97801],[28.74463,40.97783],[28.7445,40.97779],[28.74406,40.97769],[28.74339,40.97755],[28.74303,40.97752]],[[28.7451,40.97824],[28.74509,40.97826]],[[28.74509,40.97826],[28.74523,40.97831]],[[28.7455,40.97783],[28.74552,40.97784],[28.74539,40.97806],[28.74536,40.9781],[28.74523,40.97831],[28.74525,40.97832]],[[28.74874,40.97925],[28.74754,40.97883]],[[28.74928,40.97944],[28.74874,40.97925]],[[28.76775,40.98595],[28.76732,40.98581],[28.76686,40.98564],[28.76597,40.98531],[28.76511,40.98499],[28.7645,40.98477],[28.76343,40.98442],[28.7616,40.98378],[28.7603,40.98332],[28.75924,40.98294],[28.75677,40.98208],[28.75562,40.98168],[28.75286,40.98071],[28.75126,40.98015],[28.75039,40.97984],[28.74928,40.97944]],[[28.76775,40.98595],[28.76788,40.98601],[28.76804,40.98606],[28.76844,40.98617],[28.76881,40.98627],[28.76917,40.98635],[28.76941,40.9864],[28.76953,40.98643],[28.76982,40.98648],[28.77033,40.98655],[28.77066,40.98657],[28.77115,40.98659],[28.77178,40.98658],[28.77194,40.98657],[28.7721,40.98656]],[[28.7721,40.98656],[28.77181,40.98655],[28.7715,40.98654],[28.77099,40.98653],[28.7706,40.9865],[28.76976,40.98639],[28.76967,40.98637],[28.76933,40.98631],[28.76898,40.98624],[28.76853,40.98614],[28.76806,40.98602],[28.76792,40.98599],[28.76775,40.98595]],[[28.7738,40.98653],[28.7721,40.98656]],[[28.77449,40.9865],[28.7738,40.98653]],[[28.78051,40.98534],[28.77992,40.98537],[28.77944,40.98543],[28.77901,40.9855],[28.77863,40.98558],[28.77735,40.98594],[28.77706,40.98604],[28.77672,40.98612],[28.77629,40.98622],[28.77574,40.98633],[28.77546,40.98638],[28.77522,40.98642],[28.77489,40.98647],[28.77449,40.9865]],[[28.78051,40.98534],[28.78131,40.98536],[28.78189,40.98536],[28.78246,40.98538],[28.78282,40.98539],[28.78318,40.98542],[28.78347,40.98545],[28.78418,40.98558],[28.78486,40.98572],[28.78508,40.98577],[28.7856,40.9859],[28.78641,40.98609],[28.78713,40.98627],[28.78743,40.98637],[28.7879,40.98651],[28.78841,40.98669],[28.78887,40.98687],[28.7889,40.98688],[28.78925,40.98703],[28.78977,40.98729],[28.79016,40.9875],[28.79063,40.98778],[28.79099,40.98803],[28.79149,40.98837],[28.79214,40.98891]],[[28.79214,40.98891],[28.79156,40.98837],[28.79088,40.98783],[28.79073,40.98773],[28.79023,40.98744],[28.78949,40.98706],[28.78926,40.98695],[28.78897,40.98683],[28.78869,40.98671],[28.78822,40.98654],[28.78816,40.98652],[28.78759,40.98634],[28.78696,40.98616],[28.78644,40.98602],[28.78588,40.98588],[28.7849,40.98565],[28.7842,40.98551],[28.78362,40.9854],[28.78296,40.98532],[28.78268,40.98529],[28.78198,40.98528],[28.78051,40.98534]],[[28.78203,40.98553],[28.7819,40.98562],[28.78179,40.98583],[28.78173,40.98584],[28.7817,40.9858]],[[28.78247,40.98486],[28.78244,40.98487],[28.78244,40.9849],[28.78209,40.98533],[28.78189,40.98559]],[[28.78195,40.98561],[28.78189,40.98559],[28.78187,40.98558],[28.78185,40.98561]],[[28.78175,40.9858],[28.78185,40.98561]],[[28.78173,40.98584],[28.78175,40.9858]],[[28.78248,40.98534],[28.7822,40.98533]],[[28.7453,40.97806],[28.74576,40.97821]],[[28.71325,40.99051],[28.71326,40.99051],[28.71333,40.99058]],[[28.73145,40.98032],[28.73143,40.98033]],[[28.73158,40.98024],[28.73145,40.98032]],[[28.73158,40.98024],[28.73158,40.98025],[28.73143,40.98034],[28.73142,40.98034],[28.73141,40.98034]],[[28.73141,40.98034],[28.73139,40.98036],[28.73136,40.98037],[28.73132,40.9804],[28.73129,40.98042]],[[28.79534,40.9955],[28.79532,40.9954],[28.79517,40.99506],[28.79504,40.9947],[28.79498,40.99454],[28.79481,40.99401],[28.79472,40.99374],[28.79462,40.99345],[28.79447,40.99298],[28.79435,40.99269]],[[28.79435,40.99269],[28.79442,40.99298],[28.79445,40.99312],[28.7946,40.99367],[28.79467,40.99387],[28.79486,40.99448],[28.79488,40.9946],[28.79491,40.99467],[28.79495,40.99479],[28.79505,40.99501],[28.79511,40.99515],[28.79527,40.99541],[28.79534,40.9955]],[[28.79737,40.99784],[28.79698,40.99752],[28.79663,40.99719],[28.79637,40.99691],[28.79614,40.99665],[28.796,40.99648],[28.7957,40.9961],[28.79552,40.99582],[28.79541,40.99562],[28.79534,40.9955]],[[28.79737,40.99784],[28.79753,40.998],[28.79869,40.99876],[28.79886,40.99887],[28.7993,40.99912],[28.7998,40.99942],[28.80031,40.99968],[28.80043,40.99973],[28.80109,40.99997]],[[28.80109,40.99997],[28.80045,40.99968],[28.80022,40.99956],[28.79941,40.9991],[28.79888,40.99875],[28.79796,40.9982],[28.79793,40.99818],[28.79737,40.99784]],[[28.80109,40.99997],[28.80164,41.00017],[28.80196,41.00027],[28.80224,41.00034],[28.80267,41.00045],[28.80308,41.00053],[28.80346,41.00058],[28.80384,41.00064],[28.80431,41.00069],[28.80476,41.00073],[28.80539,41.00073],[28.80619,41.00068],[28.8065,41.00064],[28.8068,41.00059],[28.80709,41.00054],[28.80738,41.00048],[28.80801,41.00034],[28.80862,41.00018],[28.80912,41.00004],[28.80957,40.99989],[28.81038,40.99956],[28.81095,40.99925],[28.81124,40.99909],[28.8116,40.99886],[28.81191,40.99863],[28.81232,40.99831],[28.8127,40.99797],[28.81315,40.9975],[28.8135,40.99707],[28.81383,40.99664],[28.81413,40.99624],[28.81442,40.99585],[28.81459,40.99565],[28.81477,40.99545],[28.815,40.99524],[28.81524,40.99503],[28.81559,40.99478],[28.81596,40.99456],[28.81624,40.99441],[28.81653,40.99429]],[[28.81653,40.99429],[28.81669,40.99424],[28.81707,40.9941],[28.81737,40.99401],[28.81797,40.99381]],[[28.81797,40.99381],[28.81842,40.99368],[28.81866,40.99361],[28.819,40.99352],[28.81937,40.99343]],[[28.81937,40.99343],[28.81967,40.99337],[28.81995,40.99333],[28.82019,40.99329],[28.82078,40.99321],[28.82159,40.99315]],[[28.82159,40.99315],[28.8219,40.99313]],[[28.8219,40.99313],[28.82261,40.99308],[28.82332,40.993]],[[28.82332,40.993],[28.82262,40.99303],[28.82192,40.99306]],[[28.82192,40.99306],[28.82162,40.99308]],[[28.82162,40.99308],[28.82062,40.99314],[28.82027,40.99317],[28.81991,40.99322],[28.81965,40.99326],[28.81933,40.99333]],[[28.81933,40.99333],[28.81902,40.99341],[28.81859,40.99352],[28.81791,40.99373]],[[28.81791,40.99373],[28.81753,40.99387],[28.81668,40.9942],[28.81653,40.99429]],[[28.79435,40.99269],[28.79413,40.99201],[28.79403,40.99175],[28.7939,40.99143],[28.79377,40.99113],[28.79338,40.99043],[28.79265,40.98947]],[[28.79265,40.98947],[28.79214,40.98891]],[[28.82332,40.993],[28.82362,40.99298],[28.82447,40.99293],[28.82527,40.99288],[28.82602,40.99284],[28.82673,40.9928],[28.82788,40.99273],[28.82827,40.99271],[28.82905,40.99267],[28.82987,40.99262],[28.83037,40.9926]],[[28.83037,40.9926],[28.83102,40.9926],[28.83314,40.99249],[28.83369,40.99246],[28.83414,40.99243],[28.83457,40.9924],[28.83537,40.99234],[28.83606,40.9923],[28.83681,40.99225],[28.83768,40.9922],[28.83806,40.99216]],[[28.83806,40.99216],[28.8377,40.99215],[28.83703,40.99219],[28.83521,40.99228],[28.83455,40.99233],[28.83408,40.99235],[28.83312,40.99241],[28.83302,40.99242],[28.83161,40.9925],[28.83119,40.99253],[28.83037,40.9926]],[[28.83806,40.99216],[28.84023,40.99203],[28.84087,40.992],[28.84167,40.99195],[28.84306,40.99186],[28.84325,40.99185]],[[28.84813,40.99167],[28.84783,40.99165],[28.84716,40.99165],[28.8463,40.99167],[28.84572,40.9917],[28.84545,40.99171],[28.84418,40.99178],[28.84325,40.99185]],[[28.84325,40.99185],[28.84442,40.99184],[28.84553,40.99178],[28.84596,40.99176],[28.84688,40.99173],[28.8471,40.99172],[28.84784,40.99169],[28.84813,40.99167]],[[28.84813,40.99167],[28.84883,40.99169],[28.84897,40.9917],[28.85001,40.99176],[28.85065,40.99182],[28.85156,40.99192],[28.85234,40.99203],[28.85311,40.99216],[28.85357,40.99225],[28.85428,40.9924],[28.85493,40.99255],[28.85571,40.99276],[28.85734,40.99324],[28.85827,40.99352],[28.8587,40.99364],[28.85974,40.99396],[28.86079,40.99427],[28.86137,40.99444]],[[28.86579,40.99578],[28.86534,40.99561],[28.86449,40.99532],[28.86346,40.99501],[28.86316,40.99492],[28.86304,40.99488],[28.86241,40.99471],[28.86182,40.99455],[28.86137,40.99444]],[[28.86137,40.99444],[28.8618,40.99459],[28.86238,40.99477],[28.86282,40.9949],[28.86346,40.99508],[28.86391,40.99522],[28.86444,40.99538],[28.86532,40.99565],[28.86579,40.99578]],[[28.86579,40.99578],[28.8675,40.99636],[28.8686,40.99677],[28.86923,40.99699],[28.86968,40.99714],[28.86978,40.99717]],[[28.86978,40.99717],[28.86993,40.99722]],[[28.86993,40.99722],[28.87015,40.99728]],[[28.87015,40.99728],[28.87041,40.99737],[28.87076,40.99746],[28.87108,40.99754],[28.87215,40.99781],[28.87441,40.99843],[28.87468,40.9985],[28.87499,40.99859],[28.87553,40.9987],[28.87582,40.99875]],[[28.87582,40.99875],[28.87545,40.99862],[28.87469,40.99841],[28.87415,40.99827],[28.87348,40.99809],[28.87149,40.99758],[28.87082,40.99741],[28.87055,40.99735],[28.87015,40.99728]],[[28.87582,40.99875],[28.87664,40.99898],[28.87713,40.99912],[28.87845,40.99952],[28.879,40.99968],[28.87948,40.99983],[28.8802,41.00004],[28.88056,41.00015],[28.88091,41.00025],[28.88239,41.0007],[28.88292,41.00086],[28.88338,41.00099],[28.88366,41.00108],[28.88397,41.00117],[28.88442,41.00131],[28.88465,41.00138]],[[28.88465,41.00138],[28.88492,41.00147]],[[28.88492,41.00147],[28.88578,41.00172],[28.8867,41.00199],[28.88794,41.00235],[28.88845,41.00251],[28.88877,41.0026]],[[28.89234,41.00422],[28.89226,41.00414],[28.89201,41.00395],[28.89159,41.0037],[28.89139,41.0036],[28.89127,41.00354],[28.89097,41.0034],[28.89078,41.0033],[28.89062,41.00323],[28.89048,41.00316],[28.89017,41.00303],[28.88993,41.00293],[28.88976,41.00286],[28.88956,41.0028],[28.88924,41.0027],[28.88877,41.0026]],[[28.88877,41.0026],[28.88924,41.00277],[28.88955,41.00288],[28.88974,41.00294],[28.89012,41.00309],[28.89045,41.00325],[28.89071,41.00337],[28.8909,41.00347],[28.89114,41.00358],[28.89138,41.00369],[28.89153,41.00377],[28.89224,41.00417],[28.89234,41.00422]],[[28.89555,41.00641],[28.89466,41.00583],[28.89377,41.00523],[28.89349,41.00503],[28.89323,41.00486],[28.89278,41.00452],[28.89263,41.00442],[28.89234,41.00422]],[[28.89994,41.00936],[28.89971,41.00919],[28.89897,41.00869],[28.8983,41.00822],[28.89806,41.00806],[28.89747,41.00764],[28.89734,41.00756],[28.89715,41.00743],[28.89705,41.00737],[28.89682,41.00721],[28.89555,41.00641]],[[28.9091,41.01532],[28.90852,41.01497],[28.90806,41.0147],[28.90775,41.01451],[28.90726,41.01422],[28.90686,41.01398],[28.90666,41.01386],[28.90547,41.01312],[28.90517,41.01293],[28.90452,41.01251],[28.90426,41.01233],[28.90383,41.01204],[28.9034,41.01175],[28.90319,41.01161],[28.90285,41.01139],[28.90245,41.01111],[28.90192,41.01074],[28.90153,41.01048],[28.90123,41.01027],[28.90094,41.01009],[28.90066,41.00988],[28.90035,41.00966],[28.90003,41.00943],[28.89994,41.00936]],[[28.91119,41.01656],[28.91105,41.01647],[28.91102,41.01645],[28.91087,41.01636],[28.91012,41.01592],[28.9091,41.01532]],[[28.91288,41.01757],[28.91225,41.0172],[28.91197,41.01704],[28.91169,41.01687],[28.91119,41.01656]],[[28.91675,41.01992],[28.91626,41.01962],[28.9158,41.01935],[28.91516,41.01897],[28.91398,41.01824],[28.91347,41.01792],[28.91319,41.01775],[28.91288,41.01757]],[[28.91693,41.02003],[28.91675,41.01992]],[[28.91792,41.02064],[28.91724,41.02022],[28.91693,41.02003]],[[28.92296,41.02622],[28.92287,41.02604],[28.92263,41.02557],[28.92245,41.02524],[28.92234,41.02507],[28.92224,41.02492],[28.9216,41.02402],[28.9214,41.02378],[28.9212,41.02353],[28.92114,41.02346],[28.92059,41.02287],[28.92035,41.02263],[28.9201,41.0224],[28.91976,41.02207],[28.91935,41.02172],[28.91841,41.02099],[28.91792,41.02064]],[[28.92395,41.0285],[28.92363,41.02774],[28.9235,41.02743],[28.92339,41.02718],[28.92327,41.0269],[28.92296,41.02622]],[[28.92418,41.029],[28.92404,41.02869],[28.92395,41.0285]],[[28.93166,41.03467],[28.93096,41.03421],[28.93048,41.03391],[28.9303,41.0338],[28.92957,41.03339],[28.92923,41.0332],[28.92888,41.03302],[28.9282,41.03272],[28.92772,41.03248],[28.92722,41.03221],[28.92685,41.03199],[28.92661,41.03181],[28.9261,41.0314],[28.92577,41.03111],[28.92546,41.03082],[28.92531,41.03066],[28.92513,41.03046],[28.92497,41.03027],[28.92482,41.03006],[28.92458,41.02969],[28.92444,41.02944],[28.92418,41.029]],[[28.93571,41.03738],[28.93524,41.03707],[28.93409,41.0363],[28.93361,41.03598],[28.93298,41.03556],[28.9319,41.03484],[28.93166,41.03467]],[[28.93615,41.03767],[28.93571,41.03738]],[[28.93907,41.04019],[28.93899,41.04008],[28.93888,41.03994],[28.93851,41.03952],[28.93835,41.03935],[28.93813,41.03913],[28.93791,41.03893],[28.93776,41.0388],[28.93767,41.03872],[28.93731,41.03844],[28.93702,41.03823],[28.93615,41.03767]],[[28.93613,41.03772],[28.93638,41.0379],[28.93659,41.03804],[28.93702,41.03833],[28.93759,41.03879],[28.93796,41.03911],[28.93831,41.03944],[28.93844,41.03956],[28.93847,41.03959],[28.93872,41.03985],[28.93894,41.04008],[28.93907,41.04019]],[[28.93567,41.03741],[28.93613,41.03772]],[[28.92857,41.03297],[28.92927,41.03332],[28.92938,41.03337],[28.92962,41.03352],[28.92996,41.03373],[28.93163,41.03473],[28.93183,41.03485],[28.93208,41.03502],[28.93264,41.03539],[28.93293,41.03559],[28.93381,41.03617],[28.93404,41.03632],[28.9352,41.03709],[28.93567,41.03741]],[[28.9241,41.02906],[28.92436,41.02961],[28.9245,41.02984],[28.92463,41.03003],[28.92471,41.03015],[28.92477,41.03022],[28.92493,41.03043],[28.92515,41.03069],[28.92527,41.03083],[28.92534,41.03091],[28.92554,41.03109],[28.92587,41.03138],[28.92616,41.03161],[28.92629,41.03171],[28.92652,41.03184],[28.92668,41.03195],[28.9272,41.03225],[28.92751,41.03243],[28.92857,41.03297]],[[28.92386,41.02856],[28.9241,41.02906]],[[28.92291,41.02623],[28.92307,41.02658],[28.92319,41.02686],[28.92325,41.02701],[28.92336,41.02728],[28.92345,41.0275],[28.92354,41.02775],[28.92386,41.02856]],[[28.91783,41.0207],[28.91842,41.0211],[28.91947,41.02193],[28.91967,41.02211],[28.92008,41.02248],[28.92053,41.02294],[28.92065,41.02305],[28.92092,41.02335],[28.92129,41.02378],[28.92155,41.0241],[28.9218,41.02442],[28.9222,41.025],[28.92238,41.02527],[28.9225,41.02546],[28.92269,41.02579],[28.92278,41.02595],[28.92286,41.02613],[28.92291,41.02623]],[[28.91688,41.02007],[28.91718,41.02027],[28.91783,41.0207]],[[28.91669,41.01995],[28.91688,41.02007]],[[28.91275,41.01759],[28.91311,41.01779],[28.91335,41.01794],[28.91379,41.01819],[28.91453,41.01866],[28.91526,41.0191],[28.91555,41.01926],[28.9163,41.01971],[28.91669,41.01995]],[[28.91174,41.01698],[28.91219,41.01725],[28.91275,41.01759]],[[28.9096,41.01568],[28.91022,41.01606],[28.91073,41.01637],[28.91096,41.01652],[28.9114,41.01679],[28.91174,41.01698]],[[28.89988,41.00942],[28.90019,41.00965],[28.90057,41.0099],[28.90085,41.0101],[28.90116,41.01031],[28.90148,41.01054],[28.90188,41.0108],[28.9024,41.01115],[28.90279,41.01142],[28.90334,41.01178],[28.90377,41.01209],[28.90421,41.01238],[28.90454,41.01263],[28.9049,41.01288],[28.90536,41.01321],[28.90552,41.01331],[28.90582,41.01351],[28.90594,41.01358],[28.90635,41.01383],[28.90676,41.0141],[28.90704,41.01426],[28.90753,41.01454],[28.90791,41.01475],[28.90798,41.01478],[28.90809,41.01483],[28.90843,41.015],[28.90901,41.01532],[28.90946,41.0156],[28.9096,41.01568]],[[28.89555,41.00641],[28.89611,41.00681],[28.89683,41.00731],[28.89712,41.0075],[28.89739,41.00769],[28.89789,41.00802],[28.89809,41.00815],[28.89822,41.00824],[28.8983,41.0083],[28.89893,41.00874],[28.89965,41.00923],[28.89988,41.00942]],[[28.93907,41.04019],[28.94052,41.04191],[28.94115,41.04267],[28.94152,41.04311],[28.94193,41.04362],[28.94216,41.0439],[28.94285,41.04476],[28.94347,41.04555],[28.94367,41.04581],[28.94385,41.04604]],[[28.94508,41.04747],[28.94475,41.04711],[28.94394,41.04611],[28.94385,41.04604]],[[28.94988,41.05127],[28.9498,41.05119],[28.9497,41.05113],[28.94937,41.05094],[28.94904,41.05076],[28.94867,41.05053],[28.94837,41.05034],[28.94801,41.0501],[28.94772,41.04989],[28.94741,41.04963],[28.94683,41.04915],[28.94663,41.04898],[28.94617,41.04856],[28.9459,41.04832],[28.94584,41.04828],[28.94567,41.04809],[28.94508,41.04747]],[[28.945,41.0475],[28.94538,41.04794],[28.94549,41.04806],[28.9458,41.04837],[28.94619,41.04874],[28.94648,41.049],[28.94662,41.04912],[28.94665,41.04914],[28.94698,41.04941],[28.94734,41.04969],[28.94749,41.04979],[28.94769,41.04993],[28.94792,41.05008],[28.94817,41.05026],[28.94832,41.05036],[28.9485,41.05048],[28.94905,41.05081],[28.94923,41.05092],[28.94945,41.05105],[28.94966,41.05116],[28.94977,41.05122],[28.94988,41.05127]],[[28.94385,41.04604],[28.94389,41.04613],[28.94463,41.04708],[28.945,41.0475]],[[28.94988,41.05127],[28.95057,41.0516],[28.95101,41.0518],[28.95207,41.05224],[28.95347,41.05278]],[[28.95347,41.05278],[28.95483,41.05338],[28.95566,41.05371],[28.95651,41.05408],[28.95717,41.05436],[28.95787,41.05469],[28.95836,41.05493],[28.95851,41.05501],[28.959,41.05526],[28.95926,41.0554],[28.95947,41.05551],[28.95993,41.05579]],[[28.95993,41.05579],[28.96061,41.05618]],[[28.96061,41.05618],[28.96142,41.05669],[28.96167,41.05686],[28.96215,41.05717],[28.96246,41.05738],[28.9629,41.05769],[28.96321,41.05793],[28.96328,41.05799],[28.96357,41.05819]],[[28.96357,41.05819],[28.96334,41.05797],[28.96315,41.05782],[28.96288,41.05762],[28.96253,41.05736],[28.96222,41.05713],[28.96154,41.05668],[28.96136,41.05656],[28.96088,41.05624],[28.96066,41.05611]],[[28.96066,41.05611],[28.95999,41.05572]],[[28.95999,41.05572],[28.95933,41.05537],[28.95918,41.0553],[28.95853,41.05496],[28.9579,41.05465],[28.95771,41.05455],[28.95658,41.05404],[28.9559,41.05375],[28.95482,41.05332],[28.95347,41.05278]],[[28.96357,41.05819],[28.96437,41.05884],[28.96492,41.05933]],[[28.96492,41.05933],[28.965,41.05943],[28.96528,41.0597],[28.96578,41.06019],[28.96632,41.06075],[28.96647,41.06092],[28.967,41.06153],[28.96719,41.06176],[28.96766,41.06233],[28.9685,41.06334],[28.96872,41.06361],[28.96925,41.06425],[28.96955,41.06459],[28.96992,41.06497],[28.97033,41.06533],[28.97064,41.06558],[28.97105,41.06588],[28.97144,41.0661],[28.97163,41.0662],[28.97189,41.06633],[28.97221,41.06649],[28.97262,41.06668],[28.97312,41.06687],[28.97356,41.06703],[28.9738,41.0671],[28.97405,41.06717],[28.97427,41.06723],[28.97455,41.06729],[28.97498,41.06735],[28.97541,41.06739],[28.97617,41.06746],[28.97643,41.06747],[28.9766,41.06747],[28.97668,41.06747],[28.97805,41.06747]],[[28.97805,41.06747],[28.97887,41.06745]],[[28.97887,41.06745],[28.97993,41.06743],[28.98153,41.06737],[28.9819,41.06736],[28.98236,41.06734],[28.98352,41.06729],[28.98474,41.06726],[28.98504,41.06723]],[[28.98504,41.06723],[28.98473,41.06722],[28.98363,41.06725],[28.98283,41.06727],[28.98234,41.06728],[28.98058,41.06733],[28.97993,41.06734],[28.97887,41.0674]],[[28.97887,41.0674],[28.97804,41.06742]],[[28.97804,41.06742],[28.97729,41.06742],[28.97662,41.0674],[28.97623,41.06739],[28.97602,41.06738],[28.97585,41.06737],[28.9754,41.06732],[28.97508,41.06729],[28.97445,41.06719],[28.97403,41.0671],[28.9737,41.06702],[28.97345,41.06693],[28.97318,41.06684],[28.97296,41.06677],[28.97247,41.06655],[28.97205,41.06635],[28.97182,41.06624],[28.97145,41.06604],[28.97113,41.06586],[28.97091,41.06571],[28.97068,41.06555],[28.97027,41.06521],[28.96987,41.06486],[28.96948,41.06444],[28.96904,41.06392],[28.96881,41.06364],[28.96875,41.06355],[28.96857,41.06332],[28.96851,41.06323],[28.96833,41.06298],[28.96786,41.0624],[28.96742,41.0619],[28.96726,41.06172],[28.96652,41.06089],[28.96575,41.06008],[28.96537,41.05972],[28.96503,41.0594],[28.96492,41.05933]],[[28.98653,41.06718],[28.98577,41.06721],[28.98504,41.06723]],[[28.98809,41.06712],[28.98653,41.06718]],[[28.98828,41.06711],[28.98809,41.06712]],[[28.98828,41.06711],[28.9885,41.06712],[28.98877,41.06712],[28.99005,41.06703],[28.99084,41.06699],[28.99124,41.06696],[28.9919,41.06691],[28.99243,41.06687]],[[28.99243,41.06687],[28.99286,41.06684],[28.99302,41.06683],[28.99317,41.06681]],[[28.99317,41.06681],[28.99344,41.06679],[28.99396,41.06675],[28.99421,41.0667]],[[28.99421,41.0667],[28.99316,41.06673]],[[28.99316,41.06673],[28.99292,41.06673],[28.9927,41.06674],[28.99239,41.06676]],[[28.99239,41.06676],[28.99124,41.06685],[28.99107,41.06686],[28.99101,41.06687],[28.99052,41.06694],[28.99023,41.06698],[28.99005,41.067],[28.98927,41.06705],[28.9885,41.06709],[28.98828,41.06711]],[[28.99421,41.0667],[28.99442,41.06668],[28.9946,41.06668],[28.99543,41.06664],[28.99604,41.06661],[28.99643,41.0666],[28.99817,41.06659],[28.9991,41.06657],[28.99992,41.06656],[29.00077,41.06658],[29.00159,41.0666],[29.00195,41.06663],[29.00223,41.06664],[29.00333,41.06674],[29.00459,41.06684]],[[29.00459,41.06684],[29.00504,41.06687],[29.00548,41.06689],[29.00614,41.06693],[29.00671,41.06694],[29.0073,41.06694],[29.00846,41.06694],[29.00903,41.06694],[29.00961,41.06693],[29.01008,41.06691]],[[29.01008,41.06691],[29.01039,41.0669],[29.01063,41.06689],[29.01087,41.06686],[29.01108,41.06684],[29.01128,41.0668],[29.01147,41.06676],[29.01175,41.0667],[29.01204,41.06661],[29.01249,41.06646]],[[29.01278,41.06654],[29.01269,41.06649],[29.0126,41.06646],[29.01249,41.06646]],[[29.01289,41.06675],[29.01287,41.06669],[29.01278,41.06654]],[[29.01309,41.0664],[29.01261,41.06663],[29.01252,41.0667],[29.01248,41.06674],[29.01246,41.06677],[29.01247,41.06685],[29.0125,41.0669],[29.01256,41.06693],[29.01266,41.06696],[29.01274,41.06696],[29.01284,41.06695],[29.01288,41.0669],[29.0129,41.06684],[29.0129,41.06679],[29.01289,41.06675]],[[29.01259,41.0661],[29.01292,41.06594]],[[29.01251,41.06601],[29.01242,41.06589],[29.01239,41.06585],[29.01234,41.06582],[29.01228,41.06579],[29.01222,41.06577],[29.01214,41.06576],[29.01208,41.06576],[29.01195,41.06579],[29.01188,41.06582],[29.01186,41.06586],[29.01182,41.0659],[29.01181,41.06596],[29.01182,41.06603],[29.01184,41.06608],[29.01187,41.06613],[29.01197,41.06619],[29.01206,41.06622],[29.01217,41.06623],[29.0123,41.06623],[29.01243,41.06618],[29.01259,41.0661]],[[29.0126,41.0662],[29.01251,41.06601]],[[29.01249,41.06646],[29.01257,41.06639],[29.01259,41.06632],[29.0126,41.0662]],[[28.62602,41.02229],[28.62586,41.02227],[28.62569,41.02231]],[[28.62611,41.02208],[28.62611,41.02213],[28.62614,41.02219],[28.62624,41.02224]]]}}]}